candidates/incident_74816/candidate_1/incident_74816_candidate_1_mask.tif
candidates/incident_74816/candidate_2/incident_74816_candidate_2_slope.tif
candidates/incident_74816/candidate_1/incident_74816_candidate_1_slope.tif
candidates/incident_74816/candidate_2/incident_74816_candidate_2_mask.tif
candidates/incident_74816/candidate_3/incident_74816_candidate_3_mask.tif
candidates/incident_74816/candidate_3/incident_74816_candidate_3_slope.tif
candidates/incident_74816/candidate_2/incident_74816_candidate_2_before.tif
candidates/incident_74816/candidate_1/incident_74816_candidate_1_before.tif
candidates/incident_74816/candidate_1/incident_74816_candidate_1_after.tif
candidates/incident_74816/candidate_3/incident_74816_candidate_3_before.tif
candidates/incident_74816/candidate_4/incident_74816_candidate_4_after.tif
candidates/incident_74816/candidate_4/incident_74816_candidate_4_before.tif
candidates/incident_74816/candidate_3/incident_74816_candidate_3_after.tif
candidates/incident_74816/candidate_2/incident_74816_candidate_2_after.tif
candidates/incident_74816/candidate_4/incident_74816_candidate_4_mask.tif
candidates/incident_74816/candidate_4/incident_74816_candidate_4_slope.tif
candidates/incident_74816/candidate_5/incident_74816_candidate_5_mask.tif
candidates/incident_74816/candidate_5/incident_74816_candidate_5_slope.tif
candidates/incident_74816/candidate_5/incident_74816_candidate_5_after.tif
candidates/incident_74816/candidate_5/incident_74816_candidate_5_before.tif
candidates/incident_74819/candidate_1/incident_74819_candidate_1_after.tif
candidates/incident_74819/candidate_1/incident_74819_candidate_1_before.tif
candidates/incident_74816/candidate_6/incident_74816_candidate_6_mask.tif
candidates/incident_74816/candidate_6/incident_74816_candidate_6_slope.tif
candidates/incident_74819/candidate_2/incident_74819_candidate_2_after.tif
candidates/incident_74819/candidate_2/incident_74819_candidate_2_before.tif
candidates/incident_74816/candidate_6/incident_74816_candidate_6_before.tif
candidates/incident_74819/candidate_1/incident_74819_candidate_1_mask.tif
candidates/incident_74819/candidate_1/incident_74819_candidate_1_slope.tif
candidates/incident_74819/candidate_3/incident_74819_candidate_3_after.tif
candidates/incident_74819/candidate_2/incident_74819_candidate_2_mask.tif
candidates/incident_74819/candidate_3/incident_74819_candidate_3_before.tif
candidates/incident_74819/candidate_2/incident_74819_candidate_2_slope.tif
candidates/incident_74819/candidate_4/incident_74819_candidate_4_after.tif
candidates/incident_74819/candidate_3/incident_74819_candidate_3_mask.tif
candidates/incident_74819/candidate_4/incident_74819_candidate_4_before.tif
candidates/incident_74819/candidate_3/incident_74819_candidate_3_slope.tif
candidates/incident_74816/candidate_6/incident_74816_candidate_6_after.tif
candidates/incident_74819/candidate_5/incident_74819_candidate_5_after.tif
candidates/incident_74819/candidate_5/incident_74819_candidate_5_before.tif
candidates/incident_74819/candidate_4/incident_74819_candidate_4_mask.tif
candidates/incident_74819/candidate_4/incident_74819_candidate_4_slope.tif
candidates/incident_74819/candidate_6/incident_74819_candidate_6_before.tif
candidates/incident_74819/candidate_6/incident_74819_candidate_6_after.tif
candidates/incident_74819/candidate_5/incident_74819_candidate_5_mask.tif
candidates/incident_74819/candidate_5/incident_74819_candidate_5_slope.tif
candidates/incident_74819/candidate_6/incident_74819_candidate_6_slope.tif
candidates/incident_74819/candidate_6/incident_74819_candidate_6_mask.tif
candidates/incident_74855/candidate_1/incident_74855_candidate_1_mask.tif
candidates/incident_74855/candidate_1/incident_74855_candidate_1_slope.tif
candidates/incident_74855/candidate_2/incident_74855_candidate_2_slope.tif
candidates/incident_74855/candidate_2/incident_74855_candidate_2_mask.tif
candidates/incident_74855/candidate_1/incident_74855_candidate_1_before.tif
candidates/incident_74855/candidate_2/incident_74855_candidate_2_after.tif
candidates/incident_74855/candidate_2/incident_74855_candidate_2_before.tif
candidates/incident_74855/candidate_1/incident_74855_candidate_1_after.tif
candidates/incident_74855/candidate_3/incident_74855_candidate_3_mask.tif
candidates/incident_74855/candidate_3/incident_74855_candidate_3_slope.tif
candidates/incident_74855/candidate_3/incident_74855_candidate_3_after.tif
candidates/incident_74855/candidate_3/incident_74855_candidate_3_before.tif
candidates/incident_74855/candidate_4/incident_74855_candidate_4_slope.tif
candidates/incident_74855/candidate_4/incident_74855_candidate_4_mask.tif
candidates/incident_74855/candidate_5/incident_74855_candidate_5_mask.tif
candidates/incident_74855/candidate_4/incident_74855_candidate_4_before.tif
candidates/incident_74855/candidate_5/incident_74855_candidate_5_slope.tif
candidates/incident_74855/candidate_5/incident_74855_candidate_5_before.tif
candidates/incident_74855/candidate_5/incident_74855_candidate_5_after.tif
candidates/incident_74855/candidate_6/incident_74855_candidate_6_mask.tif
candidates/incident_74855/candidate_4/incident_74855_candidate_4_after.tif
candidates/incident_74855/candidate_6/incident_74855_candidate_6_slope.tif
candidates/incident_74855/candidate_6/incident_74855_candidate_6_before.tif
candidates/incident_74855/candidate_7/incident_74855_candidate_7_mask.tif
candidates/incident_74855/candidate_7/incident_74855_candidate_7_after.tif
candidates/incident_74855/candidate_6/incident_74855_candidate_6_after.tif
candidates/incident_74855/candidate_7/incident_74855_candidate_7_slope.tif
candidates/incident_74855/candidate_8/incident_74855_candidate_8_mask.tif
candidates/incident_74855/candidate_8/incident_74855_candidate_8_after.tif
candidates/incident_74855/candidate_7/incident_74855_candidate_7_before.tif
candidates/incident_74855/candidate_8/incident_74855_candidate_8_before.tif
candidates/incident_74855/candidate_8/incident_74855_candidate_8_slope.tif
candidates/incident_74855/candidate_9/incident_74855_candidate_9_mask.tif
candidates/incident_74858/candidate_1/incident_74858_candidate_1_after.tif
candidates/incident_74858/candidate_1/incident_74858_candidate_1_before.tif
candidates/incident_74855/candidate_9/incident_74855_candidate_9_slope.tif
candidates/incident_74858/candidate_2/incident_74858_candidate_2_after.tif
candidates/incident_74858/candidate_1/incident_74858_candidate_1_mask.tif
candidates/incident_74858/candidate_2/incident_74858_candidate_2_before.tif
candidates/incident_74858/candidate_1/incident_74858_candidate_1_slope.tif
candidates/incident_74855/candidate_9/incident_74855_candidate_9_before.tif
candidates/incident_74858/candidate_3/incident_74858_candidate_3_after.tif
candidates/incident_74855/candidate_9/incident_74855_candidate_9_after.tif
candidates/incident_74858/candidate_3/incident_74858_candidate_3_before.tif
candidates/incident_74858/candidate_4/incident_74858_candidate_4_after.tif
candidates/incident_74858/candidate_2/incident_74858_candidate_2_mask.tif
candidates/incident_74858/candidate_2/incident_74858_candidate_2_slope.tif
candidates/incident_74858/candidate_4/incident_74858_candidate_4_before.tif
candidates/incident_74858/candidate_3/incident_74858_candidate_3_mask.tif
candidates/incident_74858/candidate_3/incident_74858_candidate_3_slope.tif
candidates/incident_74858/candidate_5/incident_74858_candidate_5_before.tif
candidates/incident_74858/candidate_5/incident_74858_candidate_5_after.tif
candidates/incident_74858/candidate_4/incident_74858_candidate_4_mask.tif
candidates/incident_74858/candidate_4/incident_74858_candidate_4_slope.tif
candidates/incident_74858/candidate_6/incident_74858_candidate_6_before.tif
candidates/incident_74858/candidate_6/incident_74858_candidate_6_after.tif
candidates/incident_74858/candidate_5/incident_74858_candidate_5_slope.tif
candidates/incident_74858/candidate_5/incident_74858_candidate_5_mask.tif
candidates/incident_74858/candidate_6/incident_74858_candidate_6_slope.tif
candidates/incident_74858/candidate_6/incident_74858_candidate_6_mask.tif
candidates/incident_74872/candidate_1/incident_74872_candidate_1_mask.tif
candidates/incident_74872/candidate_1/incident_74872_candidate_1_slope.tif
candidates/incident_74873/candidate_1/incident_74873_candidate_1_mask.tif
candidates/incident_74873/candidate_1/incident_74873_candidate_1_slope.tif
candidates/incident_74873/candidate_1/incident_74873_candidate_1_before.tif
candidates/incident_74872/candidate_1/incident_74872_candidate_1_before.tif
candidates/incident_74872/candidate_1/incident_74872_candidate_1_after.tif
candidates/incident_74873/candidate_1/incident_74873_candidate_1_after.tif
candidates/incident_74873/candidate_10/incident_74873_candidate_10_slope.tif
candidates/incident_74873/candidate_10/incident_74873_candidate_10_mask.tif
candidates/incident_74873/candidate_10/incident_74873_candidate_10_after.tif
candidates/incident_74873/candidate_10/incident_74873_candidate_10_before.tif
candidates/incident_74873/candidate_11/incident_74873_candidate_11_slope.tif
candidates/incident_74873/candidate_11/incident_74873_candidate_11_mask.tif
candidates/incident_74873/candidate_12/incident_74873_candidate_12_mask.tif
candidates/incident_74873/candidate_11/incident_74873_candidate_11_before.tif
candidates/incident_74873/candidate_11/incident_74873_candidate_11_after.tif
candidates/incident_74873/candidate_12/incident_74873_candidate_12_slope.tif
candidates/incident_74873/candidate_12/incident_74873_candidate_12_after.tif
candidates/incident_74873/candidate_13/incident_74873_candidate_13_mask.tif
candidates/incident_74873/candidate_13/incident_74873_candidate_13_slope.tif
candidates/incident_74873/candidate_13/incident_74873_candidate_13_after.tif
candidates/incident_74873/candidate_12/incident_74873_candidate_12_before.tif
candidates/incident_74873/candidate_14/incident_74873_candidate_14_after.tif
candidates/incident_74873/candidate_14/incident_74873_candidate_14_mask.tif
candidates/incident_74873/candidate_14/incident_74873_candidate_14_before.tif
candidates/incident_74873/candidate_14/incident_74873_candidate_14_slope.tif
candidates/incident_74873/candidate_13/incident_74873_candidate_13_before.tif
candidates/incident_74873/candidate_15/incident_74873_candidate_15_mask.tif
candidates/incident_74873/candidate_15/incident_74873_candidate_15_slope.tif
candidates/incident_74873/candidate_15/incident_74873_candidate_15_before.tif
candidates/incident_74873/candidate_16/incident_74873_candidate_16_mask.tif
candidates/incident_74873/candidate_16/incident_74873_candidate_16_slope.tif
candidates/incident_74873/candidate_16/incident_74873_candidate_16_after.tif
candidates/incident_74873/candidate_15/incident_74873_candidate_15_after.tif
candidates/incident_74873/candidate_16/incident_74873_candidate_16_before.tif
candidates/incident_74873/candidate_17/incident_74873_candidate_17_mask.tif
candidates/incident_74873/candidate_17/incident_74873_candidate_17_after.tif
candidates/incident_74873/candidate_17/incident_74873_candidate_17_slope.tif
candidates/incident_74873/candidate_17/incident_74873_candidate_17_before.tif
candidates/incident_74873/candidate_18/incident_74873_candidate_18_mask.tif
candidates/incident_74873/candidate_18/incident_74873_candidate_18_slope.tif
candidates/incident_74873/candidate_18/incident_74873_candidate_18_before.tif
candidates/incident_74873/candidate_18/incident_74873_candidate_18_after.tif
candidates/incident_74873/candidate_19/incident_74873_candidate_19_mask.tif
candidates/incident_74873/candidate_19/incident_74873_candidate_19_slope.tif
candidates/incident_74873/candidate_19/incident_74873_candidate_19_before.tif
candidates/incident_74873/candidate_19/incident_74873_candidate_19_after.tif
candidates/incident_74873/candidate_2/incident_74873_candidate_2_mask.tif
candidates/incident_74873/candidate_2/incident_74873_candidate_2_slope.tif
candidates/incident_74873/candidate_2/incident_74873_candidate_2_before.tif
candidates/incident_74873/candidate_20/incident_74873_candidate_20_mask.tif
candidates/incident_74873/candidate_20/incident_74873_candidate_20_slope.tif
candidates/incident_74873/candidate_20/incident_74873_candidate_20_before.tif
candidates/incident_74873/candidate_21/incident_74873_candidate_21_before.tif
candidates/incident_74873/candidate_21/incident_74873_candidate_21_mask.tif
candidates/incident_74873/candidate_2/incident_74873_candidate_2_after.tif
candidates/incident_74873/candidate_20/incident_74873_candidate_20_after.tif
candidates/incident_74873/candidate_21/incident_74873_candidate_21_after.tif
candidates/incident_74873/candidate_21/incident_74873_candidate_21_slope.tif
candidates/incident_74873/candidate_22/incident_74873_candidate_22_after.tif
candidates/incident_74873/candidate_22/incident_74873_candidate_22_slope.tif
candidates/incident_74873/candidate_22/incident_74873_candidate_22_mask.tif
candidates/incident_74873/candidate_23/incident_74873_candidate_23_mask.tif
candidates/incident_74873/candidate_22/incident_74873_candidate_22_before.tif
candidates/incident_74873/candidate_23/incident_74873_candidate_23_slope.tif
candidates/incident_74873/candidate_24/incident_74873_candidate_24_mask.tif
candidates/incident_74873/candidate_24/incident_74873_candidate_24_slope.tif
candidates/incident_74873/candidate_24/incident_74873_candidate_24_after.tif
candidates/incident_74873/candidate_24/incident_74873_candidate_24_before.tif
candidates/incident_74873/candidate_23/incident_74873_candidate_23_before.tif
candidates/incident_74873/candidate_25/incident_74873_candidate_25_before.tif
candidates/incident_74873/candidate_23/incident_74873_candidate_23_after.tif
candidates/incident_74873/candidate_25/incident_74873_candidate_25_mask.tif
candidates/incident_74873/candidate_25/incident_74873_candidate_25_slope.tif
candidates/incident_74873/candidate_25/incident_74873_candidate_25_after.tif
candidates/incident_74873/candidate_26/incident_74873_candidate_26_mask.tif
candidates/incident_74873/candidate_26/incident_74873_candidate_26_slope.tif
candidates/incident_74873/candidate_26/incident_74873_candidate_26_before.tif
candidates/incident_74873/candidate_27/incident_74873_candidate_27_mask.tif
candidates/incident_74873/candidate_27/incident_74873_candidate_27_slope.tif
candidates/incident_74873/candidate_27/incident_74873_candidate_27_before.tif
candidates/incident_74873/candidate_27/incident_74873_candidate_27_after.tif
candidates/incident_74873/candidate_26/incident_74873_candidate_26_after.tif
candidates/incident_74873/candidate_28/incident_74873_candidate_28_mask.tif
candidates/incident_74873/candidate_28/incident_74873_candidate_28_after.tif
candidates/incident_74873/candidate_28/incident_74873_candidate_28_slope.tif
candidates/incident_74873/candidate_28/incident_74873_candidate_28_before.tif
candidates/incident_74873/candidate_29/incident_74873_candidate_29_mask.tif
candidates/incident_74873/candidate_29/incident_74873_candidate_29_slope.tif
candidates/incident_74873/candidate_29/incident_74873_candidate_29_before.tif
candidates/incident_74873/candidate_3/incident_74873_candidate_3_mask.tif
candidates/incident_74873/candidate_29/incident_74873_candidate_29_after.tif
candidates/incident_74873/candidate_3/incident_74873_candidate_3_slope.tif
candidates/incident_74873/candidate_3/incident_74873_candidate_3_before.tif
candidates/incident_74873/candidate_3/incident_74873_candidate_3_after.tif
candidates/incident_74873/candidate_4/incident_74873_candidate_4_after.tif
candidates/incident_74873/candidate_4/incident_74873_candidate_4_mask.tif
candidates/incident_74873/candidate_4/incident_74873_candidate_4_slope.tif
candidates/incident_74873/candidate_4/incident_74873_candidate_4_before.tif
candidates/incident_74873/candidate_5/incident_74873_candidate_5_mask.tif
candidates/incident_74873/candidate_5/incident_74873_candidate_5_slope.tif
candidates/incident_74873/candidate_6/incident_74873_candidate_6_mask.tif
candidates/incident_74873/candidate_6/incident_74873_candidate_6_slope.tif
candidates/incident_74873/candidate_5/incident_74873_candidate_5_after.tif
candidates/incident_74873/candidate_6/incident_74873_candidate_6_before.tif
candidates/incident_74873/candidate_6/incident_74873_candidate_6_after.tif
candidates/incident_74873/candidate_7/incident_74873_candidate_7_mask.tif
candidates/incident_74873/candidate_5/incident_74873_candidate_5_before.tif
candidates/incident_74873/candidate_7/incident_74873_candidate_7_slope.tif
candidates/incident_74873/candidate_7/incident_74873_candidate_7_after.tif
candidates/incident_74873/candidate_7/incident_74873_candidate_7_before.tif
candidates/incident_74873/candidate_8/incident_74873_candidate_8_mask.tif
candidates/incident_74889/candidate_1/incident_74889_candidate_1_after.tif
candidates/incident_74873/candidate_8/incident_74873_candidate_8_after.tif
candidates/incident_74873/candidate_8/incident_74873_candidate_8_slope.tif
candidates/incident_74889/candidate_1/incident_74889_candidate_1_before.tif
candidates/incident_74873/candidate_9/incident_74873_candidate_9_slope.tif
candidates/incident_74873/candidate_9/incident_74873_candidate_9_mask.tif
candidates/incident_74908/candidate_1/incident_74908_candidate_1_after.tif
candidates/incident_74873/candidate_8/incident_74873_candidate_8_before.tif
candidates/incident_74908/candidate_1/incident_74908_candidate_1_before.tif
candidates/incident_74873/candidate_9/incident_74873_candidate_9_after.tif
candidates/incident_74889/candidate_1/incident_74889_candidate_1_mask.tif
candidates/incident_74889/candidate_1/incident_74889_candidate_1_slope.tif
candidates/incident_74873/candidate_9/incident_74873_candidate_9_before.tif
candidates/incident_74923/candidate_1/incident_74923_candidate_1_after.tif
candidates/incident_74908/candidate_1/incident_74908_candidate_1_mask.tif
candidates/incident_74923/candidate_1/incident_74923_candidate_1_before.tif
candidates/incident_74908/candidate_1/incident_74908_candidate_1_slope.tif
candidates/incident_74923/candidate_1/incident_74923_candidate_1_mask.tif
candidates/incident_74923/candidate_1/incident_74923_candidate_1_slope.tif
candidates/incident_74947/candidate_1/incident_74947_candidate_1_mask.tif
candidates/incident_74947/candidate_1/incident_74947_candidate_1_slope.tif
candidates/incident_74947/candidate_2/incident_74947_candidate_2_mask.tif
candidates/incident_74947/candidate_2/incident_74947_candidate_2_slope.tif
candidates/incident_74947/candidate_1/incident_74947_candidate_1_before.tif
candidates/incident_74947/candidate_2/incident_74947_candidate_2_after.tif
candidates/incident_74947/candidate_3/incident_74947_candidate_3_mask.tif
candidates/incident_74947/candidate_2/incident_74947_candidate_2_before.tif
candidates/incident_74947/candidate_3/incident_74947_candidate_3_slope.tif
candidates/incident_74947/candidate_3/incident_74947_candidate_3_after.tif
candidates/incident_74947/candidate_3/incident_74947_candidate_3_before.tif
candidates/incident_74947/candidate_4/incident_74947_candidate_4_mask.tif
candidates/incident_74947/candidate_1/incident_74947_candidate_1_after.tif
candidates/incident_74947/candidate_4/incident_74947_candidate_4_slope.tif
candidates/incident_74947/candidate_4/incident_74947_candidate_4_before.tif
candidates/incident_74950/candidate_1/incident_74950_candidate_1_mask.tif
candidates/incident_74947/candidate_4/incident_74947_candidate_4_after.tif
candidates/incident_74950/candidate_1/incident_74950_candidate_1_slope.tif
candidates/incident_74950/candidate_1/incident_74950_candidate_1_after.tif
candidates/incident_74950/candidate_1/incident_74950_candidate_1_before.tif
candidates/incident_74950/candidate_10/incident_74950_candidate_10_mask.tif
candidates/incident_74950/candidate_10/incident_74950_candidate_10_slope.tif
candidates/incident_74950/candidate_10/incident_74950_candidate_10_after.tif
candidates/incident_74950/candidate_11/incident_74950_candidate_11_after.tif
candidates/incident_74950/candidate_11/incident_74950_candidate_11_mask.tif
candidates/incident_74950/candidate_11/incident_74950_candidate_11_slope.tif
candidates/incident_74950/candidate_10/incident_74950_candidate_10_before.tif
candidates/incident_74950/candidate_12/incident_74950_candidate_12_mask.tif
candidates/incident_74950/candidate_11/incident_74950_candidate_11_before.tif
candidates/incident_74950/candidate_12/incident_74950_candidate_12_slope.tif
candidates/incident_74950/candidate_13/incident_74950_candidate_13_mask.tif
candidates/incident_74950/candidate_12/incident_74950_candidate_12_after.tif
candidates/incident_74950/candidate_13/incident_74950_candidate_13_slope.tif
candidates/incident_74950/candidate_13/incident_74950_candidate_13_after.tif
candidates/incident_74950/candidate_13/incident_74950_candidate_13_before.tif
candidates/incident_74950/candidate_14/incident_74950_candidate_14_after.tif
candidates/incident_74950/candidate_14/incident_74950_candidate_14_mask.tif
candidates/incident_74950/candidate_12/incident_74950_candidate_12_before.tif
candidates/incident_74950/candidate_14/incident_74950_candidate_14_slope.tif
candidates/incident_74950/candidate_14/incident_74950_candidate_14_before.tif
candidates/incident_74950/candidate_15/incident_74950_candidate_15_mask.tif
candidates/incident_74950/candidate_15/incident_74950_candidate_15_slope.tif
candidates/incident_74950/candidate_16/incident_74950_candidate_16_mask.tif
candidates/incident_74950/candidate_16/incident_74950_candidate_16_slope.tif
candidates/incident_74950/candidate_16/incident_74950_candidate_16_before.tif
candidates/incident_74950/candidate_17/incident_74950_candidate_17_mask.tif
candidates/incident_74950/candidate_17/incident_74950_candidate_17_after.tif
candidates/incident_74950/candidate_16/incident_74950_candidate_16_after.tif
candidates/incident_74950/candidate_17/incident_74950_candidate_17_slope.tif
candidates/incident_74950/candidate_15/incident_74950_candidate_15_before.tif
candidates/incident_74950/candidate_17/incident_74950_candidate_17_before.tif
candidates/incident_74950/candidate_15/incident_74950_candidate_15_after.tif
candidates/incident_74950/candidate_18/incident_74950_candidate_18_mask.tif
candidates/incident_74950/candidate_18/incident_74950_candidate_18_slope.tif
candidates/incident_74950/candidate_19/incident_74950_candidate_19_mask.tif
candidates/incident_74950/candidate_19/incident_74950_candidate_19_slope.tif
candidates/incident_74950/candidate_19/incident_74950_candidate_19_after.tif
candidates/incident_74950/candidate_19/incident_74950_candidate_19_before.tif
candidates/incident_74950/candidate_18/incident_74950_candidate_18_after.tif
candidates/incident_74950/candidate_2/incident_74950_candidate_2_mask.tif
candidates/incident_74950/candidate_18/incident_74950_candidate_18_before.tif
candidates/incident_74950/candidate_2/incident_74950_candidate_2_slope.tif
candidates/incident_74950/candidate_2/incident_74950_candidate_2_before.tif
candidates/incident_74950/candidate_2/incident_74950_candidate_2_after.tif
candidates/incident_74950/candidate_20/incident_74950_candidate_20_mask.tif
candidates/incident_74950/candidate_20/incident_74950_candidate_20_slope.tif
candidates/incident_74950/candidate_20/incident_74950_candidate_20_after.tif
candidates/incident_74950/candidate_21/incident_74950_candidate_21_mask.tif
candidates/incident_74950/candidate_20/incident_74950_candidate_20_before.tif
candidates/incident_74950/candidate_21/incident_74950_candidate_21_slope.tif
candidates/incident_74950/candidate_21/incident_74950_candidate_21_before.tif
candidates/incident_74950/candidate_22/incident_74950_candidate_22_mask.tif
candidates/incident_74950/candidate_22/incident_74950_candidate_22_slope.tif
candidates/incident_74950/candidate_22/incident_74950_candidate_22_after.tif
candidates/incident_74950/candidate_21/incident_74950_candidate_21_after.tif
candidates/incident_74950/candidate_23/incident_74950_candidate_23_mask.tif
candidates/incident_74950/candidate_23/incident_74950_candidate_23_slope.tif
candidates/incident_74950/candidate_23/incident_74950_candidate_23_after.tif
candidates/incident_74950/candidate_22/incident_74950_candidate_22_before.tif
candidates/incident_74950/candidate_23/incident_74950_candidate_23_before.tif
candidates/incident_74950/candidate_24/incident_74950_candidate_24_mask.tif
candidates/incident_74950/candidate_24/incident_74950_candidate_24_before.tif
candidates/incident_74950/candidate_24/incident_74950_candidate_24_slope.tif
candidates/incident_74950/candidate_24/incident_74950_candidate_24_after.tif
candidates/incident_74950/candidate_25/incident_74950_candidate_25_after.tif
candidates/incident_74950/candidate_25/incident_74950_candidate_25_mask.tif
candidates/incident_74950/candidate_25/incident_74950_candidate_25_slope.tif
candidates/incident_74950/candidate_25/incident_74950_candidate_25_before.tif
candidates/incident_74950/candidate_26/incident_74950_candidate_26_mask.tif
candidates/incident_74950/candidate_26/incident_74950_candidate_26_slope.tif
candidates/incident_74950/candidate_26/incident_74950_candidate_26_before.tif
candidates/incident_74950/candidate_26/incident_74950_candidate_26_after.tif
candidates/incident_74950/candidate_27/incident_74950_candidate_27_mask.tif
candidates/incident_74950/candidate_27/incident_74950_candidate_27_slope.tif
candidates/incident_74950/candidate_27/incident_74950_candidate_27_after.tif
candidates/incident_74950/candidate_28/incident_74950_candidate_28_mask.tif
candidates/incident_74950/candidate_28/incident_74950_candidate_28_slope.tif
candidates/incident_74950/candidate_28/incident_74950_candidate_28_before.tif
candidates/incident_74950/candidate_27/incident_74950_candidate_27_before.tif
candidates/incident_74950/candidate_28/incident_74950_candidate_28_after.tif
candidates/incident_74950/candidate_29/incident_74950_candidate_29_mask.tif
candidates/incident_74950/candidate_29/incident_74950_candidate_29_after.tif
candidates/incident_74950/candidate_29/incident_74950_candidate_29_slope.tif
candidates/incident_74950/candidate_3/incident_74950_candidate_3_mask.tif
candidates/incident_74950/candidate_3/incident_74950_candidate_3_slope.tif
candidates/incident_74950/candidate_3/incident_74950_candidate_3_after.tif
candidates/incident_74950/candidate_30/incident_74950_candidate_30_mask.tif
candidates/incident_74950/candidate_30/incident_74950_candidate_30_after.tif
candidates/incident_74950/candidate_30/incident_74950_candidate_30_slope.tif
candidates/incident_74950/candidate_29/incident_74950_candidate_29_before.tif
candidates/incident_74950/candidate_30/incident_74950_candidate_30_before.tif
candidates/incident_74950/candidate_3/incident_74950_candidate_3_before.tif
candidates/incident_74950/candidate_31/incident_74950_candidate_31_mask.tif
candidates/incident_74950/candidate_31/incident_74950_candidate_31_slope.tif
candidates/incident_74950/candidate_31/incident_74950_candidate_31_before.tif
candidates/incident_74950/candidate_31/incident_74950_candidate_31_after.tif
candidates/incident_74950/candidate_32/incident_74950_candidate_32_slope.tif
candidates/incident_74950/candidate_32/incident_74950_candidate_32_mask.tif
candidates/incident_74950/candidate_32/incident_74950_candidate_32_after.tif
candidates/incident_74950/candidate_33/incident_74950_candidate_33_mask.tif
candidates/incident_74950/candidate_33/incident_74950_candidate_33_slope.tif
candidates/incident_74950/candidate_32/incident_74950_candidate_32_before.tif
candidates/incident_74950/candidate_34/incident_74950_candidate_34_mask.tif
candidates/incident_74950/candidate_33/incident_74950_candidate_33_before.tif
candidates/incident_74950/candidate_33/incident_74950_candidate_33_after.tif
candidates/incident_74950/candidate_34/incident_74950_candidate_34_before.tif
candidates/incident_74950/candidate_34/incident_74950_candidate_34_slope.tif
candidates/incident_74950/candidate_34/incident_74950_candidate_34_after.tif
candidates/incident_74950/candidate_35/incident_74950_candidate_35_mask.tif
candidates/incident_74950/candidate_35/incident_74950_candidate_35_slope.tif
candidates/incident_74950/candidate_36/incident_74950_candidate_36_mask.tif
candidates/incident_74950/candidate_36/incident_74950_candidate_36_slope.tif
candidates/incident_74950/candidate_35/incident_74950_candidate_35_before.tif
candidates/incident_74950/candidate_35/incident_74950_candidate_35_after.tif
candidates/incident_74950/candidate_36/incident_74950_candidate_36_before.tif
candidates/incident_74950/candidate_37/incident_74950_candidate_37_after.tif
candidates/incident_74950/candidate_37/incident_74950_candidate_37_before.tif
candidates/incident_74950/candidate_37/incident_74950_candidate_37_mask.tif
candidates/incident_74950/candidate_37/incident_74950_candidate_37_slope.tif
candidates/incident_74950/candidate_36/incident_74950_candidate_36_after.tif
candidates/incident_74950/candidate_38/incident_74950_candidate_38_mask.tif
candidates/incident_74950/candidate_38/incident_74950_candidate_38_after.tif
candidates/incident_74950/candidate_38/incident_74950_candidate_38_slope.tif
candidates/incident_74950/candidate_38/incident_74950_candidate_38_before.tif
candidates/incident_74950/candidate_39/incident_74950_candidate_39_slope.tif
candidates/incident_74950/candidate_39/incident_74950_candidate_39_before.tif
candidates/incident_74950/candidate_39/incident_74950_candidate_39_mask.tif
candidates/incident_74950/candidate_4/incident_74950_candidate_4_mask.tif
candidates/incident_74950/candidate_4/incident_74950_candidate_4_slope.tif
candidates/incident_74950/candidate_40/incident_74950_candidate_40_mask.tif
candidates/incident_74950/candidate_39/incident_74950_candidate_39_after.tif
candidates/incident_74950/candidate_4/incident_74950_candidate_4_before.tif
candidates/incident_74950/candidate_4/incident_74950_candidate_4_after.tif
candidates/incident_74950/candidate_40/incident_74950_candidate_40_after.tif
candidates/incident_74950/candidate_40/incident_74950_candidate_40_slope.tif
candidates/incident_74950/candidate_41/incident_74950_candidate_41_slope.tif
candidates/incident_74950/candidate_41/incident_74950_candidate_41_mask.tif
candidates/incident_74950/candidate_40/incident_74950_candidate_40_before.tif
candidates/incident_74950/candidate_41/incident_74950_candidate_41_after.tif
candidates/incident_74950/candidate_41/incident_74950_candidate_41_before.tif
candidates/incident_74950/candidate_42/incident_74950_candidate_42_after.tif
candidates/incident_74950/candidate_42/incident_74950_candidate_42_mask.tif
candidates/incident_74950/candidate_42/incident_74950_candidate_42_slope.tif
candidates/incident_74950/candidate_42/incident_74950_candidate_42_before.tif
candidates/incident_74950/candidate_43/incident_74950_candidate_43_mask.tif
candidates/incident_74950/candidate_43/incident_74950_candidate_43_slope.tif
candidates/incident_74950/candidate_43/incident_74950_candidate_43_after.tif
candidates/incident_74950/candidate_43/incident_74950_candidate_43_before.tif
candidates/incident_74950/candidate_44/incident_74950_candidate_44_slope.tif
candidates/incident_74950/candidate_44/incident_74950_candidate_44_mask.tif
candidates/incident_74950/candidate_45/incident_74950_candidate_45_mask.tif
candidates/incident_74950/candidate_44/incident_74950_candidate_44_before.tif
candidates/incident_74950/candidate_44/incident_74950_candidate_44_after.tif
candidates/incident_74950/candidate_45/incident_74950_candidate_45_slope.tif
candidates/incident_74950/candidate_45/incident_74950_candidate_45_after.tif
candidates/incident_74950/candidate_45/incident_74950_candidate_45_before.tif
candidates/incident_74950/candidate_46/incident_74950_candidate_46_after.tif
candidates/incident_74950/candidate_46/incident_74950_candidate_46_mask.tif
candidates/incident_74950/candidate_46/incident_74950_candidate_46_slope.tif
candidates/incident_74950/candidate_46/incident_74950_candidate_46_before.tif
candidates/incident_74950/candidate_47/incident_74950_candidate_47_mask.tif
candidates/incident_74950/candidate_47/incident_74950_candidate_47_after.tif
candidates/incident_74950/candidate_47/incident_74950_candidate_47_slope.tif
candidates/incident_74950/candidate_47/incident_74950_candidate_47_before.tif
candidates/incident_74950/candidate_48/incident_74950_candidate_48_mask.tif
candidates/incident_74950/candidate_48/incident_74950_candidate_48_slope.tif
candidates/incident_74950/candidate_48/incident_74950_candidate_48_after.tif
candidates/incident_74950/candidate_48/incident_74950_candidate_48_before.tif
candidates/incident_74950/candidate_49/incident_74950_candidate_49_mask.tif
candidates/incident_74950/candidate_49/incident_74950_candidate_49_slope.tif
candidates/incident_74950/candidate_49/incident_74950_candidate_49_after.tif
candidates/incident_74950/candidate_49/incident_74950_candidate_49_before.tif
candidates/incident_74950/candidate_5/incident_74950_candidate_5_mask.tif
candidates/incident_74950/candidate_5/incident_74950_candidate_5_slope.tif
candidates/incident_74950/candidate_5/incident_74950_candidate_5_before.tif
candidates/incident_74950/candidate_50/incident_74950_candidate_50_mask.tif
candidates/incident_74950/candidate_50/incident_74950_candidate_50_slope.tif
candidates/incident_74950/candidate_5/incident_74950_candidate_5_after.tif
candidates/incident_74950/candidate_50/incident_74950_candidate_50_before.tif
candidates/incident_74950/candidate_51/incident_74950_candidate_51_mask.tif
candidates/incident_74950/candidate_50/incident_74950_candidate_50_after.tif
candidates/incident_74950/candidate_51/incident_74950_candidate_51_slope.tif
candidates/incident_74950/candidate_51/incident_74950_candidate_51_after.tif
candidates/incident_74950/candidate_51/incident_74950_candidate_51_before.tif
candidates/incident_74950/candidate_52/incident_74950_candidate_52_mask.tif
candidates/incident_74950/candidate_52/incident_74950_candidate_52_slope.tif
candidates/incident_74950/candidate_53/incident_74950_candidate_53_mask.tif
candidates/incident_74950/candidate_52/incident_74950_candidate_52_before.tif
candidates/incident_74950/candidate_53/incident_74950_candidate_53_slope.tif
candidates/incident_74950/candidate_52/incident_74950_candidate_52_after.tif
candidates/incident_74950/candidate_53/incident_74950_candidate_53_after.tif
candidates/incident_74950/candidate_53/incident_74950_candidate_53_before.tif
candidates/incident_74950/candidate_54/incident_74950_candidate_54_mask.tif
candidates/incident_74950/candidate_54/incident_74950_candidate_54_before.tif
candidates/incident_74950/candidate_54/incident_74950_candidate_54_after.tif
candidates/incident_74950/candidate_54/incident_74950_candidate_54_slope.tif
candidates/incident_74950/candidate_55/incident_74950_candidate_55_mask.tif
candidates/incident_74950/candidate_55/incident_74950_candidate_55_slope.tif
candidates/incident_74950/candidate_55/incident_74950_candidate_55_before.tif
candidates/incident_74950/candidate_55/incident_74950_candidate_55_after.tif
candidates/incident_74950/candidate_56/incident_74950_candidate_56_mask.tif
candidates/incident_74950/candidate_56/incident_74950_candidate_56_slope.tif
candidates/incident_74950/candidate_57/incident_74950_candidate_57_mask.tif
candidates/incident_74950/candidate_57/incident_74950_candidate_57_slope.tif
candidates/incident_74950/candidate_56/incident_74950_candidate_56_before.tif
candidates/incident_74950/candidate_57/incident_74950_candidate_57_before.tif
candidates/incident_74950/candidate_56/incident_74950_candidate_56_after.tif
candidates/incident_74950/candidate_57/incident_74950_candidate_57_after.tif
candidates/incident_74950/candidate_58/incident_74950_candidate_58_slope.tif
candidates/incident_74950/candidate_58/incident_74950_candidate_58_mask.tif
candidates/incident_74950/candidate_58/incident_74950_candidate_58_before.tif
candidates/incident_74950/candidate_59/incident_74950_candidate_59_slope.tif
candidates/incident_74950/candidate_59/incident_74950_candidate_59_mask.tif
candidates/incident_74950/candidate_58/incident_74950_candidate_58_after.tif
candidates/incident_74950/candidate_6/incident_74950_candidate_6_mask.tif
candidates/incident_74950/candidate_6/incident_74950_candidate_6_after.tif
candidates/incident_74950/candidate_59/incident_74950_candidate_59_before.tif
candidates/incident_74950/candidate_6/incident_74950_candidate_6_slope.tif
candidates/incident_74950/candidate_6/incident_74950_candidate_6_before.tif
candidates/incident_74950/candidate_59/incident_74950_candidate_59_after.tif
candidates/incident_74950/candidate_60/incident_74950_candidate_60_before.tif
candidates/incident_74950/candidate_60/incident_74950_candidate_60_mask.tif
candidates/incident_74950/candidate_60/incident_74950_candidate_60_after.tif
candidates/incident_74950/candidate_60/incident_74950_candidate_60_slope.tif
candidates/incident_74950/candidate_61/incident_74950_candidate_61_mask.tif
candidates/incident_74950/candidate_61/incident_74950_candidate_61_slope.tif
candidates/incident_74950/candidate_61/incident_74950_candidate_61_before.tif
candidates/incident_74950/candidate_62/incident_74950_candidate_62_slope.tif
candidates/incident_74950/candidate_62/incident_74950_candidate_62_mask.tif
candidates/incident_74950/candidate_62/incident_74950_candidate_62_after.tif
candidates/incident_74950/candidate_62/incident_74950_candidate_62_before.tif
candidates/incident_74950/candidate_61/incident_74950_candidate_61_after.tif
candidates/incident_74950/candidate_63/incident_74950_candidate_63_mask.tif
candidates/incident_74950/candidate_63/incident_74950_candidate_63_before.tif
candidates/incident_74950/candidate_63/incident_74950_candidate_63_after.tif
candidates/incident_74950/candidate_63/incident_74950_candidate_63_slope.tif
candidates/incident_74950/candidate_64/incident_74950_candidate_64_mask.tif
candidates/incident_74950/candidate_64/incident_74950_candidate_64_slope.tif
candidates/incident_74950/candidate_64/incident_74950_candidate_64_after.tif
candidates/incident_74950/candidate_65/incident_74950_candidate_65_mask.tif
candidates/incident_74950/candidate_64/incident_74950_candidate_64_before.tif
candidates/incident_74950/candidate_65/incident_74950_candidate_65_slope.tif
candidates/incident_74950/candidate_65/incident_74950_candidate_65_before.tif
candidates/incident_74950/candidate_66/incident_74950_candidate_66_mask.tif
candidates/incident_74950/candidate_66/incident_74950_candidate_66_slope.tif
candidates/incident_74950/candidate_66/incident_74950_candidate_66_after.tif
candidates/incident_74950/candidate_66/incident_74950_candidate_66_before.tif
candidates/incident_74950/candidate_67/incident_74950_candidate_67_mask.tif
candidates/incident_74950/candidate_65/incident_74950_candidate_65_after.tif
candidates/incident_74950/candidate_67/incident_74950_candidate_67_before.tif
candidates/incident_74950/candidate_67/incident_74950_candidate_67_slope.tif
candidates/incident_74950/candidate_7/incident_74950_candidate_7_mask.tif
candidates/incident_74950/candidate_7/incident_74950_candidate_7_slope.tif
candidates/incident_74950/candidate_7/incident_74950_candidate_7_before.tif
candidates/incident_74950/candidate_67/incident_74950_candidate_67_after.tif
candidates/incident_74950/candidate_8/incident_74950_candidate_8_slope.tif
candidates/incident_74950/candidate_7/incident_74950_candidate_7_after.tif
candidates/incident_74950/candidate_8/incident_74950_candidate_8_mask.tif
candidates/incident_74950/candidate_8/incident_74950_candidate_8_after.tif
candidates/incident_74950/candidate_9/incident_74950_candidate_9_mask.tif
candidates/incident_74950/candidate_9/incident_74950_candidate_9_after.tif
candidates/incident_74950/candidate_9/incident_74950_candidate_9_slope.tif
candidates/incident_74950/candidate_9/incident_74950_candidate_9_before.tif
candidates/incident_74968/candidate_1/incident_74968_candidate_1_mask.tif
candidates/incident_74950/candidate_8/incident_74950_candidate_8_before.tif
candidates/incident_74968/candidate_1/incident_74968_candidate_1_slope.tif
candidates/incident_74968/candidate_1/incident_74968_candidate_1_after.tif
candidates/incident_74968/candidate_2/incident_74968_candidate_2_mask.tif
candidates/incident_74968/candidate_1/incident_74968_candidate_1_before.tif
candidates/incident_74968/candidate_2/incident_74968_candidate_2_slope.tif
candidates/incident_74968/candidate_2/incident_74968_candidate_2_after.tif
candidates/incident_74968/candidate_2/incident_74968_candidate_2_before.tif
candidates/incident_74968/candidate_3/incident_74968_candidate_3_mask.tif
candidates/incident_74968/candidate_3/incident_74968_candidate_3_after.tif
candidates/incident_74968/candidate_3/incident_74968_candidate_3_slope.tif
candidates/incident_74968/candidate_4/incident_74968_candidate_4_mask.tif
candidates/incident_74968/candidate_4/incident_74968_candidate_4_slope.tif
candidates/incident_74968/candidate_4/incident_74968_candidate_4_after.tif
candidates/incident_74968/candidate_4/incident_74968_candidate_4_before.tif
candidates/incident_74968/candidate_3/incident_74968_candidate_3_before.tif
candidates/incident_74968/candidate_5/incident_74968_candidate_5_slope.tif
candidates/incident_74968/candidate_5/incident_74968_candidate_5_mask.tif
candidates/incident_74968/candidate_5/incident_74968_candidate_5_before.tif
candidates/incident_74968/candidate_6/incident_74968_candidate_6_mask.tif
candidates/incident_74968/candidate_6/incident_74968_candidate_6_after.tif
candidates/incident_74968/candidate_5/incident_74968_candidate_5_after.tif
candidates/incident_74968/candidate_6/incident_74968_candidate_6_slope.tif
candidates/incident_74968/candidate_6/incident_74968_candidate_6_before.tif
candidates/incident_74968/candidate_7/incident_74968_candidate_7_mask.tif
candidates/incident_74968/candidate_7/incident_74968_candidate_7_slope.tif
candidates/incident_74968/candidate_7/incident_74968_candidate_7_after.tif
candidates/incident_74968/candidate_8/incident_74968_candidate_8_mask.tif
candidates/incident_74968/candidate_7/incident_74968_candidate_7_before.tif
candidates/incident_74968/candidate_8/incident_74968_candidate_8_after.tif
candidates/incident_74968/candidate_8/incident_74968_candidate_8_slope.tif
candidates/incident_74968/candidate_8/incident_74968_candidate_8_before.tif
candidates/incident_74986/candidate_1/incident_74986_candidate_1_mask.tif
candidates/incident_74986/candidate_1/incident_74986_candidate_1_slope.tif
candidates/incident_74986/candidate_10/incident_74986_candidate_10_mask.tif
candidates/incident_74986/candidate_1/incident_74986_candidate_1_after.tif
candidates/incident_74986/candidate_10/incident_74986_candidate_10_slope.tif
candidates/incident_74986/candidate_10/incident_74986_candidate_10_after.tif
candidates/incident_74986/candidate_10/incident_74986_candidate_10_before.tif
candidates/incident_74986/candidate_2/incident_74986_candidate_2_after.tif
candidates/incident_74986/candidate_1/incident_74986_candidate_1_before.tif
candidates/incident_74986/candidate_2/incident_74986_candidate_2_slope.tif
candidates/incident_74986/candidate_2/incident_74986_candidate_2_mask.tif
candidates/incident_74986/candidate_2/incident_74986_candidate_2_before.tif
candidates/incident_74986/candidate_3/incident_74986_candidate_3_mask.tif
candidates/incident_74986/candidate_3/incident_74986_candidate_3_after.tif
candidates/incident_74986/candidate_5/incident_74986_candidate_5_after.tif
candidates/incident_74986/candidate_3/incident_74986_candidate_3_slope.tif
candidates/incident_74986/candidate_4/incident_74986_candidate_4_mask.tif
candidates/incident_74986/candidate_4/incident_74986_candidate_4_slope.tif
candidates/incident_74986/candidate_5/incident_74986_candidate_5_slope.tif
candidates/incident_74986/candidate_4/incident_74986_candidate_4_after.tif
candidates/incident_74986/candidate_5/incident_74986_candidate_5_mask.tif
candidates/incident_74986/candidate_4/incident_74986_candidate_4_before.tif
candidates/incident_74986/candidate_3/incident_74986_candidate_3_before.tif
candidates/incident_74986/candidate_5/incident_74986_candidate_5_before.tif
candidates/incident_74986/candidate_6/incident_74986_candidate_6_mask.tif
candidates/incident_74986/candidate_6/incident_74986_candidate_6_after.tif
candidates/incident_74986/candidate_6/incident_74986_candidate_6_slope.tif
candidates/incident_74986/candidate_7/incident_74986_candidate_7_mask.tif
candidates/incident_74986/candidate_7/incident_74986_candidate_7_slope.tif
candidates/incident_74986/candidate_8/incident_74986_candidate_8_mask.tif
candidates/incident_74986/candidate_6/incident_74986_candidate_6_before.tif
candidates/incident_74986/candidate_8/incident_74986_candidate_8_slope.tif
candidates/incident_74986/candidate_8/incident_74986_candidate_8_after.tif
candidates/incident_74986/candidate_8/incident_74986_candidate_8_before.tif
candidates/incident_74986/candidate_7/incident_74986_candidate_7_after.tif
candidates/incident_74986/candidate_7/incident_74986_candidate_7_before.tif
candidates/incident_74986/candidate_9/incident_74986_candidate_9_mask.tif
candidates/incident_74986/candidate_9/incident_74986_candidate_9_after.tif
candidates/incident_74986/candidate_9/incident_74986_candidate_9_slope.tif
candidates/incident_74986/candidate_9/incident_74986_candidate_9_before.tif
candidates/incident_74987/candidate_1/incident_74987_candidate_1_mask.tif
candidates/incident_74987/candidate_1/incident_74987_candidate_1_slope.tif
candidates/incident_74987/candidate_10/incident_74987_candidate_10_mask.tif
candidates/incident_74987/candidate_1/incident_74987_candidate_1_after.tif
candidates/incident_74987/candidate_10/incident_74987_candidate_10_slope.tif
candidates/incident_74987/candidate_1/incident_74987_candidate_1_before.tif
candidates/incident_74987/candidate_11/incident_74987_candidate_11_mask.tif
candidates/incident_74987/candidate_10/incident_74987_candidate_10_before.tif
candidates/incident_74987/candidate_10/incident_74987_candidate_10_after.tif
candidates/incident_74987/candidate_11/incident_74987_candidate_11_slope.tif
candidates/incident_74987/candidate_11/incident_74987_candidate_11_before.tif
candidates/incident_74987/candidate_11/incident_74987_candidate_11_after.tif
candidates/incident_74987/candidate_2/incident_74987_candidate_2_after.tif
candidates/incident_74987/candidate_2/incident_74987_candidate_2_mask.tif
candidates/incident_74987/candidate_2/incident_74987_candidate_2_slope.tif
candidates/incident_74987/candidate_2/incident_74987_candidate_2_before.tif
candidates/incident_74987/candidate_3/incident_74987_candidate_3_mask.tif
candidates/incident_74987/candidate_3/incident_74987_candidate_3_slope.tif
candidates/incident_74987/candidate_3/incident_74987_candidate_3_before.tif
candidates/incident_74987/candidate_4/incident_74987_candidate_4_mask.tif
candidates/incident_74987/candidate_4/incident_74987_candidate_4_slope.tif
candidates/incident_74987/candidate_4/incident_74987_candidate_4_before.tif
candidates/incident_74987/candidate_4/incident_74987_candidate_4_after.tif
candidates/incident_74987/candidate_3/incident_74987_candidate_3_after.tif
candidates/incident_74987/candidate_5/incident_74987_candidate_5_mask.tif
candidates/incident_74987/candidate_5/incident_74987_candidate_5_after.tif
candidates/incident_74987/candidate_5/incident_74987_candidate_5_before.tif
candidates/incident_74987/candidate_5/incident_74987_candidate_5_slope.tif
candidates/incident_74987/candidate_6/incident_74987_candidate_6_mask.tif
candidates/incident_74987/candidate_6/incident_74987_candidate_6_slope.tif
candidates/incident_74987/candidate_7/incident_74987_candidate_7_mask.tif
candidates/incident_74987/candidate_7/incident_74987_candidate_7_slope.tif
candidates/incident_74987/candidate_6/incident_74987_candidate_6_before.tif
candidates/incident_74987/candidate_7/incident_74987_candidate_7_after.tif
candidates/incident_74987/candidate_7/incident_74987_candidate_7_before.tif
candidates/incident_74987/candidate_6/incident_74987_candidate_6_after.tif
candidates/incident_74987/candidate_8/incident_74987_candidate_8_mask.tif
candidates/incident_74987/candidate_8/incident_74987_candidate_8_slope.tif
candidates/incident_74987/candidate_8/incident_74987_candidate_8_after.tif
candidates/incident_74987/candidate_8/incident_74987_candidate_8_before.tif
candidates/incident_74987/candidate_9/incident_74987_candidate_9_mask.tif
candidates/incident_74987/candidate_9/incident_74987_candidate_9_slope.tif
candidates/incident_74987/candidate_9/incident_74987_candidate_9_after.tif
candidates/incident_74987/candidate_9/incident_74987_candidate_9_before.tif
candidates/incident_75008/candidate_1/incident_75008_candidate_1_mask.tif
candidates/incident_75008/candidate_1/incident_75008_candidate_1_slope.tif
candidates/incident_75008/candidate_10/incident_75008_candidate_10_mask.tif
candidates/incident_75008/candidate_10/incident_75008_candidate_10_after.tif
candidates/incident_75008/candidate_10/incident_75008_candidate_10_slope.tif
candidates/incident_75008/candidate_1/incident_75008_candidate_1_after.tif
candidates/incident_75008/candidate_1/incident_75008_candidate_1_before.tif
candidates/incident_75008/candidate_10/incident_75008_candidate_10_before.tif
candidates/incident_75008/candidate_2/incident_75008_candidate_2_mask.tif
candidates/incident_75008/candidate_2/incident_75008_candidate_2_after.tif
candidates/incident_75008/candidate_2/incident_75008_candidate_2_before.tif
candidates/incident_75008/candidate_2/incident_75008_candidate_2_slope.tif
candidates/incident_75008/candidate_3/incident_75008_candidate_3_mask.tif
candidates/incident_75008/candidate_3/incident_75008_candidate_3_slope.tif
candidates/incident_75008/candidate_3/incident_75008_candidate_3_before.tif
candidates/incident_75008/candidate_4/incident_75008_candidate_4_mask.tif
candidates/incident_75008/candidate_4/incident_75008_candidate_4_slope.tif
candidates/incident_75008/candidate_4/incident_75008_candidate_4_before.tif
candidates/incident_75008/candidate_5/incident_75008_candidate_5_slope.tif
candidates/incident_75008/candidate_3/incident_75008_candidate_3_after.tif
candidates/incident_75008/candidate_5/incident_75008_candidate_5_mask.tif
candidates/incident_75008/candidate_5/incident_75008_candidate_5_after.tif
candidates/incident_75008/candidate_6/incident_75008_candidate_6_after.tif
candidates/incident_75008/candidate_5/incident_75008_candidate_5_before.tif
candidates/incident_75008/candidate_6/incident_75008_candidate_6_mask.tif
candidates/incident_75008/candidate_4/incident_75008_candidate_4_after.tif
candidates/incident_75008/candidate_6/incident_75008_candidate_6_slope.tif
candidates/incident_75008/candidate_6/incident_75008_candidate_6_before.tif
candidates/incident_75008/candidate_7/incident_75008_candidate_7_after.tif
candidates/incident_75008/candidate_7/incident_75008_candidate_7_slope.tif
candidates/incident_75008/candidate_7/incident_75008_candidate_7_mask.tif
candidates/incident_75008/candidate_8/incident_75008_candidate_8_mask.tif
candidates/incident_75008/candidate_8/incident_75008_candidate_8_slope.tif
candidates/incident_75008/candidate_8/incident_75008_candidate_8_after.tif
candidates/incident_75008/candidate_7/incident_75008_candidate_7_before.tif
candidates/incident_75008/candidate_8/incident_75008_candidate_8_before.tif
candidates/incident_75008/candidate_9/incident_75008_candidate_9_mask.tif
candidates/incident_75008/candidate_9/incident_75008_candidate_9_slope.tif
candidates/incident_75008/candidate_9/incident_75008_candidate_9_after.tif
candidates/incident_75008/candidate_9/incident_75008_candidate_9_before.tif
candidates/incident_75009/candidate_1/incident_75009_candidate_1_mask.tif
candidates/incident_75009/candidate_1/incident_75009_candidate_1_slope.tif
candidates/incident_75009/candidate_10/incident_75009_candidate_10_mask.tif
candidates/incident_75009/candidate_10/incident_75009_candidate_10_slope.tif
candidates/incident_75009/candidate_1/incident_75009_candidate_1_after.tif
candidates/incident_75009/candidate_10/incident_75009_candidate_10_after.tif
candidates/incident_75009/candidate_11/incident_75009_candidate_11_mask.tif
candidates/incident_75009/candidate_11/incident_75009_candidate_11_after.tif
candidates/incident_75009/candidate_1/incident_75009_candidate_1_before.tif
candidates/incident_75009/candidate_11/incident_75009_candidate_11_slope.tif
candidates/incident_75009/candidate_10/incident_75009_candidate_10_before.tif
candidates/incident_75009/candidate_11/incident_75009_candidate_11_before.tif
candidates/incident_75009/candidate_12/incident_75009_candidate_12_before.tif
candidates/incident_75009/candidate_12/incident_75009_candidate_12_after.tif
candidates/incident_75009/candidate_12/incident_75009_candidate_12_mask.tif
candidates/incident_75009/candidate_12/incident_75009_candidate_12_slope.tif
candidates/incident_75009/candidate_13/incident_75009_candidate_13_mask.tif
candidates/incident_75009/candidate_13/incident_75009_candidate_13_slope.tif
candidates/incident_75009/candidate_13/incident_75009_candidate_13_after.tif
candidates/incident_75009/candidate_13/incident_75009_candidate_13_before.tif
candidates/incident_75009/candidate_2/incident_75009_candidate_2_slope.tif
candidates/incident_75009/candidate_2/incident_75009_candidate_2_mask.tif
candidates/incident_75009/candidate_2/incident_75009_candidate_2_before.tif
candidates/incident_75009/candidate_3/incident_75009_candidate_3_mask.tif
candidates/incident_75009/candidate_2/incident_75009_candidate_2_after.tif
candidates/incident_75009/candidate_3/incident_75009_candidate_3_slope.tif
candidates/incident_75009/candidate_3/incident_75009_candidate_3_after.tif
candidates/incident_75009/candidate_4/incident_75009_candidate_4_mask.tif
candidates/incident_75009/candidate_4/incident_75009_candidate_4_after.tif
candidates/incident_75009/candidate_4/incident_75009_candidate_4_slope.tif
candidates/incident_75009/candidate_5/incident_75009_candidate_5_mask.tif
candidates/incident_75009/candidate_5/incident_75009_candidate_5_after.tif
candidates/incident_75009/candidate_5/incident_75009_candidate_5_before.tif
candidates/incident_75009/candidate_3/incident_75009_candidate_3_before.tif
candidates/incident_75009/candidate_5/incident_75009_candidate_5_slope.tif
candidates/incident_75009/candidate_4/incident_75009_candidate_4_before.tif
candidates/incident_75009/candidate_6/incident_75009_candidate_6_mask.tif
candidates/incident_75009/candidate_6/incident_75009_candidate_6_before.tif
candidates/incident_75009/candidate_6/incident_75009_candidate_6_slope.tif
candidates/incident_75009/candidate_6/incident_75009_candidate_6_after.tif
candidates/incident_75009/candidate_7/incident_75009_candidate_7_mask.tif
candidates/incident_75009/candidate_7/incident_75009_candidate_7_slope.tif
candidates/incident_75009/candidate_7/incident_75009_candidate_7_after.tif
candidates/incident_75009/candidate_8/incident_75009_candidate_8_mask.tif
candidates/incident_75009/candidate_7/incident_75009_candidate_7_before.tif
candidates/incident_75009/candidate_8/incident_75009_candidate_8_slope.tif
candidates/incident_75009/candidate_8/incident_75009_candidate_8_after.tif
candidates/incident_75009/candidate_9/incident_75009_candidate_9_mask.tif
candidates/incident_75009/candidate_9/incident_75009_candidate_9_after.tif
candidates/incident_75009/candidate_9/incident_75009_candidate_9_slope.tif
candidates/incident_75009/candidate_8/incident_75009_candidate_8_before.tif
candidates/incident_75009/candidate_9/incident_75009_candidate_9_before.tif
candidates/incident_75021/candidate_1/incident_75021_candidate_1_mask.tif
candidates/incident_75021/candidate_1/incident_75021_candidate_1_slope.tif
candidates/incident_75021/candidate_10/incident_75021_candidate_10_mask.tif
candidates/incident_75021/candidate_10/incident_75021_candidate_10_slope.tif
candidates/incident_75021/candidate_1/incident_75021_candidate_1_before.tif
candidates/incident_75021/candidate_1/incident_75021_candidate_1_after.tif
candidates/incident_75021/candidate_10/incident_75021_candidate_10_before.tif
candidates/incident_75021/candidate_10/incident_75021_candidate_10_after.tif
candidates/incident_75021/candidate_11/incident_75021_candidate_11_mask.tif
candidates/incident_75021/candidate_11/incident_75021_candidate_11_slope.tif
candidates/incident_75021/candidate_11/incident_75021_candidate_11_before.tif
candidates/incident_75021/candidate_11/incident_75021_candidate_11_after.tif
candidates/incident_75021/candidate_12/incident_75021_candidate_12_mask.tif
candidates/incident_75021/candidate_12/incident_75021_candidate_12_slope.tif
candidates/incident_75021/candidate_12/incident_75021_candidate_12_after.tif
candidates/incident_75021/candidate_12/incident_75021_candidate_12_before.tif
candidates/incident_75021/candidate_13/incident_75021_candidate_13_slope.tif
candidates/incident_75021/candidate_13/incident_75021_candidate_13_mask.tif
candidates/incident_75021/candidate_13/incident_75021_candidate_13_after.tif
candidates/incident_75021/candidate_13/incident_75021_candidate_13_before.tif
candidates/incident_75021/candidate_14/incident_75021_candidate_14_mask.tif
candidates/incident_75021/candidate_14/incident_75021_candidate_14_before.tif
candidates/incident_75021/candidate_14/incident_75021_candidate_14_slope.tif
candidates/incident_75021/candidate_14/incident_75021_candidate_14_after.tif
candidates/incident_75021/candidate_15/incident_75021_candidate_15_slope.tif
candidates/incident_75021/candidate_15/incident_75021_candidate_15_mask.tif
candidates/incident_75021/candidate_15/incident_75021_candidate_15_after.tif
candidates/incident_75021/candidate_15/incident_75021_candidate_15_before.tif
candidates/incident_75021/candidate_2/incident_75021_candidate_2_slope.tif
candidates/incident_75021/candidate_2/incident_75021_candidate_2_mask.tif
candidates/incident_75021/candidate_2/incident_75021_candidate_2_after.tif
candidates/incident_75021/candidate_3/incident_75021_candidate_3_mask.tif
candidates/incident_75021/candidate_2/incident_75021_candidate_2_before.tif
candidates/incident_75021/candidate_3/incident_75021_candidate_3_slope.tif
candidates/incident_75021/candidate_3/incident_75021_candidate_3_after.tif
candidates/incident_75021/candidate_4/incident_75021_candidate_4_mask.tif
candidates/incident_75021/candidate_3/incident_75021_candidate_3_before.tif
candidates/incident_75021/candidate_4/incident_75021_candidate_4_slope.tif
candidates/incident_75021/candidate_4/incident_75021_candidate_4_before.tif
candidates/incident_75021/candidate_5/incident_75021_candidate_5_mask.tif
candidates/incident_75021/candidate_5/incident_75021_candidate_5_slope.tif
candidates/incident_75021/candidate_5/incident_75021_candidate_5_after.tif
candidates/incident_75021/candidate_5/incident_75021_candidate_5_before.tif
candidates/incident_75021/candidate_6/incident_75021_candidate_6_mask.tif
candidates/incident_75021/candidate_4/incident_75021_candidate_4_after.tif
candidates/incident_75021/candidate_6/incident_75021_candidate_6_after.tif
candidates/incident_75021/candidate_6/incident_75021_candidate_6_slope.tif
candidates/incident_75021/candidate_7/incident_75021_candidate_7_mask.tif
candidates/incident_75021/candidate_7/incident_75021_candidate_7_slope.tif
candidates/incident_75021/candidate_7/incident_75021_candidate_7_before.tif
candidates/incident_75021/candidate_6/incident_75021_candidate_6_before.tif
candidates/incident_75021/candidate_8/incident_75021_candidate_8_mask.tif
candidates/incident_75021/candidate_7/incident_75021_candidate_7_after.tif
candidates/incident_75021/candidate_8/incident_75021_candidate_8_after.tif
candidates/incident_75021/candidate_8/incident_75021_candidate_8_before.tif
candidates/incident_75021/candidate_8/incident_75021_candidate_8_slope.tif
candidates/incident_75021/candidate_9/incident_75021_candidate_9_mask.tif
candidates/incident_75021/candidate_9/incident_75021_candidate_9_after.tif
candidates/incident_75021/candidate_9/incident_75021_candidate_9_slope.tif
candidates/incident_75021/candidate_9/incident_75021_candidate_9_before.tif
candidates/incident_75026/candidate_1/incident_75026_candidate_1_mask.tif
candidates/incident_75026/candidate_1/incident_75026_candidate_1_slope.tif
candidates/incident_75026/candidate_2/incident_75026_candidate_2_slope.tif
candidates/incident_75026/candidate_2/incident_75026_candidate_2_mask.tif
candidates/incident_75026/candidate_1/incident_75026_candidate_1_before.tif
candidates/incident_75026/candidate_1/incident_75026_candidate_1_after.tif
candidates/incident_75026/candidate_2/incident_75026_candidate_2_after.tif
candidates/incident_75026/candidate_2/incident_75026_candidate_2_before.tif
candidates/incident_75026/candidate_3/incident_75026_candidate_3_before.tif
candidates/incident_75026/candidate_3/incident_75026_candidate_3_mask.tif
candidates/incident_75026/candidate_3/incident_75026_candidate_3_slope.tif
candidates/incident_75026/candidate_3/incident_75026_candidate_3_after.tif
candidates/incident_75026/candidate_4/incident_75026_candidate_4_slope.tif
candidates/incident_75026/candidate_4/incident_75026_candidate_4_mask.tif
candidates/incident_75026/candidate_4/incident_75026_candidate_4_before.tif
candidates/incident_75026/candidate_4/incident_75026_candidate_4_after.tif
candidates/incident_75026/candidate_5/incident_75026_candidate_5_mask.tif
candidates/incident_75026/candidate_5/incident_75026_candidate_5_slope.tif
candidates/incident_75026/candidate_5/incident_75026_candidate_5_before.tif
candidates/incident_75026/candidate_6/incident_75026_candidate_6_mask.tif
candidates/incident_75026/candidate_5/incident_75026_candidate_5_after.tif
candidates/incident_75026/candidate_6/incident_75026_candidate_6_slope.tif
candidates/incident_75026/candidate_6/incident_75026_candidate_6_after.tif
candidates/incident_75026/candidate_7/incident_75026_candidate_7_mask.tif
candidates/incident_75026/candidate_7/incident_75026_candidate_7_after.tif
candidates/incident_75026/candidate_7/incident_75026_candidate_7_slope.tif
candidates/incident_75026/candidate_7/incident_75026_candidate_7_before.tif
candidates/incident_75026/candidate_8/incident_75026_candidate_8_mask.tif
candidates/incident_75026/candidate_6/incident_75026_candidate_6_before.tif
candidates/incident_75026/candidate_8/incident_75026_candidate_8_after.tif
candidates/incident_75026/candidate_8/incident_75026_candidate_8_slope.tif
candidates/incident_75028/candidate_1/incident_75028_candidate_1_slope.tif
candidates/incident_75028/candidate_1/incident_75028_candidate_1_mask.tif
candidates/incident_75026/candidate_8/incident_75026_candidate_8_before.tif
candidates/incident_75028/candidate_10/incident_75028_candidate_10_mask.tif
candidates/incident_75028/candidate_1/incident_75028_candidate_1_before.tif
candidates/incident_75028/candidate_1/incident_75028_candidate_1_after.tif
candidates/incident_75028/candidate_10/incident_75028_candidate_10_slope.tif
candidates/incident_75028/candidate_11/incident_75028_candidate_11_mask.tif
candidates/incident_75028/candidate_11/incident_75028_candidate_11_slope.tif
candidates/incident_75028/candidate_11/incident_75028_candidate_11_after.tif
candidates/incident_75028/candidate_10/incident_75028_candidate_10_before.tif
candidates/incident_75028/candidate_11/incident_75028_candidate_11_before.tif
candidates/incident_75028/candidate_10/incident_75028_candidate_10_after.tif
candidates/incident_75028/candidate_12/incident_75028_candidate_12_after.tif
candidates/incident_75028/candidate_12/incident_75028_candidate_12_mask.tif
candidates/incident_75028/candidate_12/incident_75028_candidate_12_slope.tif
candidates/incident_75028/candidate_12/incident_75028_candidate_12_before.tif
candidates/incident_75028/candidate_13/incident_75028_candidate_13_mask.tif
candidates/incident_75028/candidate_13/incident_75028_candidate_13_after.tif
candidates/incident_75028/candidate_13/incident_75028_candidate_13_slope.tif
candidates/incident_75028/candidate_13/incident_75028_candidate_13_before.tif
candidates/incident_75028/candidate_14/incident_75028_candidate_14_mask.tif
candidates/incident_75028/candidate_14/incident_75028_candidate_14_slope.tif
candidates/incident_75028/candidate_14/incident_75028_candidate_14_after.tif
candidates/incident_75028/candidate_15/incident_75028_candidate_15_mask.tif
candidates/incident_75028/candidate_14/incident_75028_candidate_14_before.tif
candidates/incident_75028/candidate_15/incident_75028_candidate_15_slope.tif
candidates/incident_75028/candidate_15/incident_75028_candidate_15_after.tif
candidates/incident_75028/candidate_15/incident_75028_candidate_15_before.tif
candidates/incident_75028/candidate_16/incident_75028_candidate_16_mask.tif
candidates/incident_75028/candidate_16/incident_75028_candidate_16_before.tif
candidates/incident_75028/candidate_16/incident_75028_candidate_16_slope.tif
candidates/incident_75028/candidate_17/incident_75028_candidate_17_mask.tif
candidates/incident_75028/candidate_17/incident_75028_candidate_17_slope.tif
candidates/incident_75028/candidate_16/incident_75028_candidate_16_after.tif
candidates/incident_75028/candidate_17/incident_75028_candidate_17_after.tif
candidates/incident_75028/candidate_17/incident_75028_candidate_17_before.tif
candidates/incident_75028/candidate_18/incident_75028_candidate_18_mask.tif
candidates/incident_75028/candidate_18/incident_75028_candidate_18_after.tif
candidates/incident_75028/candidate_18/incident_75028_candidate_18_slope.tif
candidates/incident_75028/candidate_18/incident_75028_candidate_18_before.tif
candidates/incident_75028/candidate_19/incident_75028_candidate_19_after.tif
candidates/incident_75028/candidate_2/incident_75028_candidate_2_mask.tif
candidates/incident_75028/candidate_19/incident_75028_candidate_19_before.tif
candidates/incident_75028/candidate_19/incident_75028_candidate_19_slope.tif
candidates/incident_75028/candidate_19/incident_75028_candidate_19_mask.tif
candidates/incident_75028/candidate_2/incident_75028_candidate_2_slope.tif
candidates/incident_75028/candidate_2/incident_75028_candidate_2_before.tif
candidates/incident_75028/candidate_2/incident_75028_candidate_2_after.tif
candidates/incident_75028/candidate_20/incident_75028_candidate_20_mask.tif
candidates/incident_75028/candidate_20/incident_75028_candidate_20_slope.tif
candidates/incident_75028/candidate_20/incident_75028_candidate_20_before.tif
candidates/incident_75028/candidate_21/incident_75028_candidate_21_slope.tif
candidates/incident_75028/candidate_21/incident_75028_candidate_21_mask.tif
candidates/incident_75028/candidate_21/incident_75028_candidate_21_after.tif
candidates/incident_75028/candidate_21/incident_75028_candidate_21_before.tif
candidates/incident_75028/candidate_20/incident_75028_candidate_20_after.tif
candidates/incident_75028/candidate_22/incident_75028_candidate_22_mask.tif
candidates/incident_75028/candidate_22/incident_75028_candidate_22_slope.tif
candidates/incident_75028/candidate_22/incident_75028_candidate_22_after.tif
candidates/incident_75028/candidate_3/incident_75028_candidate_3_mask.tif
candidates/incident_75028/candidate_3/incident_75028_candidate_3_after.tif
candidates/incident_75028/candidate_3/incident_75028_candidate_3_slope.tif
candidates/incident_75028/candidate_22/incident_75028_candidate_22_before.tif
candidates/incident_75028/candidate_3/incident_75028_candidate_3_before.tif
candidates/incident_75028/candidate_4/incident_75028_candidate_4_mask.tif
candidates/incident_75028/candidate_4/incident_75028_candidate_4_after.tif
candidates/incident_75028/candidate_4/incident_75028_candidate_4_slope.tif
candidates/incident_75028/candidate_4/incident_75028_candidate_4_before.tif
candidates/incident_75028/candidate_5/incident_75028_candidate_5_mask.tif
candidates/incident_75028/candidate_5/incident_75028_candidate_5_slope.tif
candidates/incident_75028/candidate_5/incident_75028_candidate_5_after.tif
candidates/incident_75028/candidate_5/incident_75028_candidate_5_before.tif
candidates/incident_75028/candidate_6/incident_75028_candidate_6_mask.tif
candidates/incident_75028/candidate_6/incident_75028_candidate_6_slope.tif
candidates/incident_75028/candidate_6/incident_75028_candidate_6_after.tif
candidates/incident_75028/candidate_7/incident_75028_candidate_7_mask.tif
candidates/incident_75028/candidate_7/incident_75028_candidate_7_slope.tif
candidates/incident_75028/candidate_7/incident_75028_candidate_7_after.tif
candidates/incident_75028/candidate_7/incident_75028_candidate_7_before.tif
candidates/incident_75028/candidate_6/incident_75028_candidate_6_before.tif
candidates/incident_75028/candidate_8/incident_75028_candidate_8_mask.tif
candidates/incident_75028/candidate_8/incident_75028_candidate_8_after.tif
candidates/incident_75028/candidate_8/incident_75028_candidate_8_before.tif
candidates/incident_75028/candidate_8/incident_75028_candidate_8_slope.tif
candidates/incident_75028/candidate_9/incident_75028_candidate_9_slope.tif
candidates/incident_75028/candidate_9/incident_75028_candidate_9_mask.tif
candidates/incident_75028/candidate_9/incident_75028_candidate_9_after.tif
candidates/incident_75031/candidate_1/incident_75031_candidate_1_mask.tif
candidates/incident_75031/candidate_1/incident_75031_candidate_1_slope.tif
candidates/incident_75028/candidate_9/incident_75028_candidate_9_before.tif
candidates/incident_75031/candidate_10/incident_75031_candidate_10_mask.tif
candidates/incident_75031/candidate_1/incident_75031_candidate_1_before.tif
candidates/incident_75031/candidate_10/incident_75031_candidate_10_slope.tif
candidates/incident_75031/candidate_1/incident_75031_candidate_1_after.tif
candidates/incident_75031/candidate_10/incident_75031_candidate_10_before.tif
candidates/incident_75031/candidate_11/incident_75031_candidate_11_after.tif
candidates/incident_75031/candidate_11/incident_75031_candidate_11_mask.tif
candidates/incident_75031/candidate_11/incident_75031_candidate_11_slope.tif
candidates/incident_75031/candidate_12/incident_75031_candidate_12_mask.tif
candidates/incident_75031/candidate_11/incident_75031_candidate_11_before.tif
candidates/incident_75031/candidate_10/incident_75031_candidate_10_after.tif
candidates/incident_75031/candidate_12/incident_75031_candidate_12_slope.tif
candidates/incident_75031/candidate_12/incident_75031_candidate_12_before.tif
candidates/incident_75031/candidate_12/incident_75031_candidate_12_after.tif
candidates/incident_75031/candidate_13/incident_75031_candidate_13_mask.tif
candidates/incident_75031/candidate_13/incident_75031_candidate_13_after.tif
candidates/incident_75031/candidate_13/incident_75031_candidate_13_slope.tif
candidates/incident_75031/candidate_13/incident_75031_candidate_13_before.tif
candidates/incident_75031/candidate_2/incident_75031_candidate_2_mask.tif
candidates/incident_75031/candidate_2/incident_75031_candidate_2_before.tif
candidates/incident_75031/candidate_2/incident_75031_candidate_2_after.tif
candidates/incident_75031/candidate_2/incident_75031_candidate_2_slope.tif
candidates/incident_75031/candidate_3/incident_75031_candidate_3_mask.tif
candidates/incident_75031/candidate_3/incident_75031_candidate_3_slope.tif
candidates/incident_75031/candidate_3/incident_75031_candidate_3_after.tif
candidates/incident_75031/candidate_3/incident_75031_candidate_3_before.tif
candidates/incident_75031/candidate_4/incident_75031_candidate_4_mask.tif
candidates/incident_75031/candidate_4/incident_75031_candidate_4_slope.tif
candidates/incident_75031/candidate_4/incident_75031_candidate_4_after.tif
candidates/incident_75031/candidate_4/incident_75031_candidate_4_before.tif
candidates/incident_75031/candidate_5/incident_75031_candidate_5_after.tif
candidates/incident_75031/candidate_5/incident_75031_candidate_5_mask.tif
candidates/incident_75031/candidate_5/incident_75031_candidate_5_slope.tif
candidates/incident_75031/candidate_6/incident_75031_candidate_6_mask.tif
candidates/incident_75031/candidate_6/incident_75031_candidate_6_before.tif
candidates/incident_75031/candidate_6/incident_75031_candidate_6_slope.tif
candidates/incident_75031/candidate_6/incident_75031_candidate_6_after.tif
candidates/incident_75031/candidate_5/incident_75031_candidate_5_before.tif
candidates/incident_75031/candidate_7/incident_75031_candidate_7_mask.tif
candidates/incident_75031/candidate_7/incident_75031_candidate_7_slope.tif
candidates/incident_75031/candidate_7/incident_75031_candidate_7_after.tif
candidates/incident_75031/candidate_7/incident_75031_candidate_7_before.tif
candidates/incident_75031/candidate_8/incident_75031_candidate_8_slope.tif
candidates/incident_75031/candidate_8/incident_75031_candidate_8_mask.tif
candidates/incident_75031/candidate_8/incident_75031_candidate_8_after.tif
candidates/incident_75036/candidate_1/incident_75036_candidate_1_after.tif
candidates/incident_75036/candidate_1/incident_75036_candidate_1_before.tif
candidates/incident_75031/candidate_9/incident_75031_candidate_9_slope.tif
candidates/incident_75031/candidate_9/incident_75031_candidate_9_mask.tif
candidates/incident_75036/candidate_10/incident_75036_candidate_10_after.tif
candidates/incident_75036/candidate_1/incident_75036_candidate_1_mask.tif
candidates/incident_75031/candidate_9/incident_75031_candidate_9_before.tif
candidates/incident_75036/candidate_1/incident_75036_candidate_1_slope.tif
candidates/incident_75036/candidate_10/incident_75036_candidate_10_before.tif
candidates/incident_75031/candidate_8/incident_75031_candidate_8_before.tif
candidates/incident_75036/candidate_11/incident_75036_candidate_11_after.tif
candidates/incident_75036/candidate_11/incident_75036_candidate_11_before.tif
candidates/incident_75036/candidate_10/incident_75036_candidate_10_mask.tif
candidates/incident_75036/candidate_12/incident_75036_candidate_12_after.tif
candidates/incident_75036/candidate_10/incident_75036_candidate_10_slope.tif
candidates/incident_75036/candidate_11/incident_75036_candidate_11_mask.tif
candidates/incident_75036/candidate_12/incident_75036_candidate_12_before.tif
candidates/incident_75036/candidate_11/incident_75036_candidate_11_slope.tif
candidates/incident_75031/candidate_9/incident_75031_candidate_9_after.tif
candidates/incident_75036/candidate_13/incident_75036_candidate_13_before.tif
candidates/incident_75036/candidate_13/incident_75036_candidate_13_after.tif
candidates/incident_75036/candidate_14/incident_75036_candidate_14_after.tif
candidates/incident_75036/candidate_12/incident_75036_candidate_12_slope.tif
candidates/incident_75036/candidate_14/incident_75036_candidate_14_before.tif
candidates/incident_75036/candidate_12/incident_75036_candidate_12_mask.tif
candidates/incident_75036/candidate_13/incident_75036_candidate_13_mask.tif
candidates/incident_75036/candidate_15/incident_75036_candidate_15_after.tif
candidates/incident_75036/candidate_13/incident_75036_candidate_13_slope.tif
candidates/incident_75036/candidate_15/incident_75036_candidate_15_before.tif
candidates/incident_75036/candidate_14/incident_75036_candidate_14_mask.tif
candidates/incident_75036/candidate_14/incident_75036_candidate_14_slope.tif
candidates/incident_75036/candidate_16/incident_75036_candidate_16_after.tif
candidates/incident_75036/candidate_17/incident_75036_candidate_17_after.tif
candidates/incident_75036/candidate_15/incident_75036_candidate_15_slope.tif
candidates/incident_75036/candidate_16/incident_75036_candidate_16_before.tif
candidates/incident_75036/candidate_15/incident_75036_candidate_15_mask.tif
candidates/incident_75036/candidate_17/incident_75036_candidate_17_before.tif
candidates/incident_75036/candidate_16/incident_75036_candidate_16_slope.tif
candidates/incident_75036/candidate_18/incident_75036_candidate_18_after.tif
candidates/incident_75036/candidate_18/incident_75036_candidate_18_before.tif
candidates/incident_75036/candidate_16/incident_75036_candidate_16_mask.tif
candidates/incident_75036/candidate_17/incident_75036_candidate_17_mask.tif
candidates/incident_75036/candidate_17/incident_75036_candidate_17_slope.tif
candidates/incident_75036/candidate_19/incident_75036_candidate_19_after.tif
candidates/incident_75036/candidate_19/incident_75036_candidate_19_before.tif
candidates/incident_75036/candidate_18/incident_75036_candidate_18_mask.tif
candidates/incident_75036/candidate_2/incident_75036_candidate_2_after.tif
candidates/incident_75036/candidate_18/incident_75036_candidate_18_slope.tif
candidates/incident_75036/candidate_19/incident_75036_candidate_19_slope.tif
candidates/incident_75036/candidate_2/incident_75036_candidate_2_before.tif
candidates/incident_75036/candidate_19/incident_75036_candidate_19_mask.tif
candidates/incident_75036/candidate_20/incident_75036_candidate_20_after.tif
candidates/incident_75036/candidate_20/incident_75036_candidate_20_before.tif
candidates/incident_75036/candidate_2/incident_75036_candidate_2_slope.tif
candidates/incident_75036/candidate_2/incident_75036_candidate_2_mask.tif
candidates/incident_75036/candidate_21/incident_75036_candidate_21_after.tif
candidates/incident_75036/candidate_21/incident_75036_candidate_21_before.tif
candidates/incident_75036/candidate_20/incident_75036_candidate_20_mask.tif
candidates/incident_75036/candidate_22/incident_75036_candidate_22_after.tif
candidates/incident_75036/candidate_22/incident_75036_candidate_22_before.tif
candidates/incident_75036/candidate_20/incident_75036_candidate_20_slope.tif
candidates/incident_75036/candidate_21/incident_75036_candidate_21_mask.tif
candidates/incident_75036/candidate_21/incident_75036_candidate_21_slope.tif
candidates/incident_75036/candidate_3/incident_75036_candidate_3_after.tif
candidates/incident_75036/candidate_3/incident_75036_candidate_3_before.tif
candidates/incident_75036/candidate_22/incident_75036_candidate_22_mask.tif
candidates/incident_75036/candidate_22/incident_75036_candidate_22_slope.tif
candidates/incident_75036/candidate_4/incident_75036_candidate_4_after.tif
candidates/incident_75036/candidate_4/incident_75036_candidate_4_before.tif
candidates/incident_75036/candidate_3/incident_75036_candidate_3_mask.tif
candidates/incident_75036/candidate_5/incident_75036_candidate_5_after.tif
candidates/incident_75036/candidate_3/incident_75036_candidate_3_slope.tif
candidates/incident_75036/candidate_5/incident_75036_candidate_5_before.tif
candidates/incident_75036/candidate_6/incident_75036_candidate_6_after.tif
candidates/incident_75036/candidate_4/incident_75036_candidate_4_slope.tif
candidates/incident_75036/candidate_4/incident_75036_candidate_4_mask.tif
candidates/incident_75036/candidate_6/incident_75036_candidate_6_before.tif
candidates/incident_75036/candidate_5/incident_75036_candidate_5_mask.tif
candidates/incident_75036/candidate_5/incident_75036_candidate_5_slope.tif
candidates/incident_75036/candidate_7/incident_75036_candidate_7_before.tif
candidates/incident_75036/candidate_7/incident_75036_candidate_7_after.tif
candidates/incident_75036/candidate_6/incident_75036_candidate_6_mask.tif
candidates/incident_75036/candidate_6/incident_75036_candidate_6_slope.tif
candidates/incident_75036/candidate_8/incident_75036_candidate_8_after.tif
candidates/incident_75036/candidate_8/incident_75036_candidate_8_before.tif
candidates/incident_75036/candidate_7/incident_75036_candidate_7_mask.tif
candidates/incident_75036/candidate_7/incident_75036_candidate_7_slope.tif
candidates/incident_75036/candidate_9/incident_75036_candidate_9_before.tif
candidates/incident_75036/candidate_9/incident_75036_candidate_9_after.tif
candidates/incident_75036/candidate_8/incident_75036_candidate_8_slope.tif
candidates/incident_75036/candidate_8/incident_75036_candidate_8_mask.tif
candidates/incident_75036/candidate_9/incident_75036_candidate_9_slope.tif
candidates/incident_75036/candidate_9/incident_75036_candidate_9_mask.tif
candidates/incident_75051/candidate_1/incident_75051_candidate_1_mask.tif
candidates/incident_75051/candidate_1/incident_75051_candidate_1_slope.tif
candidates/incident_75051/candidate_10/incident_75051_candidate_10_mask.tif
candidates/incident_75051/candidate_10/incident_75051_candidate_10_slope.tif
candidates/incident_75051/candidate_1/incident_75051_candidate_1_after.tif
candidates/incident_75051/candidate_10/incident_75051_candidate_10_after.tif
candidates/incident_75051/candidate_1/incident_75051_candidate_1_before.tif
candidates/incident_75051/candidate_10/incident_75051_candidate_10_before.tif
candidates/incident_75051/candidate_11/incident_75051_candidate_11_mask.tif
candidates/incident_75051/candidate_11/incident_75051_candidate_11_before.tif
candidates/incident_75051/candidate_11/incident_75051_candidate_11_slope.tif
candidates/incident_75051/candidate_12/incident_75051_candidate_12_mask.tif
candidates/incident_75051/candidate_11/incident_75051_candidate_11_after.tif
candidates/incident_75051/candidate_12/incident_75051_candidate_12_slope.tif
candidates/incident_75051/candidate_13/incident_75051_candidate_13_mask.tif
candidates/incident_75051/candidate_12/incident_75051_candidate_12_before.tif
candidates/incident_75051/candidate_12/incident_75051_candidate_12_after.tif
candidates/incident_75051/candidate_13/incident_75051_candidate_13_after.tif
candidates/incident_75051/candidate_13/incident_75051_candidate_13_slope.tif
candidates/incident_75051/candidate_13/incident_75051_candidate_13_before.tif
candidates/incident_75051/candidate_14/incident_75051_candidate_14_slope.tif
candidates/incident_75051/candidate_14/incident_75051_candidate_14_mask.tif
candidates/incident_75051/candidate_14/incident_75051_candidate_14_after.tif
candidates/incident_75051/candidate_14/incident_75051_candidate_14_before.tif
candidates/incident_75051/candidate_15/incident_75051_candidate_15_mask.tif
candidates/incident_75051/candidate_15/incident_75051_candidate_15_slope.tif
candidates/incident_75051/candidate_16/incident_75051_candidate_16_slope.tif
candidates/incident_75051/candidate_15/incident_75051_candidate_15_before.tif
candidates/incident_75051/candidate_16/incident_75051_candidate_16_mask.tif
candidates/incident_75051/candidate_16/incident_75051_candidate_16_after.tif
candidates/incident_75051/candidate_15/incident_75051_candidate_15_after.tif
candidates/incident_75051/candidate_17/incident_75051_candidate_17_mask.tif
candidates/incident_75051/candidate_17/incident_75051_candidate_17_after.tif
candidates/incident_75051/candidate_17/incident_75051_candidate_17_slope.tif
candidates/incident_75051/candidate_16/incident_75051_candidate_16_before.tif
candidates/incident_75051/candidate_17/incident_75051_candidate_17_before.tif
candidates/incident_75051/candidate_18/incident_75051_candidate_18_after.tif
candidates/incident_75051/candidate_18/incident_75051_candidate_18_mask.tif
candidates/incident_75051/candidate_18/incident_75051_candidate_18_slope.tif
candidates/incident_75051/candidate_18/incident_75051_candidate_18_before.tif
candidates/incident_75051/candidate_19/incident_75051_candidate_19_mask.tif
candidates/incident_75051/candidate_19/incident_75051_candidate_19_slope.tif
candidates/incident_75051/candidate_19/incident_75051_candidate_19_before.tif
candidates/incident_75051/candidate_19/incident_75051_candidate_19_after.tif
candidates/incident_75051/candidate_2/incident_75051_candidate_2_mask.tif
candidates/incident_75051/candidate_2/incident_75051_candidate_2_slope.tif
candidates/incident_75051/candidate_2/incident_75051_candidate_2_after.tif
candidates/incident_75051/candidate_2/incident_75051_candidate_2_before.tif
candidates/incident_75051/candidate_20/incident_75051_candidate_20_mask.tif
candidates/incident_75051/candidate_20/incident_75051_candidate_20_slope.tif
candidates/incident_75051/candidate_20/incident_75051_candidate_20_before.tif
candidates/incident_75051/candidate_20/incident_75051_candidate_20_after.tif
candidates/incident_75051/candidate_3/incident_75051_candidate_3_mask.tif
candidates/incident_75051/candidate_3/incident_75051_candidate_3_slope.tif
candidates/incident_75051/candidate_4/incident_75051_candidate_4_slope.tif
candidates/incident_75051/candidate_4/incident_75051_candidate_4_mask.tif
candidates/incident_75051/candidate_4/incident_75051_candidate_4_before.tif
candidates/incident_75051/candidate_3/incident_75051_candidate_3_before.tif
candidates/incident_75051/candidate_4/incident_75051_candidate_4_after.tif
candidates/incident_75051/candidate_3/incident_75051_candidate_3_after.tif
candidates/incident_75051/candidate_5/incident_75051_candidate_5_after.tif
candidates/incident_75051/candidate_5/incident_75051_candidate_5_slope.tif
candidates/incident_75051/candidate_5/incident_75051_candidate_5_mask.tif
candidates/incident_75051/candidate_5/incident_75051_candidate_5_before.tif
candidates/incident_75051/candidate_6/incident_75051_candidate_6_mask.tif
candidates/incident_75051/candidate_6/incident_75051_candidate_6_slope.tif
candidates/incident_75051/candidate_6/incident_75051_candidate_6_after.tif
candidates/incident_75051/candidate_7/incident_75051_candidate_7_mask.tif
candidates/incident_75051/candidate_7/incident_75051_candidate_7_slope.tif
candidates/incident_75051/candidate_6/incident_75051_candidate_6_before.tif
candidates/incident_75051/candidate_7/incident_75051_candidate_7_after.tif
candidates/incident_75051/candidate_8/incident_75051_candidate_8_slope.tif
candidates/incident_75051/candidate_8/incident_75051_candidate_8_mask.tif
candidates/incident_75051/candidate_8/incident_75051_candidate_8_before.tif
candidates/incident_75051/candidate_8/incident_75051_candidate_8_after.tif
candidates/incident_75051/candidate_7/incident_75051_candidate_7_before.tif
candidates/incident_75051/candidate_9/incident_75051_candidate_9_mask.tif
candidates/incident_75051/candidate_9/incident_75051_candidate_9_slope.tif
candidates/incident_75074/candidate_1/incident_75074_candidate_1_mask.tif
candidates/incident_75074/candidate_1/incident_75074_candidate_1_slope.tif
candidates/incident_75051/candidate_9/incident_75051_candidate_9_before.tif
candidates/incident_75051/candidate_9/incident_75051_candidate_9_after.tif
candidates/incident_75074/candidate_10/incident_75074_candidate_10_mask.tif
candidates/incident_75074/candidate_10/incident_75074_candidate_10_slope.tif
candidates/incident_75074/candidate_1/incident_75074_candidate_1_after.tif
candidates/incident_75074/candidate_1/incident_75074_candidate_1_before.tif
candidates/incident_75074/candidate_11/incident_75074_candidate_11_mask.tif
candidates/incident_75074/candidate_11/incident_75074_candidate_11_before.tif
candidates/incident_75074/candidate_11/incident_75074_candidate_11_slope.tif
candidates/incident_75074/candidate_11/incident_75074_candidate_11_after.tif
candidates/incident_75074/candidate_10/incident_75074_candidate_10_before.tif
candidates/incident_75074/candidate_10/incident_75074_candidate_10_after.tif
candidates/incident_75074/candidate_12/incident_75074_candidate_12_after.tif
candidates/incident_75074/candidate_12/incident_75074_candidate_12_before.tif
candidates/incident_75074/candidate_12/incident_75074_candidate_12_mask.tif
candidates/incident_75074/candidate_12/incident_75074_candidate_12_slope.tif
candidates/incident_75074/candidate_13/incident_75074_candidate_13_mask.tif
candidates/incident_75074/candidate_13/incident_75074_candidate_13_slope.tif
candidates/incident_75074/candidate_13/incident_75074_candidate_13_before.tif
candidates/incident_75074/candidate_2/incident_75074_candidate_2_mask.tif
candidates/incident_75074/candidate_2/incident_75074_candidate_2_slope.tif
candidates/incident_75074/candidate_2/incident_75074_candidate_2_before.tif
candidates/incident_75074/candidate_2/incident_75074_candidate_2_after.tif
candidates/incident_75074/candidate_3/incident_75074_candidate_3_after.tif
candidates/incident_75074/candidate_3/incident_75074_candidate_3_mask.tif
candidates/incident_75074/candidate_13/incident_75074_candidate_13_after.tif
candidates/incident_75074/candidate_3/incident_75074_candidate_3_before.tif
candidates/incident_75074/candidate_3/incident_75074_candidate_3_slope.tif
candidates/incident_75074/candidate_4/incident_75074_candidate_4_mask.tif
candidates/incident_75074/candidate_4/incident_75074_candidate_4_after.tif
candidates/incident_75074/candidate_4/incident_75074_candidate_4_slope.tif
candidates/incident_75074/candidate_5/incident_75074_candidate_5_mask.tif
candidates/incident_75074/candidate_5/incident_75074_candidate_5_slope.tif
candidates/incident_75074/candidate_4/incident_75074_candidate_4_before.tif
candidates/incident_75074/candidate_5/incident_75074_candidate_5_before.tif
candidates/incident_75074/candidate_6/incident_75074_candidate_6_mask.tif
candidates/incident_75074/candidate_5/incident_75074_candidate_5_after.tif
candidates/incident_75074/candidate_6/incident_75074_candidate_6_slope.tif
candidates/incident_75074/candidate_6/incident_75074_candidate_6_before.tif
candidates/incident_75074/candidate_6/incident_75074_candidate_6_after.tif
candidates/incident_75074/candidate_7/incident_75074_candidate_7_mask.tif
candidates/incident_75074/candidate_7/incident_75074_candidate_7_before.tif
candidates/incident_75074/candidate_7/incident_75074_candidate_7_slope.tif
candidates/incident_75074/candidate_7/incident_75074_candidate_7_after.tif
candidates/incident_75074/candidate_8/incident_75074_candidate_8_mask.tif
candidates/incident_75074/candidate_8/incident_75074_candidate_8_slope.tif
candidates/incident_75074/candidate_8/incident_75074_candidate_8_after.tif
candidates/incident_75074/candidate_8/incident_75074_candidate_8_before.tif
candidates/incident_75074/candidate_9/incident_75074_candidate_9_slope.tif
candidates/incident_75074/candidate_9/incident_75074_candidate_9_before.tif
candidates/incident_75074/candidate_9/incident_75074_candidate_9_mask.tif
candidates/incident_75088/candidate_1/incident_75088_candidate_1_mask.tif
candidates/incident_75088/candidate_1/incident_75088_candidate_1_slope.tif
candidates/incident_75074/candidate_9/incident_75074_candidate_9_after.tif
candidates/incident_75088/candidate_10/incident_75088_candidate_10_mask.tif
candidates/incident_75088/candidate_10/incident_75088_candidate_10_slope.tif
candidates/incident_75088/candidate_10/incident_75088_candidate_10_before.tif
candidates/incident_75088/candidate_1/incident_75088_candidate_1_after.tif
candidates/incident_75088/candidate_11/incident_75088_candidate_11_after.tif
candidates/incident_75088/candidate_10/incident_75088_candidate_10_after.tif
candidates/incident_75088/candidate_11/incident_75088_candidate_11_mask.tif
candidates/incident_75088/candidate_11/incident_75088_candidate_11_slope.tif
candidates/incident_75088/candidate_11/incident_75088_candidate_11_before.tif
candidates/incident_75088/candidate_1/incident_75088_candidate_1_before.tif
candidates/incident_75088/candidate_12/incident_75088_candidate_12_mask.tif
candidates/incident_75088/candidate_12/incident_75088_candidate_12_slope.tif
candidates/incident_75088/candidate_12/incident_75088_candidate_12_after.tif
candidates/incident_75088/candidate_12/incident_75088_candidate_12_before.tif
candidates/incident_75088/candidate_13/incident_75088_candidate_13_slope.tif
candidates/incident_75088/candidate_13/incident_75088_candidate_13_mask.tif
candidates/incident_75088/candidate_13/incident_75088_candidate_13_before.tif
candidates/incident_75088/candidate_14/incident_75088_candidate_14_mask.tif
candidates/incident_75088/candidate_14/incident_75088_candidate_14_slope.tif
candidates/incident_75088/candidate_13/incident_75088_candidate_13_after.tif
candidates/incident_75088/candidate_14/incident_75088_candidate_14_after.tif
candidates/incident_75088/candidate_14/incident_75088_candidate_14_before.tif
candidates/incident_75088/candidate_15/incident_75088_candidate_15_mask.tif
candidates/incident_75088/candidate_15/incident_75088_candidate_15_after.tif
candidates/incident_75088/candidate_15/incident_75088_candidate_15_slope.tif
candidates/incident_75088/candidate_16/incident_75088_candidate_16_mask.tif
candidates/incident_75088/candidate_16/incident_75088_candidate_16_slope.tif
candidates/incident_75088/candidate_16/incident_75088_candidate_16_after.tif
candidates/incident_75088/candidate_17/incident_75088_candidate_17_mask.tif
candidates/incident_75088/candidate_15/incident_75088_candidate_15_before.tif
candidates/incident_75088/candidate_17/incident_75088_candidate_17_before.tif
candidates/incident_75088/candidate_17/incident_75088_candidate_17_slope.tif
candidates/incident_75088/candidate_17/incident_75088_candidate_17_after.tif
candidates/incident_75088/candidate_18/incident_75088_candidate_18_mask.tif
candidates/incident_75088/candidate_16/incident_75088_candidate_16_before.tif
candidates/incident_75088/candidate_18/incident_75088_candidate_18_after.tif
candidates/incident_75088/candidate_18/incident_75088_candidate_18_slope.tif
candidates/incident_75088/candidate_18/incident_75088_candidate_18_before.tif
candidates/incident_75088/candidate_19/incident_75088_candidate_19_mask.tif
candidates/incident_75088/candidate_19/incident_75088_candidate_19_slope.tif
candidates/incident_75088/candidate_19/incident_75088_candidate_19_before.tif
candidates/incident_75088/candidate_2/incident_75088_candidate_2_slope.tif
candidates/incident_75088/candidate_2/incident_75088_candidate_2_mask.tif
candidates/incident_75088/candidate_2/incident_75088_candidate_2_after.tif
candidates/incident_75088/candidate_19/incident_75088_candidate_19_after.tif
candidates/incident_75088/candidate_20/incident_75088_candidate_20_mask.tif
candidates/incident_75088/candidate_20/incident_75088_candidate_20_after.tif
candidates/incident_75088/candidate_20/incident_75088_candidate_20_slope.tif
candidates/incident_75088/candidate_20/incident_75088_candidate_20_before.tif
candidates/incident_75088/candidate_2/incident_75088_candidate_2_before.tif
candidates/incident_75088/candidate_21/incident_75088_candidate_21_mask.tif
candidates/incident_75088/candidate_21/incident_75088_candidate_21_slope.tif
candidates/incident_75088/candidate_21/incident_75088_candidate_21_before.tif
candidates/incident_75088/candidate_22/incident_75088_candidate_22_mask.tif
candidates/incident_75088/candidate_22/incident_75088_candidate_22_slope.tif
candidates/incident_75088/candidate_22/incident_75088_candidate_22_after.tif
candidates/incident_75088/candidate_22/incident_75088_candidate_22_before.tif
candidates/incident_75088/candidate_21/incident_75088_candidate_21_after.tif
candidates/incident_75088/candidate_23/incident_75088_candidate_23_mask.tif
candidates/incident_75088/candidate_23/incident_75088_candidate_23_slope.tif
candidates/incident_75088/candidate_23/incident_75088_candidate_23_after.tif
candidates/incident_75088/candidate_24/incident_75088_candidate_24_slope.tif
candidates/incident_75088/candidate_24/incident_75088_candidate_24_mask.tif
candidates/incident_75088/candidate_24/incident_75088_candidate_24_after.tif
candidates/incident_75088/candidate_24/incident_75088_candidate_24_before.tif
candidates/incident_75088/candidate_23/incident_75088_candidate_23_before.tif
candidates/incident_75088/candidate_25/incident_75088_candidate_25_mask.tif
candidates/incident_75088/candidate_25/incident_75088_candidate_25_after.tif
candidates/incident_75088/candidate_25/incident_75088_candidate_25_slope.tif
candidates/incident_75088/candidate_25/incident_75088_candidate_25_before.tif
candidates/incident_75088/candidate_26/incident_75088_candidate_26_mask.tif
candidates/incident_75088/candidate_26/incident_75088_candidate_26_slope.tif
candidates/incident_75088/candidate_26/incident_75088_candidate_26_before.tif
candidates/incident_75088/candidate_27/incident_75088_candidate_27_mask.tif
candidates/incident_75088/candidate_27/incident_75088_candidate_27_slope.tif
candidates/incident_75088/candidate_26/incident_75088_candidate_26_after.tif
candidates/incident_75088/candidate_27/incident_75088_candidate_27_after.tif
candidates/incident_75088/candidate_28/incident_75088_candidate_28_mask.tif
candidates/incident_75088/candidate_28/incident_75088_candidate_28_after.tif
candidates/incident_75088/candidate_28/incident_75088_candidate_28_slope.tif
candidates/incident_75088/candidate_27/incident_75088_candidate_27_before.tif
candidates/incident_75088/candidate_28/incident_75088_candidate_28_before.tif
candidates/incident_75088/candidate_29/incident_75088_candidate_29_mask.tif
candidates/incident_75088/candidate_29/incident_75088_candidate_29_after.tif
candidates/incident_75088/candidate_29/incident_75088_candidate_29_slope.tif
candidates/incident_75088/candidate_3/incident_75088_candidate_3_mask.tif
candidates/incident_75088/candidate_3/incident_75088_candidate_3_slope.tif
candidates/incident_75088/candidate_3/incident_75088_candidate_3_after.tif
candidates/incident_75088/candidate_3/incident_75088_candidate_3_before.tif
candidates/incident_75088/candidate_30/incident_75088_candidate_30_mask.tif
candidates/incident_75088/candidate_29/incident_75088_candidate_29_before.tif
candidates/incident_75088/candidate_30/incident_75088_candidate_30_slope.tif
candidates/incident_75088/candidate_30/incident_75088_candidate_30_before.tif
candidates/incident_75088/candidate_30/incident_75088_candidate_30_after.tif
candidates/incident_75088/candidate_31/incident_75088_candidate_31_slope.tif
candidates/incident_75088/candidate_31/incident_75088_candidate_31_mask.tif
candidates/incident_75088/candidate_31/incident_75088_candidate_31_after.tif
candidates/incident_75088/candidate_31/incident_75088_candidate_31_before.tif
candidates/incident_75088/candidate_32/incident_75088_candidate_32_mask.tif
candidates/incident_75088/candidate_32/incident_75088_candidate_32_slope.tif
candidates/incident_75088/candidate_32/incident_75088_candidate_32_after.tif
candidates/incident_75088/candidate_32/incident_75088_candidate_32_before.tif
candidates/incident_75088/candidate_33/incident_75088_candidate_33_mask.tif
candidates/incident_75088/candidate_33/incident_75088_candidate_33_slope.tif
candidates/incident_75088/candidate_33/incident_75088_candidate_33_after.tif
candidates/incident_75088/candidate_34/incident_75088_candidate_34_mask.tif
candidates/incident_75088/candidate_34/incident_75088_candidate_34_slope.tif
candidates/incident_75088/candidate_33/incident_75088_candidate_33_before.tif
candidates/incident_75088/candidate_34/incident_75088_candidate_34_before.tif
candidates/incident_75088/candidate_35/incident_75088_candidate_35_mask.tif
candidates/incident_75088/candidate_34/incident_75088_candidate_34_after.tif
candidates/incident_75088/candidate_35/incident_75088_candidate_35_slope.tif
candidates/incident_75088/candidate_35/incident_75088_candidate_35_after.tif
candidates/incident_75088/candidate_36/incident_75088_candidate_36_mask.tif
candidates/incident_75088/candidate_36/incident_75088_candidate_36_slope.tif
candidates/incident_75088/candidate_36/incident_75088_candidate_36_after.tif
candidates/incident_75088/candidate_35/incident_75088_candidate_35_before.tif
candidates/incident_75088/candidate_37/incident_75088_candidate_37_mask.tif
candidates/incident_75088/candidate_37/incident_75088_candidate_37_after.tif
candidates/incident_75088/candidate_36/incident_75088_candidate_36_before.tif
candidates/incident_75088/candidate_37/incident_75088_candidate_37_slope.tif
candidates/incident_75088/candidate_38/incident_75088_candidate_38_mask.tif
candidates/incident_75088/candidate_37/incident_75088_candidate_37_before.tif
candidates/incident_75088/candidate_38/incident_75088_candidate_38_before.tif
candidates/incident_75088/candidate_38/incident_75088_candidate_38_slope.tif
candidates/incident_75088/candidate_39/incident_75088_candidate_39_mask.tif
candidates/incident_75088/candidate_39/incident_75088_candidate_39_slope.tif
candidates/incident_75088/candidate_39/incident_75088_candidate_39_before.tif
candidates/incident_75088/candidate_38/incident_75088_candidate_38_after.tif
candidates/incident_75088/candidate_39/incident_75088_candidate_39_after.tif
candidates/incident_75088/candidate_4/incident_75088_candidate_4_mask.tif
candidates/incident_75088/candidate_4/incident_75088_candidate_4_slope.tif
candidates/incident_75088/candidate_40/incident_75088_candidate_40_slope.tif
candidates/incident_75088/candidate_40/incident_75088_candidate_40_mask.tif
candidates/incident_75088/candidate_4/incident_75088_candidate_4_before.tif
candidates/incident_75088/candidate_4/incident_75088_candidate_4_after.tif
candidates/incident_75088/candidate_40/incident_75088_candidate_40_before.tif
candidates/incident_75088/candidate_41/incident_75088_candidate_41_after.tif
candidates/incident_75088/candidate_40/incident_75088_candidate_40_after.tif
candidates/incident_75088/candidate_41/incident_75088_candidate_41_mask.tif
candidates/incident_75088/candidate_41/incident_75088_candidate_41_slope.tif
candidates/incident_75088/candidate_42/incident_75088_candidate_42_mask.tif
candidates/incident_75088/candidate_42/incident_75088_candidate_42_slope.tif
candidates/incident_75088/candidate_42/incident_75088_candidate_42_after.tif
candidates/incident_75088/candidate_42/incident_75088_candidate_42_before.tif
candidates/incident_75088/candidate_5/incident_75088_candidate_5_mask.tif
candidates/incident_75088/candidate_41/incident_75088_candidate_41_before.tif
candidates/incident_75088/candidate_5/incident_75088_candidate_5_before.tif
candidates/incident_75088/candidate_5/incident_75088_candidate_5_slope.tif
candidates/incident_75088/candidate_6/incident_75088_candidate_6_mask.tif
candidates/incident_75088/candidate_6/incident_75088_candidate_6_slope.tif
candidates/incident_75088/candidate_6/incident_75088_candidate_6_after.tif
candidates/incident_75088/candidate_6/incident_75088_candidate_6_before.tif
candidates/incident_75088/candidate_7/incident_75088_candidate_7_mask.tif
candidates/incident_75088/candidate_7/incident_75088_candidate_7_slope.tif
candidates/incident_75088/candidate_7/incident_75088_candidate_7_after.tif
candidates/incident_75088/candidate_8/incident_75088_candidate_8_mask.tif
candidates/incident_75088/candidate_7/incident_75088_candidate_7_before.tif
candidates/incident_75088/candidate_5/incident_75088_candidate_5_after.tif
candidates/incident_75088/candidate_8/incident_75088_candidate_8_before.tif
candidates/incident_75088/candidate_8/incident_75088_candidate_8_slope.tif
candidates/incident_75088/candidate_8/incident_75088_candidate_8_after.tif
candidates/incident_75088/candidate_9/incident_75088_candidate_9_mask.tif
candidates/incident_75088/candidate_9/incident_75088_candidate_9_slope.tif
candidates/incident_75088/candidate_9/incident_75088_candidate_9_after.tif
candidates/incident_75088/candidate_9/incident_75088_candidate_9_before.tif
candidates/incident_75105/candidate_1/incident_75105_candidate_1_mask.tif
candidates/incident_75105/candidate_1/incident_75105_candidate_1_slope.tif
candidates/incident_75105/candidate_1/incident_75105_candidate_1_before.tif
candidates/incident_75105/candidate_1/incident_75105_candidate_1_after.tif
candidates/incident_75105/candidate_10/incident_75105_candidate_10_mask.tif
candidates/incident_75105/candidate_10/incident_75105_candidate_10_slope.tif
candidates/incident_75105/candidate_10/incident_75105_candidate_10_after.tif
candidates/incident_75105/candidate_10/incident_75105_candidate_10_before.tif
candidates/incident_75105/candidate_11/incident_75105_candidate_11_after.tif
candidates/incident_75105/candidate_11/incident_75105_candidate_11_slope.tif
candidates/incident_75105/candidate_11/incident_75105_candidate_11_mask.tif
candidates/incident_75105/candidate_11/incident_75105_candidate_11_before.tif
candidates/incident_75105/candidate_2/incident_75105_candidate_2_mask.tif
candidates/incident_75105/candidate_2/incident_75105_candidate_2_slope.tif
candidates/incident_75105/candidate_2/incident_75105_candidate_2_after.tif
candidates/incident_75105/candidate_2/incident_75105_candidate_2_before.tif
candidates/incident_75105/candidate_3/incident_75105_candidate_3_mask.tif
candidates/incident_75105/candidate_3/incident_75105_candidate_3_slope.tif
candidates/incident_75105/candidate_3/incident_75105_candidate_3_before.tif
candidates/incident_75105/candidate_4/incident_75105_candidate_4_mask.tif
candidates/incident_75105/candidate_4/incident_75105_candidate_4_after.tif
candidates/incident_75105/candidate_4/incident_75105_candidate_4_slope.tif
candidates/incident_75105/candidate_5/incident_75105_candidate_5_mask.tif
candidates/incident_75105/candidate_4/incident_75105_candidate_4_before.tif
candidates/incident_75105/candidate_5/incident_75105_candidate_5_after.tif
candidates/incident_75105/candidate_5/incident_75105_candidate_5_slope.tif
candidates/incident_75105/candidate_3/incident_75105_candidate_3_after.tif
candidates/incident_75105/candidate_5/incident_75105_candidate_5_before.tif
candidates/incident_75105/candidate_6/incident_75105_candidate_6_mask.tif
candidates/incident_75105/candidate_6/incident_75105_candidate_6_slope.tif
candidates/incident_75105/candidate_6/incident_75105_candidate_6_before.tif
candidates/incident_75105/candidate_7/incident_75105_candidate_7_mask.tif
candidates/incident_75105/candidate_8/incident_75105_candidate_8_after.tif
candidates/incident_75105/candidate_8/incident_75105_candidate_8_before.tif
candidates/incident_75105/candidate_7/incident_75105_candidate_7_slope.tif
candidates/incident_75105/candidate_7/incident_75105_candidate_7_before.tif
candidates/incident_75105/candidate_6/incident_75105_candidate_6_after.tif
candidates/incident_75105/candidate_8/incident_75105_candidate_8_slope.tif
candidates/incident_75124/candidate_1/incident_75124_candidate_1_after.tif
candidates/incident_75105/candidate_7/incident_75105_candidate_7_after.tif
candidates/incident_75105/candidate_8/incident_75105_candidate_8_mask.tif
candidates/incident_75124/candidate_1/incident_75124_candidate_1_before.tif
candidates/incident_75105/candidate_9/incident_75105_candidate_9_mask.tif
candidates/incident_75105/candidate_9/incident_75105_candidate_9_slope.tif
candidates/incident_75105/candidate_9/incident_75105_candidate_9_after.tif
candidates/incident_75124/candidate_1/incident_75124_candidate_1_slope.tif
candidates/incident_75105/candidate_9/incident_75105_candidate_9_before.tif
candidates/incident_75124/candidate_1/incident_75124_candidate_1_mask.tif
candidates/incident_75124/candidate_2/incident_75124_candidate_2_slope.tif
candidates/incident_75124/candidate_2/incident_75124_candidate_2_mask.tif
candidates/incident_75124/candidate_3/incident_75124_candidate_3_mask.tif
candidates/incident_75124/candidate_3/incident_75124_candidate_3_slope.tif
candidates/incident_75124/candidate_2/incident_75124_candidate_2_after.tif
candidates/incident_75124/candidate_2/incident_75124_candidate_2_before.tif
candidates/incident_75124/candidate_3/incident_75124_candidate_3_after.tif
candidates/incident_75124/candidate_3/incident_75124_candidate_3_before.tif
candidates/incident_75124/candidate_4/incident_75124_candidate_4_mask.tif
candidates/incident_75124/candidate_4/incident_75124_candidate_4_slope.tif
candidates/incident_75124/candidate_6/incident_75124_candidate_6_after.tif
candidates/incident_75124/candidate_4/incident_75124_candidate_4_after.tif
candidates/incident_75124/candidate_5/incident_75124_candidate_5_mask.tif
candidates/incident_75124/candidate_4/incident_75124_candidate_4_before.tif
candidates/incident_75124/candidate_6/incident_75124_candidate_6_before.tif
candidates/incident_75124/candidate_5/incident_75124_candidate_5_slope.tif
candidates/incident_75124/candidate_5/incident_75124_candidate_5_before.tif
candidates/incident_75124/candidate_5/incident_75124_candidate_5_after.tif
candidates/incident_75124/candidate_6/incident_75124_candidate_6_slope.tif
candidates/incident_75124/candidate_6/incident_75124_candidate_6_mask.tif
candidates/incident_75124/candidate_7/incident_75124_candidate_7_mask.tif
candidates/incident_75124/candidate_7/incident_75124_candidate_7_slope.tif
candidates/incident_75124/candidate_7/incident_75124_candidate_7_after.tif
candidates/incident_75124/candidate_7/incident_75124_candidate_7_before.tif
candidates/incident_75173/candidate_10/incident_75173_candidate_10_slope.tif
candidates/incident_75173/candidate_10/incident_75173_candidate_10_mask.tif
candidates/incident_75173/candidate_1/incident_75173_candidate_1_mask.tif
candidates/incident_75173/candidate_1/incident_75173_candidate_1_after.tif
candidates/incident_75173/candidate_10/incident_75173_candidate_10_before.tif
candidates/incident_75173/candidate_1/incident_75173_candidate_1_before.tif
candidates/incident_75173/candidate_1/incident_75173_candidate_1_slope.tif
candidates/incident_75173/candidate_10/incident_75173_candidate_10_after.tif
candidates/incident_75173/candidate_11/incident_75173_candidate_11_slope.tif
candidates/incident_75173/candidate_11/incident_75173_candidate_11_mask.tif
candidates/incident_75173/candidate_12/incident_75173_candidate_12_mask.tif
candidates/incident_75173/candidate_11/incident_75173_candidate_11_after.tif
candidates/incident_75173/candidate_12/incident_75173_candidate_12_after.tif
candidates/incident_75173/candidate_12/incident_75173_candidate_12_slope.tif
candidates/incident_75173/candidate_11/incident_75173_candidate_11_before.tif
candidates/incident_75173/candidate_12/incident_75173_candidate_12_before.tif
candidates/incident_75173/candidate_13/incident_75173_candidate_13_mask.tif
candidates/incident_75173/candidate_13/incident_75173_candidate_13_after.tif
candidates/incident_75173/candidate_13/incident_75173_candidate_13_slope.tif
candidates/incident_75173/candidate_14/incident_75173_candidate_14_mask.tif
candidates/incident_75173/candidate_14/incident_75173_candidate_14_before.tif
candidates/incident_75173/candidate_14/incident_75173_candidate_14_slope.tif
candidates/incident_75173/candidate_13/incident_75173_candidate_13_before.tif
candidates/incident_75173/candidate_15/incident_75173_candidate_15_mask.tif
candidates/incident_75173/candidate_15/incident_75173_candidate_15_slope.tif
candidates/incident_75173/candidate_15/incident_75173_candidate_15_after.tif
candidates/incident_75173/candidate_15/incident_75173_candidate_15_before.tif
candidates/incident_75173/candidate_16/incident_75173_candidate_16_mask.tif
candidates/incident_75173/candidate_16/incident_75173_candidate_16_slope.tif
candidates/incident_75173/candidate_14/incident_75173_candidate_14_after.tif
candidates/incident_75173/candidate_16/incident_75173_candidate_16_after.tif
candidates/incident_75173/candidate_17/incident_75173_candidate_17_mask.tif
candidates/incident_75173/candidate_16/incident_75173_candidate_16_before.tif
candidates/incident_75173/candidate_17/incident_75173_candidate_17_slope.tif
candidates/incident_75173/candidate_17/incident_75173_candidate_17_before.tif
candidates/incident_75173/candidate_17/incident_75173_candidate_17_after.tif
candidates/incident_75173/candidate_18/incident_75173_candidate_18_mask.tif
candidates/incident_75173/candidate_18/incident_75173_candidate_18_slope.tif
candidates/incident_75173/candidate_18/incident_75173_candidate_18_before.tif
candidates/incident_75173/candidate_18/incident_75173_candidate_18_after.tif
candidates/incident_75173/candidate_19/incident_75173_candidate_19_mask.tif
candidates/incident_75173/candidate_19/incident_75173_candidate_19_slope.tif
candidates/incident_75173/candidate_19/incident_75173_candidate_19_after.tif
candidates/incident_75173/candidate_19/incident_75173_candidate_19_before.tif
candidates/incident_75173/candidate_2/incident_75173_candidate_2_before.tif
candidates/incident_75173/candidate_20/incident_75173_candidate_20_mask.tif
candidates/incident_75173/candidate_2/incident_75173_candidate_2_after.tif
candidates/incident_75173/candidate_2/incident_75173_candidate_2_slope.tif
candidates/incident_75173/candidate_2/incident_75173_candidate_2_mask.tif
candidates/incident_75173/candidate_20/incident_75173_candidate_20_after.tif
candidates/incident_75173/candidate_20/incident_75173_candidate_20_before.tif
candidates/incident_75173/candidate_20/incident_75173_candidate_20_slope.tif
candidates/incident_75173/candidate_21/incident_75173_candidate_21_mask.tif
candidates/incident_75173/candidate_21/incident_75173_candidate_21_slope.tif
candidates/incident_75173/candidate_22/incident_75173_candidate_22_mask.tif
candidates/incident_75173/candidate_22/incident_75173_candidate_22_slope.tif
candidates/incident_75173/candidate_21/incident_75173_candidate_21_before.tif
candidates/incident_75173/candidate_21/incident_75173_candidate_21_after.tif
candidates/incident_75173/candidate_22/incident_75173_candidate_22_before.tif
candidates/incident_75173/candidate_23/incident_75173_candidate_23_slope.tif
candidates/incident_75173/candidate_23/incident_75173_candidate_23_mask.tif
candidates/incident_75173/candidate_22/incident_75173_candidate_22_after.tif
candidates/incident_75173/candidate_23/incident_75173_candidate_23_after.tif
candidates/incident_75173/candidate_23/incident_75173_candidate_23_before.tif
candidates/incident_75173/candidate_24/incident_75173_candidate_24_mask.tif
candidates/incident_75173/candidate_24/incident_75173_candidate_24_before.tif
candidates/incident_75173/candidate_24/incident_75173_candidate_24_slope.tif
candidates/incident_75173/candidate_24/incident_75173_candidate_24_after.tif
candidates/incident_75173/candidate_25/incident_75173_candidate_25_mask.tif
candidates/incident_75173/candidate_25/incident_75173_candidate_25_slope.tif
candidates/incident_75173/candidate_25/incident_75173_candidate_25_after.tif
candidates/incident_75173/candidate_25/incident_75173_candidate_25_before.tif
candidates/incident_75173/candidate_26/incident_75173_candidate_26_mask.tif
candidates/incident_75173/candidate_26/incident_75173_candidate_26_after.tif
candidates/incident_75173/candidate_26/incident_75173_candidate_26_slope.tif
candidates/incident_75173/candidate_26/incident_75173_candidate_26_before.tif
candidates/incident_75173/candidate_27/incident_75173_candidate_27_mask.tif
candidates/incident_75173/candidate_27/incident_75173_candidate_27_slope.tif
candidates/incident_75173/candidate_27/incident_75173_candidate_27_after.tif
candidates/incident_75173/candidate_28/incident_75173_candidate_28_mask.tif
candidates/incident_75173/candidate_28/incident_75173_candidate_28_after.tif
candidates/incident_75173/candidate_28/incident_75173_candidate_28_before.tif
candidates/incident_75173/candidate_28/incident_75173_candidate_28_slope.tif
candidates/incident_75173/candidate_29/incident_75173_candidate_29_slope.tif
candidates/incident_75173/candidate_29/incident_75173_candidate_29_mask.tif
candidates/incident_75173/candidate_27/incident_75173_candidate_27_before.tif
candidates/incident_75173/candidate_29/incident_75173_candidate_29_before.tif
candidates/incident_75173/candidate_3/incident_75173_candidate_3_mask.tif
candidates/incident_75173/candidate_3/incident_75173_candidate_3_after.tif
candidates/incident_75173/candidate_3/incident_75173_candidate_3_slope.tif
candidates/incident_75173/candidate_30/incident_75173_candidate_30_mask.tif
candidates/incident_75173/candidate_3/incident_75173_candidate_3_before.tif
candidates/incident_75173/candidate_30/incident_75173_candidate_30_after.tif
candidates/incident_75173/candidate_30/incident_75173_candidate_30_slope.tif
candidates/incident_75173/candidate_29/incident_75173_candidate_29_after.tif
candidates/incident_75173/candidate_30/incident_75173_candidate_30_before.tif
candidates/incident_75173/candidate_31/incident_75173_candidate_31_mask.tif
candidates/incident_75173/candidate_31/incident_75173_candidate_31_slope.tif
candidates/incident_75173/candidate_31/incident_75173_candidate_31_after.tif
candidates/incident_75173/candidate_32/incident_75173_candidate_32_mask.tif
candidates/incident_75173/candidate_31/incident_75173_candidate_31_before.tif
candidates/incident_75173/candidate_32/incident_75173_candidate_32_after.tif
candidates/incident_75173/candidate_32/incident_75173_candidate_32_slope.tif
candidates/incident_75173/candidate_32/incident_75173_candidate_32_before.tif
candidates/incident_75173/candidate_33/incident_75173_candidate_33_mask.tif
candidates/incident_75173/candidate_33/incident_75173_candidate_33_slope.tif
candidates/incident_75173/candidate_33/incident_75173_candidate_33_before.tif
candidates/incident_75173/candidate_34/incident_75173_candidate_34_mask.tif
candidates/incident_75173/candidate_33/incident_75173_candidate_33_after.tif
candidates/incident_75173/candidate_34/incident_75173_candidate_34_slope.tif
candidates/incident_75173/candidate_34/incident_75173_candidate_34_after.tif
candidates/incident_75173/candidate_34/incident_75173_candidate_34_before.tif
candidates/incident_75173/candidate_35/incident_75173_candidate_35_slope.tif
candidates/incident_75173/candidate_35/incident_75173_candidate_35_mask.tif
candidates/incident_75173/candidate_35/incident_75173_candidate_35_after.tif
candidates/incident_75173/candidate_35/incident_75173_candidate_35_before.tif
candidates/incident_75173/candidate_36/incident_75173_candidate_36_mask.tif
candidates/incident_75173/candidate_36/incident_75173_candidate_36_slope.tif
candidates/incident_75173/candidate_36/incident_75173_candidate_36_after.tif
candidates/incident_75173/candidate_36/incident_75173_candidate_36_before.tif
candidates/incident_75173/candidate_37/incident_75173_candidate_37_slope.tif
candidates/incident_75173/candidate_37/incident_75173_candidate_37_mask.tif
candidates/incident_75173/candidate_37/incident_75173_candidate_37_after.tif
candidates/incident_75173/candidate_38/incident_75173_candidate_38_mask.tif
candidates/incident_75173/candidate_37/incident_75173_candidate_37_before.tif
candidates/incident_75173/candidate_38/incident_75173_candidate_38_slope.tif
candidates/incident_75173/candidate_38/incident_75173_candidate_38_before.tif
candidates/incident_75173/candidate_38/incident_75173_candidate_38_after.tif
candidates/incident_75173/candidate_39/incident_75173_candidate_39_mask.tif
candidates/incident_75173/candidate_39/incident_75173_candidate_39_slope.tif
candidates/incident_75173/candidate_39/incident_75173_candidate_39_before.tif
candidates/incident_75173/candidate_39/incident_75173_candidate_39_after.tif
candidates/incident_75173/candidate_4/incident_75173_candidate_4_slope.tif
candidates/incident_75173/candidate_4/incident_75173_candidate_4_mask.tif
candidates/incident_75173/candidate_4/incident_75173_candidate_4_after.tif
candidates/incident_75173/candidate_4/incident_75173_candidate_4_before.tif
candidates/incident_75173/candidate_40/incident_75173_candidate_40_slope.tif
candidates/incident_75173/candidate_40/incident_75173_candidate_40_mask.tif
candidates/incident_75173/candidate_41/incident_75173_candidate_41_mask.tif
candidates/incident_75173/candidate_41/incident_75173_candidate_41_slope.tif
candidates/incident_75173/candidate_40/incident_75173_candidate_40_after.tif
candidates/incident_75173/candidate_40/incident_75173_candidate_40_before.tif
candidates/incident_75173/candidate_41/incident_75173_candidate_41_after.tif
candidates/incident_75173/candidate_42/incident_75173_candidate_42_before.tif
candidates/incident_75173/candidate_42/incident_75173_candidate_42_mask.tif
candidates/incident_75173/candidate_42/incident_75173_candidate_42_slope.tif
candidates/incident_75173/candidate_42/incident_75173_candidate_42_after.tif
candidates/incident_75173/candidate_43/incident_75173_candidate_43_mask.tif
candidates/incident_75173/candidate_41/incident_75173_candidate_41_before.tif
candidates/incident_75173/candidate_43/incident_75173_candidate_43_after.tif
candidates/incident_75173/candidate_43/incident_75173_candidate_43_slope.tif
candidates/incident_75173/candidate_44/incident_75173_candidate_44_mask.tif
candidates/incident_75173/candidate_44/incident_75173_candidate_44_slope.tif
candidates/incident_75173/candidate_44/incident_75173_candidate_44_after.tif
candidates/incident_75173/candidate_44/incident_75173_candidate_44_before.tif
candidates/incident_75173/candidate_45/incident_75173_candidate_45_mask.tif
candidates/incident_75173/candidate_43/incident_75173_candidate_43_before.tif
candidates/incident_75173/candidate_45/incident_75173_candidate_45_after.tif
candidates/incident_75173/candidate_45/incident_75173_candidate_45_slope.tif
candidates/incident_75173/candidate_46/incident_75173_candidate_46_slope.tif
candidates/incident_75173/candidate_46/incident_75173_candidate_46_mask.tif
candidates/incident_75173/candidate_45/incident_75173_candidate_45_before.tif
candidates/incident_75173/candidate_47/incident_75173_candidate_47_mask.tif
candidates/incident_75173/candidate_47/incident_75173_candidate_47_after.tif
candidates/incident_75173/candidate_47/incident_75173_candidate_47_before.tif
candidates/incident_75173/candidate_46/incident_75173_candidate_46_after.tif
candidates/incident_75173/candidate_47/incident_75173_candidate_47_slope.tif
candidates/incident_75173/candidate_48/incident_75173_candidate_48_mask.tif
candidates/incident_75173/candidate_46/incident_75173_candidate_46_before.tif
candidates/incident_75173/candidate_48/incident_75173_candidate_48_after.tif
candidates/incident_75173/candidate_48/incident_75173_candidate_48_before.tif
candidates/incident_75173/candidate_48/incident_75173_candidate_48_slope.tif
candidates/incident_75173/candidate_49/incident_75173_candidate_49_mask.tif
candidates/incident_75173/candidate_49/incident_75173_candidate_49_slope.tif
candidates/incident_75173/candidate_49/incident_75173_candidate_49_after.tif
candidates/incident_75173/candidate_5/incident_75173_candidate_5_mask.tif
candidates/incident_75173/candidate_5/incident_75173_candidate_5_slope.tif
candidates/incident_75173/candidate_49/incident_75173_candidate_49_before.tif
candidates/incident_75173/candidate_5/incident_75173_candidate_5_before.tif
candidates/incident_75173/candidate_50/incident_75173_candidate_50_mask.tif
candidates/incident_75173/candidate_50/incident_75173_candidate_50_after.tif
candidates/incident_75173/candidate_50/incident_75173_candidate_50_slope.tif
candidates/incident_75173/candidate_50/incident_75173_candidate_50_before.tif
candidates/incident_75173/candidate_5/incident_75173_candidate_5_after.tif
candidates/incident_75173/candidate_51/incident_75173_candidate_51_mask.tif
candidates/incident_75173/candidate_51/incident_75173_candidate_51_after.tif
candidates/incident_75173/candidate_51/incident_75173_candidate_51_slope.tif
candidates/incident_75173/candidate_51/incident_75173_candidate_51_before.tif
candidates/incident_75173/candidate_52/incident_75173_candidate_52_mask.tif
candidates/incident_75173/candidate_52/incident_75173_candidate_52_after.tif
candidates/incident_75173/candidate_52/incident_75173_candidate_52_slope.tif
candidates/incident_75173/candidate_52/incident_75173_candidate_52_before.tif
candidates/incident_75173/candidate_53/incident_75173_candidate_53_mask.tif
candidates/incident_75173/candidate_53/incident_75173_candidate_53_slope.tif
candidates/incident_75173/candidate_53/incident_75173_candidate_53_after.tif
candidates/incident_75173/candidate_53/incident_75173_candidate_53_before.tif
candidates/incident_75173/candidate_54/incident_75173_candidate_54_slope.tif
candidates/incident_75173/candidate_54/incident_75173_candidate_54_after.tif
candidates/incident_75173/candidate_54/incident_75173_candidate_54_mask.tif
candidates/incident_75173/candidate_54/incident_75173_candidate_54_before.tif
candidates/incident_75173/candidate_55/incident_75173_candidate_55_mask.tif
candidates/incident_75173/candidate_55/incident_75173_candidate_55_slope.tif
candidates/incident_75173/candidate_55/incident_75173_candidate_55_after.tif
candidates/incident_75173/candidate_56/incident_75173_candidate_56_mask.tif
candidates/incident_75173/candidate_56/incident_75173_candidate_56_slope.tif
candidates/incident_75173/candidate_56/incident_75173_candidate_56_before.tif
candidates/incident_75173/candidate_56/incident_75173_candidate_56_after.tif
candidates/incident_75173/candidate_57/incident_75173_candidate_57_mask.tif
candidates/incident_75173/candidate_57/incident_75173_candidate_57_slope.tif
candidates/incident_75173/candidate_57/incident_75173_candidate_57_after.tif
candidates/incident_75173/candidate_55/incident_75173_candidate_55_before.tif
candidates/incident_75173/candidate_58/incident_75173_candidate_58_mask.tif
candidates/incident_75173/candidate_58/incident_75173_candidate_58_slope.tif
candidates/incident_75173/candidate_58/incident_75173_candidate_58_after.tif
candidates/incident_75173/candidate_58/incident_75173_candidate_58_before.tif
candidates/incident_75173/candidate_57/incident_75173_candidate_57_before.tif
candidates/incident_75173/candidate_59/incident_75173_candidate_59_mask.tif
candidates/incident_75173/candidate_59/incident_75173_candidate_59_after.tif
candidates/incident_75173/candidate_59/incident_75173_candidate_59_slope.tif
candidates/incident_75173/candidate_59/incident_75173_candidate_59_before.tif
candidates/incident_75173/candidate_6/incident_75173_candidate_6_slope.tif
candidates/incident_75173/candidate_6/incident_75173_candidate_6_mask.tif
candidates/incident_75173/candidate_60/incident_75173_candidate_60_mask.tif
candidates/incident_75173/candidate_60/incident_75173_candidate_60_after.tif
candidates/incident_75173/candidate_6/incident_75173_candidate_6_before.tif
candidates/incident_75173/candidate_60/incident_75173_candidate_60_slope.tif
candidates/incident_75173/candidate_60/incident_75173_candidate_60_before.tif
candidates/incident_75173/candidate_6/incident_75173_candidate_6_after.tif
candidates/incident_75173/candidate_61/incident_75173_candidate_61_mask.tif
candidates/incident_75173/candidate_61/incident_75173_candidate_61_before.tif
candidates/incident_75173/candidate_61/incident_75173_candidate_61_slope.tif
candidates/incident_75173/candidate_61/incident_75173_candidate_61_after.tif
candidates/incident_75173/candidate_62/incident_75173_candidate_62_mask.tif
candidates/incident_75173/candidate_62/incident_75173_candidate_62_before.tif
candidates/incident_75173/candidate_62/incident_75173_candidate_62_slope.tif
candidates/incident_75173/candidate_63/incident_75173_candidate_63_mask.tif
candidates/incident_75173/candidate_62/incident_75173_candidate_62_after.tif
candidates/incident_75173/candidate_63/incident_75173_candidate_63_after.tif
candidates/incident_75173/candidate_63/incident_75173_candidate_63_slope.tif
candidates/incident_75173/candidate_63/incident_75173_candidate_63_before.tif
candidates/incident_75173/candidate_64/incident_75173_candidate_64_mask.tif
candidates/incident_75173/candidate_64/incident_75173_candidate_64_slope.tif
candidates/incident_75173/candidate_64/incident_75173_candidate_64_after.tif
candidates/incident_75173/candidate_64/incident_75173_candidate_64_before.tif
candidates/incident_75173/candidate_65/incident_75173_candidate_65_mask.tif
candidates/incident_75173/candidate_65/incident_75173_candidate_65_slope.tif
candidates/incident_75173/candidate_66/incident_75173_candidate_66_mask.tif
candidates/incident_75173/candidate_66/incident_75173_candidate_66_slope.tif
candidates/incident_75173/candidate_65/incident_75173_candidate_65_after.tif
candidates/incident_75173/candidate_66/incident_75173_candidate_66_before.tif
candidates/incident_75173/candidate_66/incident_75173_candidate_66_after.tif
candidates/incident_75173/candidate_67/incident_75173_candidate_67_after.tif
candidates/incident_75173/candidate_67/incident_75173_candidate_67_mask.tif
candidates/incident_75173/candidate_67/incident_75173_candidate_67_before.tif
candidates/incident_75173/candidate_65/incident_75173_candidate_65_before.tif
candidates/incident_75173/candidate_67/incident_75173_candidate_67_slope.tif
candidates/incident_75173/candidate_68/incident_75173_candidate_68_mask.tif
candidates/incident_75173/candidate_68/incident_75173_candidate_68_after.tif
candidates/incident_75173/candidate_68/incident_75173_candidate_68_slope.tif
candidates/incident_75173/candidate_68/incident_75173_candidate_68_before.tif
candidates/incident_75173/candidate_69/incident_75173_candidate_69_mask.tif
candidates/incident_75173/candidate_69/incident_75173_candidate_69_slope.tif
candidates/incident_75173/candidate_69/incident_75173_candidate_69_before.tif
candidates/incident_75173/candidate_7/incident_75173_candidate_7_mask.tif
candidates/incident_75173/candidate_69/incident_75173_candidate_69_after.tif
candidates/incident_75173/candidate_7/incident_75173_candidate_7_slope.tif
candidates/incident_75173/candidate_70/incident_75173_candidate_70_after.tif
candidates/incident_75173/candidate_7/incident_75173_candidate_7_after.tif
candidates/incident_75173/candidate_70/incident_75173_candidate_70_mask.tif
candidates/incident_75173/candidate_70/incident_75173_candidate_70_slope.tif
candidates/incident_75173/candidate_70/incident_75173_candidate_70_before.tif
candidates/incident_75173/candidate_71/incident_75173_candidate_71_mask.tif
candidates/incident_75173/candidate_71/incident_75173_candidate_71_before.tif
candidates/incident_75173/candidate_71/incident_75173_candidate_71_slope.tif
candidates/incident_75173/candidate_71/incident_75173_candidate_71_after.tif
candidates/incident_75173/candidate_7/incident_75173_candidate_7_before.tif
candidates/incident_75173/candidate_72/incident_75173_candidate_72_after.tif
candidates/incident_75173/candidate_72/incident_75173_candidate_72_slope.tif
candidates/incident_75173/candidate_72/incident_75173_candidate_72_mask.tif
candidates/incident_75173/candidate_73/incident_75173_candidate_73_mask.tif
candidates/incident_75173/candidate_73/incident_75173_candidate_73_slope.tif
candidates/incident_75173/candidate_73/incident_75173_candidate_73_before.tif
candidates/incident_75173/candidate_74/incident_75173_candidate_74_mask.tif
candidates/incident_75173/candidate_74/incident_75173_candidate_74_slope.tif
candidates/incident_75173/candidate_72/incident_75173_candidate_72_before.tif
candidates/incident_75173/candidate_73/incident_75173_candidate_73_after.tif
candidates/incident_75173/candidate_74/incident_75173_candidate_74_after.tif
candidates/incident_75173/candidate_74/incident_75173_candidate_74_before.tif
candidates/incident_75173/candidate_75/incident_75173_candidate_75_after.tif
candidates/incident_75173/candidate_75/incident_75173_candidate_75_slope.tif
candidates/incident_75173/candidate_75/incident_75173_candidate_75_mask.tif
candidates/incident_75173/candidate_75/incident_75173_candidate_75_before.tif
candidates/incident_75173/candidate_76/incident_75173_candidate_76_mask.tif
candidates/incident_75173/candidate_76/incident_75173_candidate_76_slope.tif
candidates/incident_75173/candidate_77/incident_75173_candidate_77_mask.tif
candidates/incident_75173/candidate_77/incident_75173_candidate_77_slope.tif
candidates/incident_75173/candidate_76/incident_75173_candidate_76_before.tif
candidates/incident_75173/candidate_76/incident_75173_candidate_76_after.tif
candidates/incident_75173/candidate_77/incident_75173_candidate_77_before.tif
candidates/incident_75173/candidate_78/incident_75173_candidate_78_mask.tif
candidates/incident_75173/candidate_78/incident_75173_candidate_78_slope.tif
candidates/incident_75173/candidate_78/incident_75173_candidate_78_after.tif
candidates/incident_75173/candidate_77/incident_75173_candidate_77_after.tif
candidates/incident_75173/candidate_79/incident_75173_candidate_79_mask.tif
candidates/incident_75173/candidate_79/incident_75173_candidate_79_slope.tif
candidates/incident_75173/candidate_79/incident_75173_candidate_79_after.tif
candidates/incident_75173/candidate_79/incident_75173_candidate_79_before.tif
candidates/incident_75173/candidate_78/incident_75173_candidate_78_before.tif
candidates/incident_75173/candidate_8/incident_75173_candidate_8_mask.tif
candidates/incident_75173/candidate_8/incident_75173_candidate_8_slope.tif
candidates/incident_75173/candidate_8/incident_75173_candidate_8_after.tif
candidates/incident_75173/candidate_80/incident_75173_candidate_80_mask.tif
candidates/incident_75173/candidate_8/incident_75173_candidate_8_before.tif
candidates/incident_75173/candidate_80/incident_75173_candidate_80_slope.tif
candidates/incident_75173/candidate_81/incident_75173_candidate_81_mask.tif
candidates/incident_75173/candidate_81/incident_75173_candidate_81_after.tif
candidates/incident_75173/candidate_81/incident_75173_candidate_81_slope.tif
candidates/incident_75173/candidate_81/incident_75173_candidate_81_before.tif
candidates/incident_75173/candidate_80/incident_75173_candidate_80_before.tif
candidates/incident_75173/candidate_80/incident_75173_candidate_80_after.tif
candidates/incident_75173/candidate_9/incident_75173_candidate_9_after.tif
candidates/incident_75173/candidate_9/incident_75173_candidate_9_mask.tif
candidates/incident_75173/candidate_9/incident_75173_candidate_9_slope.tif
candidates/incident_75193/candidate_1/incident_75193_candidate_1_mask.tif
candidates/incident_75173/candidate_9/incident_75173_candidate_9_before.tif
candidates/incident_75193/candidate_1/incident_75193_candidate_1_slope.tif
candidates/incident_75193/candidate_10/incident_75193_candidate_10_mask.tif
candidates/incident_75193/candidate_1/incident_75193_candidate_1_after.tif
candidates/incident_75193/candidate_10/incident_75193_candidate_10_slope.tif
candidates/incident_75193/candidate_1/incident_75193_candidate_1_before.tif
candidates/incident_75193/candidate_10/incident_75193_candidate_10_before.tif
candidates/incident_75193/candidate_10/incident_75193_candidate_10_after.tif
candidates/incident_75193/candidate_100/incident_75193_candidate_100_slope.tif
candidates/incident_75193/candidate_100/incident_75193_candidate_100_mask.tif
candidates/incident_75193/candidate_11/incident_75193_candidate_11_mask.tif
candidates/incident_75193/candidate_100/incident_75193_candidate_100_after.tif
candidates/incident_75193/candidate_11/incident_75193_candidate_11_slope.tif
candidates/incident_75193/candidate_11/incident_75193_candidate_11_after.tif
candidates/incident_75193/candidate_12/incident_75193_candidate_12_mask.tif
candidates/incident_75193/candidate_12/incident_75193_candidate_12_slope.tif
candidates/incident_75193/candidate_12/incident_75193_candidate_12_after.tif
candidates/incident_75193/candidate_11/incident_75193_candidate_11_before.tif
candidates/incident_75193/candidate_100/incident_75193_candidate_100_before.tif
candidates/incident_75193/candidate_13/incident_75193_candidate_13_after.tif
candidates/incident_75193/candidate_13/incident_75193_candidate_13_before.tif
candidates/incident_75193/candidate_12/incident_75193_candidate_12_before.tif
candidates/incident_75193/candidate_13/incident_75193_candidate_13_slope.tif
candidates/incident_75193/candidate_13/incident_75193_candidate_13_mask.tif
candidates/incident_75193/candidate_14/incident_75193_candidate_14_mask.tif
candidates/incident_75193/candidate_14/incident_75193_candidate_14_after.tif
candidates/incident_75193/candidate_14/incident_75193_candidate_14_slope.tif
candidates/incident_75193/candidate_14/incident_75193_candidate_14_before.tif
candidates/incident_75193/candidate_15/incident_75193_candidate_15_slope.tif
candidates/incident_75193/candidate_15/incident_75193_candidate_15_mask.tif
candidates/incident_75193/candidate_15/incident_75193_candidate_15_before.tif
candidates/incident_75193/candidate_16/incident_75193_candidate_16_mask.tif
candidates/incident_75193/candidate_16/incident_75193_candidate_16_slope.tif
candidates/incident_75193/candidate_15/incident_75193_candidate_15_after.tif
candidates/incident_75193/candidate_16/incident_75193_candidate_16_before.tif
candidates/incident_75193/candidate_17/incident_75193_candidate_17_mask.tif
candidates/incident_75193/candidate_17/incident_75193_candidate_17_after.tif
candidates/incident_75193/candidate_17/incident_75193_candidate_17_slope.tif
candidates/incident_75193/candidate_17/incident_75193_candidate_17_before.tif
candidates/incident_75193/candidate_16/incident_75193_candidate_16_after.tif
candidates/incident_75193/candidate_18/incident_75193_candidate_18_mask.tif
candidates/incident_75193/candidate_18/incident_75193_candidate_18_slope.tif
candidates/incident_75193/candidate_18/incident_75193_candidate_18_before.tif
candidates/incident_75193/candidate_18/incident_75193_candidate_18_after.tif
candidates/incident_75193/candidate_19/incident_75193_candidate_19_mask.tif
candidates/incident_75193/candidate_19/incident_75193_candidate_19_slope.tif
candidates/incident_75193/candidate_19/incident_75193_candidate_19_after.tif
candidates/incident_75193/candidate_19/incident_75193_candidate_19_before.tif
candidates/incident_75193/candidate_2/incident_75193_candidate_2_slope.tif
candidates/incident_75193/candidate_2/incident_75193_candidate_2_mask.tif
candidates/incident_75193/candidate_2/incident_75193_candidate_2_after.tif
candidates/incident_75193/candidate_2/incident_75193_candidate_2_before.tif
candidates/incident_75193/candidate_20/incident_75193_candidate_20_mask.tif
candidates/incident_75193/candidate_20/incident_75193_candidate_20_slope.tif
candidates/incident_75193/candidate_20/incident_75193_candidate_20_after.tif
candidates/incident_75193/candidate_21/incident_75193_candidate_21_mask.tif
candidates/incident_75193/candidate_21/incident_75193_candidate_21_slope.tif
candidates/incident_75193/candidate_21/incident_75193_candidate_21_after.tif
candidates/incident_75193/candidate_21/incident_75193_candidate_21_before.tif
candidates/incident_75193/candidate_20/incident_75193_candidate_20_before.tif
candidates/incident_75193/candidate_22/incident_75193_candidate_22_mask.tif
candidates/incident_75193/candidate_22/incident_75193_candidate_22_after.tif
candidates/incident_75193/candidate_22/incident_75193_candidate_22_before.tif
candidates/incident_75193/candidate_22/incident_75193_candidate_22_slope.tif
candidates/incident_75193/candidate_23/incident_75193_candidate_23_mask.tif
candidates/incident_75193/candidate_23/incident_75193_candidate_23_slope.tif
candidates/incident_75193/candidate_23/incident_75193_candidate_23_after.tif
candidates/incident_75193/candidate_23/incident_75193_candidate_23_before.tif
candidates/incident_75193/candidate_24/incident_75193_candidate_24_mask.tif
candidates/incident_75193/candidate_24/incident_75193_candidate_24_slope.tif
candidates/incident_75193/candidate_24/incident_75193_candidate_24_after.tif
candidates/incident_75193/candidate_24/incident_75193_candidate_24_before.tif
candidates/incident_75193/candidate_25/incident_75193_candidate_25_mask.tif
candidates/incident_75193/candidate_25/incident_75193_candidate_25_slope.tif
candidates/incident_75193/candidate_25/incident_75193_candidate_25_before.tif
candidates/incident_75193/candidate_26/incident_75193_candidate_26_mask.tif
candidates/incident_75193/candidate_26/incident_75193_candidate_26_slope.tif
candidates/incident_75193/candidate_26/incident_75193_candidate_26_before.tif
candidates/incident_75193/candidate_26/incident_75193_candidate_26_after.tif
candidates/incident_75193/candidate_27/incident_75193_candidate_27_mask.tif
candidates/incident_75193/candidate_25/incident_75193_candidate_25_after.tif
candidates/incident_75193/candidate_27/incident_75193_candidate_27_slope.tif
candidates/incident_75193/candidate_27/incident_75193_candidate_27_before.tif
candidates/incident_75193/candidate_27/incident_75193_candidate_27_after.tif
candidates/incident_75193/candidate_28/incident_75193_candidate_28_mask.tif
candidates/incident_75193/candidate_28/incident_75193_candidate_28_slope.tif
candidates/incident_75193/candidate_28/incident_75193_candidate_28_after.tif
candidates/incident_75193/candidate_29/incident_75193_candidate_29_mask.tif
candidates/incident_75193/candidate_29/incident_75193_candidate_29_slope.tif
candidates/incident_75193/candidate_28/incident_75193_candidate_28_before.tif
candidates/incident_75193/candidate_29/incident_75193_candidate_29_before.tif
candidates/incident_75193/candidate_29/incident_75193_candidate_29_after.tif
candidates/incident_75193/candidate_3/incident_75193_candidate_3_slope.tif
candidates/incident_75193/candidate_3/incident_75193_candidate_3_mask.tif
candidates/incident_75193/candidate_3/incident_75193_candidate_3_before.tif
candidates/incident_75193/candidate_30/incident_75193_candidate_30_mask.tif
candidates/incident_75193/candidate_30/incident_75193_candidate_30_after.tif
candidates/incident_75193/candidate_30/incident_75193_candidate_30_slope.tif
candidates/incident_75193/candidate_3/incident_75193_candidate_3_after.tif
candidates/incident_75193/candidate_30/incident_75193_candidate_30_before.tif
candidates/incident_75193/candidate_31/incident_75193_candidate_31_mask.tif
candidates/incident_75193/candidate_31/incident_75193_candidate_31_before.tif
candidates/incident_75193/candidate_31/incident_75193_candidate_31_after.tif
candidates/incident_75193/candidate_31/incident_75193_candidate_31_slope.tif
candidates/incident_75193/candidate_32/incident_75193_candidate_32_mask.tif
candidates/incident_75193/candidate_32/incident_75193_candidate_32_slope.tif
candidates/incident_75193/candidate_32/incident_75193_candidate_32_after.tif
candidates/incident_75193/candidate_33/incident_75193_candidate_33_mask.tif
candidates/incident_75193/candidate_33/incident_75193_candidate_33_slope.tif
candidates/incident_75193/candidate_33/incident_75193_candidate_33_before.tif
candidates/incident_75193/candidate_33/incident_75193_candidate_33_after.tif
candidates/incident_75193/candidate_34/incident_75193_candidate_34_mask.tif
candidates/incident_75193/candidate_34/incident_75193_candidate_34_after.tif
candidates/incident_75193/candidate_32/incident_75193_candidate_32_before.tif
candidates/incident_75193/candidate_34/incident_75193_candidate_34_before.tif
candidates/incident_75193/candidate_34/incident_75193_candidate_34_slope.tif
candidates/incident_75193/candidate_35/incident_75193_candidate_35_mask.tif
candidates/incident_75193/candidate_35/incident_75193_candidate_35_slope.tif
candidates/incident_75193/candidate_35/incident_75193_candidate_35_after.tif
candidates/incident_75193/candidate_35/incident_75193_candidate_35_before.tif
candidates/incident_75193/candidate_36/incident_75193_candidate_36_after.tif
candidates/incident_75193/candidate_36/incident_75193_candidate_36_mask.tif
candidates/incident_75193/candidate_36/incident_75193_candidate_36_slope.tif
candidates/incident_75193/candidate_37/incident_75193_candidate_37_mask.tif
candidates/incident_75193/candidate_37/incident_75193_candidate_37_slope.tif
candidates/incident_75193/candidate_37/incident_75193_candidate_37_after.tif
candidates/incident_75193/candidate_37/incident_75193_candidate_37_before.tif
candidates/incident_75193/candidate_36/incident_75193_candidate_36_before.tif
candidates/incident_75193/candidate_38/incident_75193_candidate_38_mask.tif
candidates/incident_75193/candidate_38/incident_75193_candidate_38_after.tif
candidates/incident_75193/candidate_38/incident_75193_candidate_38_slope.tif
candidates/incident_75193/candidate_38/incident_75193_candidate_38_before.tif
candidates/incident_75193/candidate_39/incident_75193_candidate_39_mask.tif
candidates/incident_75193/candidate_39/incident_75193_candidate_39_slope.tif
candidates/incident_75193/candidate_39/incident_75193_candidate_39_before.tif
candidates/incident_75193/candidate_39/incident_75193_candidate_39_after.tif
candidates/incident_75193/candidate_4/incident_75193_candidate_4_slope.tif
candidates/incident_75193/candidate_4/incident_75193_candidate_4_mask.tif
candidates/incident_75193/candidate_4/incident_75193_candidate_4_after.tif
candidates/incident_75193/candidate_4/incident_75193_candidate_4_before.tif
candidates/incident_75193/candidate_40/incident_75193_candidate_40_mask.tif
candidates/incident_75193/candidate_40/incident_75193_candidate_40_slope.tif
candidates/incident_75193/candidate_40/incident_75193_candidate_40_after.tif
candidates/incident_75193/candidate_40/incident_75193_candidate_40_before.tif
candidates/incident_75193/candidate_41/incident_75193_candidate_41_mask.tif
candidates/incident_75193/candidate_41/incident_75193_candidate_41_before.tif
candidates/incident_75193/candidate_41/incident_75193_candidate_41_slope.tif
candidates/incident_75193/candidate_42/incident_75193_candidate_42_mask.tif
candidates/incident_75193/candidate_41/incident_75193_candidate_41_after.tif
candidates/incident_75193/candidate_42/incident_75193_candidate_42_slope.tif
candidates/incident_75193/candidate_42/incident_75193_candidate_42_after.tif
candidates/incident_75193/candidate_42/incident_75193_candidate_42_before.tif
candidates/incident_75193/candidate_43/incident_75193_candidate_43_mask.tif
candidates/incident_75193/candidate_43/incident_75193_candidate_43_slope.tif
candidates/incident_75193/candidate_43/incident_75193_candidate_43_after.tif
candidates/incident_75193/candidate_44/incident_75193_candidate_44_mask.tif
candidates/incident_75193/candidate_44/incident_75193_candidate_44_slope.tif
candidates/incident_75193/candidate_44/incident_75193_candidate_44_after.tif
candidates/incident_75193/candidate_44/incident_75193_candidate_44_before.tif
candidates/incident_75193/candidate_43/incident_75193_candidate_43_before.tif
candidates/incident_75193/candidate_45/incident_75193_candidate_45_mask.tif
candidates/incident_75193/candidate_45/incident_75193_candidate_45_after.tif
candidates/incident_75193/candidate_45/incident_75193_candidate_45_slope.tif
candidates/incident_75193/candidate_46/incident_75193_candidate_46_mask.tif
candidates/incident_75193/candidate_45/incident_75193_candidate_45_before.tif
candidates/incident_75193/candidate_46/incident_75193_candidate_46_slope.tif
candidates/incident_75193/candidate_46/incident_75193_candidate_46_after.tif
candidates/incident_75193/candidate_46/incident_75193_candidate_46_before.tif
candidates/incident_75193/candidate_47/incident_75193_candidate_47_mask.tif
candidates/incident_75193/candidate_47/incident_75193_candidate_47_slope.tif
candidates/incident_75193/candidate_47/incident_75193_candidate_47_before.tif
candidates/incident_75193/candidate_48/incident_75193_candidate_48_mask.tif
candidates/incident_75193/candidate_48/incident_75193_candidate_48_slope.tif
candidates/incident_75193/candidate_48/incident_75193_candidate_48_before.tif
candidates/incident_75193/candidate_47/incident_75193_candidate_47_after.tif
candidates/incident_75193/candidate_49/incident_75193_candidate_49_mask.tif
candidates/incident_75193/candidate_49/incident_75193_candidate_49_slope.tif
candidates/incident_75193/candidate_49/incident_75193_candidate_49_after.tif
candidates/incident_75193/candidate_49/incident_75193_candidate_49_before.tif
candidates/incident_75193/candidate_48/incident_75193_candidate_48_after.tif
candidates/incident_75193/candidate_5/incident_75193_candidate_5_mask.tif
candidates/incident_75193/candidate_5/incident_75193_candidate_5_after.tif
candidates/incident_75193/candidate_5/incident_75193_candidate_5_slope.tif
candidates/incident_75193/candidate_5/incident_75193_candidate_5_before.tif
candidates/incident_75193/candidate_50/incident_75193_candidate_50_mask.tif
candidates/incident_75193/candidate_50/incident_75193_candidate_50_slope.tif
candidates/incident_75193/candidate_50/incident_75193_candidate_50_after.tif
candidates/incident_75193/candidate_51/incident_75193_candidate_51_mask.tif
candidates/incident_75193/candidate_51/incident_75193_candidate_51_slope.tif
candidates/incident_75193/candidate_50/incident_75193_candidate_50_before.tif
candidates/incident_75193/candidate_51/incident_75193_candidate_51_after.tif
candidates/incident_75193/candidate_52/incident_75193_candidate_52_mask.tif
candidates/incident_75193/candidate_51/incident_75193_candidate_51_before.tif
candidates/incident_75193/candidate_52/incident_75193_candidate_52_slope.tif
candidates/incident_75193/candidate_52/incident_75193_candidate_52_after.tif
candidates/incident_75193/candidate_52/incident_75193_candidate_52_before.tif
candidates/incident_75193/candidate_53/incident_75193_candidate_53_mask.tif
candidates/incident_75193/candidate_53/incident_75193_candidate_53_slope.tif
candidates/incident_75193/candidate_53/incident_75193_candidate_53_after.tif
candidates/incident_75193/candidate_54/incident_75193_candidate_54_mask.tif
candidates/incident_75193/candidate_54/incident_75193_candidate_54_slope.tif
candidates/incident_75193/candidate_54/incident_75193_candidate_54_after.tif
candidates/incident_75193/candidate_54/incident_75193_candidate_54_before.tif
candidates/incident_75193/candidate_55/incident_75193_candidate_55_slope.tif
candidates/incident_75193/candidate_55/incident_75193_candidate_55_mask.tif
candidates/incident_75193/candidate_53/incident_75193_candidate_53_before.tif
candidates/incident_75193/candidate_55/incident_75193_candidate_55_before.tif
candidates/incident_75193/candidate_56/incident_75193_candidate_56_mask.tif
candidates/incident_75193/candidate_55/incident_75193_candidate_55_after.tif
candidates/incident_75193/candidate_56/incident_75193_candidate_56_slope.tif
candidates/incident_75193/candidate_56/incident_75193_candidate_56_before.tif
candidates/incident_75193/candidate_56/incident_75193_candidate_56_after.tif
candidates/incident_75193/candidate_57/incident_75193_candidate_57_mask.tif
candidates/incident_75193/candidate_57/incident_75193_candidate_57_slope.tif
candidates/incident_75193/candidate_57/incident_75193_candidate_57_after.tif
candidates/incident_75193/candidate_58/incident_75193_candidate_58_after.tif
candidates/incident_75193/candidate_58/incident_75193_candidate_58_slope.tif
candidates/incident_75193/candidate_58/incident_75193_candidate_58_mask.tif
candidates/incident_75193/candidate_57/incident_75193_candidate_57_before.tif
candidates/incident_75193/candidate_58/incident_75193_candidate_58_before.tif
candidates/incident_75193/candidate_59/incident_75193_candidate_59_mask.tif
candidates/incident_75193/candidate_59/incident_75193_candidate_59_after.tif
candidates/incident_75193/candidate_59/incident_75193_candidate_59_before.tif
candidates/incident_75193/candidate_59/incident_75193_candidate_59_slope.tif
candidates/incident_75193/candidate_6/incident_75193_candidate_6_mask.tif
candidates/incident_75193/candidate_6/incident_75193_candidate_6_slope.tif
candidates/incident_75193/candidate_6/incident_75193_candidate_6_before.tif
candidates/incident_75193/candidate_60/incident_75193_candidate_60_slope.tif
candidates/incident_75193/candidate_60/incident_75193_candidate_60_mask.tif
candidates/incident_75193/candidate_6/incident_75193_candidate_6_after.tif
candidates/incident_75193/candidate_60/incident_75193_candidate_60_after.tif
candidates/incident_75193/candidate_61/incident_75193_candidate_61_mask.tif
candidates/incident_75193/candidate_61/incident_75193_candidate_61_slope.tif
candidates/incident_75193/candidate_61/incident_75193_candidate_61_after.tif
candidates/incident_75193/candidate_61/incident_75193_candidate_61_before.tif
candidates/incident_75193/candidate_62/incident_75193_candidate_62_mask.tif
candidates/incident_75193/candidate_60/incident_75193_candidate_60_before.tif
candidates/incident_75193/candidate_62/incident_75193_candidate_62_after.tif
candidates/incident_75193/candidate_62/incident_75193_candidate_62_slope.tif
candidates/incident_75193/candidate_63/incident_75193_candidate_63_mask.tif
candidates/incident_75193/candidate_63/incident_75193_candidate_63_slope.tif
candidates/incident_75193/candidate_63/incident_75193_candidate_63_after.tif
candidates/incident_75193/candidate_63/incident_75193_candidate_63_before.tif
candidates/incident_75193/candidate_64/incident_75193_candidate_64_mask.tif
candidates/incident_75193/candidate_62/incident_75193_candidate_62_before.tif
candidates/incident_75193/candidate_64/incident_75193_candidate_64_before.tif
candidates/incident_75193/candidate_64/incident_75193_candidate_64_after.tif
candidates/incident_75193/candidate_64/incident_75193_candidate_64_slope.tif
candidates/incident_75193/candidate_65/incident_75193_candidate_65_slope.tif
candidates/incident_75193/candidate_65/incident_75193_candidate_65_mask.tif
candidates/incident_75193/candidate_65/incident_75193_candidate_65_after.tif
candidates/incident_75193/candidate_65/incident_75193_candidate_65_before.tif
candidates/incident_75193/candidate_66/incident_75193_candidate_66_mask.tif
candidates/incident_75193/candidate_66/incident_75193_candidate_66_slope.tif
candidates/incident_75193/candidate_66/incident_75193_candidate_66_after.tif
candidates/incident_75193/candidate_66/incident_75193_candidate_66_before.tif
candidates/incident_75193/candidate_67/incident_75193_candidate_67_mask.tif
candidates/incident_75193/candidate_67/incident_75193_candidate_67_slope.tif
candidates/incident_75193/candidate_68/incident_75193_candidate_68_mask.tif
candidates/incident_75193/candidate_67/incident_75193_candidate_67_after.tif
candidates/incident_75193/candidate_68/incident_75193_candidate_68_slope.tif
candidates/incident_75193/candidate_68/incident_75193_candidate_68_after.tif
candidates/incident_75193/candidate_68/incident_75193_candidate_68_before.tif
candidates/incident_75193/candidate_69/incident_75193_candidate_69_mask.tif
candidates/incident_75193/candidate_69/incident_75193_candidate_69_after.tif
candidates/incident_75193/candidate_69/incident_75193_candidate_69_slope.tif
candidates/incident_75193/candidate_67/incident_75193_candidate_67_before.tif
candidates/incident_75193/candidate_69/incident_75193_candidate_69_before.tif
candidates/incident_75193/candidate_7/incident_75193_candidate_7_mask.tif
candidates/incident_75193/candidate_7/incident_75193_candidate_7_before.tif
candidates/incident_75193/candidate_7/incident_75193_candidate_7_slope.tif
candidates/incident_75193/candidate_70/incident_75193_candidate_70_mask.tif
candidates/incident_75193/candidate_70/incident_75193_candidate_70_slope.tif
candidates/incident_75193/candidate_70/incident_75193_candidate_70_after.tif
candidates/incident_75193/candidate_7/incident_75193_candidate_7_after.tif
candidates/incident_75193/candidate_70/incident_75193_candidate_70_before.tif
candidates/incident_75193/candidate_71/incident_75193_candidate_71_after.tif
candidates/incident_75193/candidate_71/incident_75193_candidate_71_slope.tif
candidates/incident_75193/candidate_71/incident_75193_candidate_71_mask.tif
candidates/incident_75193/candidate_72/incident_75193_candidate_72_mask.tif
candidates/incident_75193/candidate_72/incident_75193_candidate_72_after.tif
candidates/incident_75193/candidate_72/incident_75193_candidate_72_slope.tif
candidates/incident_75193/candidate_73/incident_75193_candidate_73_mask.tif
candidates/incident_75193/candidate_72/incident_75193_candidate_72_before.tif
candidates/incident_75193/candidate_73/incident_75193_candidate_73_after.tif
candidates/incident_75193/candidate_71/incident_75193_candidate_71_before.tif
candidates/incident_75193/candidate_73/incident_75193_candidate_73_slope.tif
candidates/incident_75193/candidate_74/incident_75193_candidate_74_mask.tif
candidates/incident_75193/candidate_73/incident_75193_candidate_73_before.tif
candidates/incident_75193/candidate_74/incident_75193_candidate_74_slope.tif
candidates/incident_75193/candidate_74/incident_75193_candidate_74_before.tif
candidates/incident_75193/candidate_74/incident_75193_candidate_74_after.tif
candidates/incident_75193/candidate_75/incident_75193_candidate_75_mask.tif
candidates/incident_75193/candidate_75/incident_75193_candidate_75_slope.tif
candidates/incident_75193/candidate_75/incident_75193_candidate_75_after.tif
candidates/incident_75193/candidate_75/incident_75193_candidate_75_before.tif
candidates/incident_75193/candidate_76/incident_75193_candidate_76_mask.tif
candidates/incident_75193/candidate_76/incident_75193_candidate_76_slope.tif
candidates/incident_75193/candidate_76/incident_75193_candidate_76_before.tif
candidates/incident_75193/candidate_76/incident_75193_candidate_76_after.tif
candidates/incident_75193/candidate_77/incident_75193_candidate_77_mask.tif
candidates/incident_75193/candidate_77/incident_75193_candidate_77_after.tif
candidates/incident_75193/candidate_77/incident_75193_candidate_77_slope.tif
candidates/incident_75193/candidate_77/incident_75193_candidate_77_before.tif
candidates/incident_75193/candidate_78/incident_75193_candidate_78_mask.tif
candidates/incident_75193/candidate_78/incident_75193_candidate_78_after.tif
candidates/incident_75193/candidate_78/incident_75193_candidate_78_slope.tif
candidates/incident_75193/candidate_78/incident_75193_candidate_78_before.tif
candidates/incident_75193/candidate_79/incident_75193_candidate_79_mask.tif
candidates/incident_75193/candidate_79/incident_75193_candidate_79_after.tif
candidates/incident_75193/candidate_79/incident_75193_candidate_79_slope.tif
candidates/incident_75193/candidate_8/incident_75193_candidate_8_mask.tif
candidates/incident_75193/candidate_8/incident_75193_candidate_8_slope.tif
candidates/incident_75193/candidate_79/incident_75193_candidate_79_before.tif
candidates/incident_75193/candidate_8/incident_75193_candidate_8_after.tif
candidates/incident_75193/candidate_8/incident_75193_candidate_8_before.tif
candidates/incident_75193/candidate_80/incident_75193_candidate_80_mask.tif
candidates/incident_75193/candidate_80/incident_75193_candidate_80_after.tif
candidates/incident_75193/candidate_80/incident_75193_candidate_80_slope.tif
candidates/incident_75193/candidate_80/incident_75193_candidate_80_before.tif
candidates/incident_75193/candidate_81/incident_75193_candidate_81_slope.tif
candidates/incident_75193/candidate_81/incident_75193_candidate_81_mask.tif
candidates/incident_75193/candidate_81/incident_75193_candidate_81_after.tif
candidates/incident_75193/candidate_82/incident_75193_candidate_82_mask.tif
candidates/incident_75193/candidate_82/incident_75193_candidate_82_slope.tif
candidates/incident_75193/candidate_81/incident_75193_candidate_81_before.tif
candidates/incident_75193/candidate_82/incident_75193_candidate_82_after.tif
candidates/incident_75193/candidate_82/incident_75193_candidate_82_before.tif
candidates/incident_75193/candidate_83/incident_75193_candidate_83_mask.tif
candidates/incident_75193/candidate_83/incident_75193_candidate_83_slope.tif
candidates/incident_75193/candidate_83/incident_75193_candidate_83_before.tif
candidates/incident_75193/candidate_84/incident_75193_candidate_84_mask.tif
candidates/incident_75193/candidate_84/incident_75193_candidate_84_slope.tif
candidates/incident_75193/candidate_83/incident_75193_candidate_83_after.tif
candidates/incident_75193/candidate_85/incident_75193_candidate_85_after.tif
candidates/incident_75193/candidate_84/incident_75193_candidate_84_before.tif
candidates/incident_75193/candidate_85/incident_75193_candidate_85_slope.tif
candidates/incident_75193/candidate_85/incident_75193_candidate_85_mask.tif
candidates/incident_75193/candidate_85/incident_75193_candidate_85_before.tif
candidates/incident_75193/candidate_84/incident_75193_candidate_84_after.tif
candidates/incident_75193/candidate_86/incident_75193_candidate_86_after.tif
candidates/incident_75193/candidate_86/incident_75193_candidate_86_slope.tif
candidates/incident_75193/candidate_87/incident_75193_candidate_87_mask.tif
candidates/incident_75193/candidate_86/incident_75193_candidate_86_mask.tif
candidates/incident_75193/candidate_86/incident_75193_candidate_86_before.tif
candidates/incident_75193/candidate_87/incident_75193_candidate_87_slope.tif
candidates/incident_75193/candidate_87/incident_75193_candidate_87_after.tif
candidates/incident_75193/candidate_87/incident_75193_candidate_87_before.tif
candidates/incident_75193/candidate_88/incident_75193_candidate_88_mask.tif
candidates/incident_75193/candidate_88/incident_75193_candidate_88_slope.tif
candidates/incident_75193/candidate_88/incident_75193_candidate_88_after.tif
candidates/incident_75193/candidate_89/incident_75193_candidate_89_mask.tif
candidates/incident_75193/candidate_88/incident_75193_candidate_88_before.tif
candidates/incident_75193/candidate_89/incident_75193_candidate_89_before.tif
candidates/incident_75193/candidate_89/incident_75193_candidate_89_slope.tif
candidates/incident_75193/candidate_9/incident_75193_candidate_9_mask.tif
candidates/incident_75193/candidate_9/incident_75193_candidate_9_slope.tif
candidates/incident_75193/candidate_89/incident_75193_candidate_89_after.tif
candidates/incident_75193/candidate_9/incident_75193_candidate_9_before.tif
candidates/incident_75193/candidate_90/incident_75193_candidate_90_after.tif
candidates/incident_75193/candidate_90/incident_75193_candidate_90_mask.tif
candidates/incident_75193/candidate_90/incident_75193_candidate_90_slope.tif
candidates/incident_75193/candidate_91/incident_75193_candidate_91_mask.tif
candidates/incident_75193/candidate_90/incident_75193_candidate_90_before.tif
candidates/incident_75193/candidate_9/incident_75193_candidate_9_after.tif
candidates/incident_75193/candidate_91/incident_75193_candidate_91_slope.tif
candidates/incident_75193/candidate_91/incident_75193_candidate_91_before.tif
candidates/incident_75193/candidate_92/incident_75193_candidate_92_after.tif
candidates/incident_75193/candidate_92/incident_75193_candidate_92_before.tif
candidates/incident_75193/candidate_92/incident_75193_candidate_92_slope.tif
candidates/incident_75193/candidate_91/incident_75193_candidate_91_after.tif
candidates/incident_75193/candidate_92/incident_75193_candidate_92_mask.tif
candidates/incident_75193/candidate_93/incident_75193_candidate_93_after.tif
candidates/incident_75193/candidate_93/incident_75193_candidate_93_mask.tif
candidates/incident_75193/candidate_93/incident_75193_candidate_93_slope.tif
candidates/incident_75193/candidate_94/incident_75193_candidate_94_slope.tif
candidates/incident_75193/candidate_94/incident_75193_candidate_94_mask.tif
candidates/incident_75193/candidate_94/incident_75193_candidate_94_after.tif
candidates/incident_75193/candidate_95/incident_75193_candidate_95_mask.tif
candidates/incident_75193/candidate_93/incident_75193_candidate_93_before.tif
candidates/incident_75193/candidate_94/incident_75193_candidate_94_before.tif
candidates/incident_75193/candidate_95/incident_75193_candidate_95_slope.tif
candidates/incident_75193/candidate_95/incident_75193_candidate_95_before.tif
candidates/incident_75193/candidate_95/incident_75193_candidate_95_after.tif
candidates/incident_75193/candidate_96/incident_75193_candidate_96_mask.tif
candidates/incident_75193/candidate_96/incident_75193_candidate_96_slope.tif
candidates/incident_75193/candidate_96/incident_75193_candidate_96_after.tif
candidates/incident_75193/candidate_96/incident_75193_candidate_96_before.tif
candidates/incident_75193/candidate_97/incident_75193_candidate_97_mask.tif
candidates/incident_75193/candidate_97/incident_75193_candidate_97_before.tif
candidates/incident_75193/candidate_97/incident_75193_candidate_97_slope.tif
candidates/incident_75193/candidate_97/incident_75193_candidate_97_after.tif
candidates/incident_75193/candidate_98/incident_75193_candidate_98_mask.tif
candidates/incident_75193/candidate_98/incident_75193_candidate_98_slope.tif
candidates/incident_75193/candidate_98/incident_75193_candidate_98_before.tif
candidates/incident_75193/candidate_98/incident_75193_candidate_98_after.tif
candidates/incident_75193/candidate_99/incident_75193_candidate_99_mask.tif
candidates/incident_75193/candidate_99/incident_75193_candidate_99_slope.tif
candidates/incident_75193/candidate_99/incident_75193_candidate_99_after.tif
candidates/incident_75193/candidate_99/incident_75193_candidate_99_before.tif
candidates/incident_75302/candidate_1/incident_75302_candidate_1_mask.tif
candidates/incident_75302/candidate_1/incident_75302_candidate_1_slope.tif
candidates/incident_75302/candidate_10/incident_75302_candidate_10_mask.tif
candidates/incident_75302/candidate_10/incident_75302_candidate_10_before.tif
candidates/incident_75302/candidate_10/incident_75302_candidate_10_slope.tif
candidates/incident_75302/candidate_10/incident_75302_candidate_10_after.tif
candidates/incident_75302/candidate_11/incident_75302_candidate_11_mask.tif
candidates/incident_75302/candidate_1/incident_75302_candidate_1_before.tif
candidates/incident_75302/candidate_11/incident_75302_candidate_11_before.tif
candidates/incident_75302/candidate_11/incident_75302_candidate_11_slope.tif
candidates/incident_75302/candidate_11/incident_75302_candidate_11_after.tif
candidates/incident_75302/candidate_1/incident_75302_candidate_1_after.tif
candidates/incident_75302/candidate_12/incident_75302_candidate_12_after.tif
candidates/incident_75302/candidate_12/incident_75302_candidate_12_mask.tif
candidates/incident_75302/candidate_12/incident_75302_candidate_12_slope.tif
candidates/incident_75302/candidate_12/incident_75302_candidate_12_before.tif
candidates/incident_75302/candidate_2/incident_75302_candidate_2_mask.tif
candidates/incident_75302/candidate_2/incident_75302_candidate_2_after.tif
candidates/incident_75302/candidate_2/incident_75302_candidate_2_slope.tif
candidates/incident_75302/candidate_2/incident_75302_candidate_2_before.tif
candidates/incident_75302/candidate_3/incident_75302_candidate_3_mask.tif
candidates/incident_75302/candidate_3/incident_75302_candidate_3_slope.tif
candidates/incident_75302/candidate_3/incident_75302_candidate_3_before.tif
candidates/incident_75302/candidate_4/incident_75302_candidate_4_mask.tif
candidates/incident_75302/candidate_4/incident_75302_candidate_4_slope.tif
candidates/incident_75302/candidate_4/incident_75302_candidate_4_after.tif
candidates/incident_75302/candidate_3/incident_75302_candidate_3_after.tif
candidates/incident_75302/candidate_4/incident_75302_candidate_4_before.tif
candidates/incident_75302/candidate_5/incident_75302_candidate_5_mask.tif
candidates/incident_75302/candidate_5/incident_75302_candidate_5_slope.tif
candidates/incident_75302/candidate_5/incident_75302_candidate_5_after.tif
candidates/incident_75302/candidate_5/incident_75302_candidate_5_before.tif
candidates/incident_75302/candidate_6/incident_75302_candidate_6_mask.tif
candidates/incident_75302/candidate_6/incident_75302_candidate_6_slope.tif
candidates/incident_75302/candidate_6/incident_75302_candidate_6_after.tif
candidates/incident_75302/candidate_7/incident_75302_candidate_7_mask.tif
candidates/incident_75302/candidate_7/incident_75302_candidate_7_slope.tif
candidates/incident_75302/candidate_6/incident_75302_candidate_6_before.tif
candidates/incident_75302/candidate_7/incident_75302_candidate_7_after.tif
candidates/incident_75302/candidate_7/incident_75302_candidate_7_before.tif
candidates/incident_75302/candidate_8/incident_75302_candidate_8_slope.tif
candidates/incident_75302/candidate_8/incident_75302_candidate_8_mask.tif
candidates/incident_75302/candidate_8/incident_75302_candidate_8_after.tif
candidates/incident_75302/candidate_8/incident_75302_candidate_8_before.tif
candidates/incident_75302/candidate_9/incident_75302_candidate_9_mask.tif
candidates/incident_75302/candidate_9/incident_75302_candidate_9_slope.tif
candidates/incident_75302/candidate_9/incident_75302_candidate_9_before.tif
candidates/incident_75302/candidate_9/incident_75302_candidate_9_after.tif
candidates/incident_75618/candidate_10/incident_75618_candidate_10_mask.tif
candidates/incident_75618/candidate_10/incident_75618_candidate_10_slope.tif
candidates/incident_75618/candidate_1/incident_75618_candidate_1_mask.tif
candidates/incident_75618/candidate_10/incident_75618_candidate_10_after.tif
candidates/incident_75618/candidate_1/incident_75618_candidate_1_slope.tif
candidates/incident_75618/candidate_1/incident_75618_candidate_1_before.tif
candidates/incident_75618/candidate_1/incident_75618_candidate_1_after.tif
candidates/incident_75618/candidate_10/incident_75618_candidate_10_before.tif
candidates/incident_75618/candidate_11/incident_75618_candidate_11_mask.tif
candidates/incident_75618/candidate_11/incident_75618_candidate_11_slope.tif
candidates/incident_75618/candidate_12/incident_75618_candidate_12_mask.tif
candidates/incident_75618/candidate_11/incident_75618_candidate_11_after.tif
candidates/incident_75618/candidate_11/incident_75618_candidate_11_before.tif
candidates/incident_75618/candidate_12/incident_75618_candidate_12_after.tif
candidates/incident_75618/candidate_12/incident_75618_candidate_12_slope.tif
candidates/incident_75618/candidate_12/incident_75618_candidate_12_before.tif
candidates/incident_75618/candidate_13/incident_75618_candidate_13_slope.tif
candidates/incident_75618/candidate_13/incident_75618_candidate_13_mask.tif
candidates/incident_75618/candidate_13/incident_75618_candidate_13_after.tif
candidates/incident_75618/candidate_14/incident_75618_candidate_14_mask.tif
candidates/incident_75618/candidate_13/incident_75618_candidate_13_before.tif
candidates/incident_75618/candidate_14/incident_75618_candidate_14_slope.tif
candidates/incident_75618/candidate_14/incident_75618_candidate_14_after.tif
candidates/incident_75618/candidate_14/incident_75618_candidate_14_before.tif
candidates/incident_75618/candidate_15/incident_75618_candidate_15_mask.tif
candidates/incident_75618/candidate_15/incident_75618_candidate_15_slope.tif
candidates/incident_75618/candidate_15/incident_75618_candidate_15_after.tif
candidates/incident_75618/candidate_15/incident_75618_candidate_15_before.tif
candidates/incident_75618/candidate_16/incident_75618_candidate_16_mask.tif
candidates/incident_75618/candidate_16/incident_75618_candidate_16_after.tif
candidates/incident_75618/candidate_16/incident_75618_candidate_16_slope.tif
candidates/incident_75618/candidate_17/incident_75618_candidate_17_mask.tif
candidates/incident_75618/candidate_17/incident_75618_candidate_17_slope.tif
candidates/incident_75618/candidate_17/incident_75618_candidate_17_before.tif
candidates/incident_75618/candidate_17/incident_75618_candidate_17_after.tif
candidates/incident_75618/candidate_16/incident_75618_candidate_16_before.tif
candidates/incident_75618/candidate_18/incident_75618_candidate_18_mask.tif
candidates/incident_75618/candidate_18/incident_75618_candidate_18_slope.tif
candidates/incident_75618/candidate_18/incident_75618_candidate_18_before.tif
candidates/incident_75618/candidate_18/incident_75618_candidate_18_after.tif
candidates/incident_75618/candidate_19/incident_75618_candidate_19_mask.tif
candidates/incident_75618/candidate_19/incident_75618_candidate_19_slope.tif
candidates/incident_75618/candidate_19/incident_75618_candidate_19_after.tif
candidates/incident_75618/candidate_2/incident_75618_candidate_2_mask.tif
candidates/incident_75618/candidate_2/incident_75618_candidate_2_slope.tif
candidates/incident_75618/candidate_19/incident_75618_candidate_19_before.tif
candidates/incident_75618/candidate_20/incident_75618_candidate_20_mask.tif
candidates/incident_75618/candidate_20/incident_75618_candidate_20_after.tif
candidates/incident_75618/candidate_20/incident_75618_candidate_20_before.tif
candidates/incident_75618/candidate_20/incident_75618_candidate_20_slope.tif
candidates/incident_75618/candidate_21/incident_75618_candidate_21_mask.tif
candidates/incident_75618/candidate_2/incident_75618_candidate_2_before.tif
candidates/incident_75618/candidate_21/incident_75618_candidate_21_after.tif
candidates/incident_75618/candidate_21/incident_75618_candidate_21_slope.tif
candidates/incident_75618/candidate_2/incident_75618_candidate_2_after.tif
candidates/incident_75618/candidate_21/incident_75618_candidate_21_before.tif
candidates/incident_75618/candidate_22/incident_75618_candidate_22_mask.tif
candidates/incident_75618/candidate_22/incident_75618_candidate_22_before.tif
candidates/incident_75618/candidate_22/incident_75618_candidate_22_slope.tif
candidates/incident_75618/candidate_22/incident_75618_candidate_22_after.tif
candidates/incident_75618/candidate_23/incident_75618_candidate_23_mask.tif
candidates/incident_75618/candidate_23/incident_75618_candidate_23_slope.tif
candidates/incident_75618/candidate_23/incident_75618_candidate_23_after.tif
candidates/incident_75618/candidate_23/incident_75618_candidate_23_before.tif
candidates/incident_75618/candidate_24/incident_75618_candidate_24_mask.tif
candidates/incident_75618/candidate_24/incident_75618_candidate_24_slope.tif
candidates/incident_75618/candidate_24/incident_75618_candidate_24_before.tif
candidates/incident_75618/candidate_24/incident_75618_candidate_24_after.tif
candidates/incident_75618/candidate_25/incident_75618_candidate_25_mask.tif
candidates/incident_75618/candidate_25/incident_75618_candidate_25_after.tif
candidates/incident_75618/candidate_25/incident_75618_candidate_25_slope.tif
candidates/incident_75618/candidate_26/incident_75618_candidate_26_mask.tif
candidates/incident_75618/candidate_26/incident_75618_candidate_26_after.tif
candidates/incident_75618/candidate_26/incident_75618_candidate_26_before.tif
candidates/incident_75618/candidate_26/incident_75618_candidate_26_slope.tif
candidates/incident_75618/candidate_27/incident_75618_candidate_27_mask.tif
candidates/incident_75618/candidate_25/incident_75618_candidate_25_before.tif
candidates/incident_75618/candidate_27/incident_75618_candidate_27_after.tif
candidates/incident_75618/candidate_27/incident_75618_candidate_27_slope.tif
candidates/incident_75618/candidate_27/incident_75618_candidate_27_before.tif
candidates/incident_75618/candidate_28/incident_75618_candidate_28_mask.tif
candidates/incident_75618/candidate_28/incident_75618_candidate_28_slope.tif
candidates/incident_75618/candidate_28/incident_75618_candidate_28_after.tif
candidates/incident_75618/candidate_28/incident_75618_candidate_28_before.tif
candidates/incident_75618/candidate_29/incident_75618_candidate_29_slope.tif
candidates/incident_75618/candidate_29/incident_75618_candidate_29_mask.tif
candidates/incident_75618/candidate_29/incident_75618_candidate_29_after.tif
candidates/incident_75618/candidate_29/incident_75618_candidate_29_before.tif
candidates/incident_75618/candidate_3/incident_75618_candidate_3_slope.tif
candidates/incident_75618/candidate_3/incident_75618_candidate_3_mask.tif
candidates/incident_75618/candidate_3/incident_75618_candidate_3_after.tif
candidates/incident_75618/candidate_30/incident_75618_candidate_30_slope.tif
candidates/incident_75618/candidate_30/incident_75618_candidate_30_mask.tif
candidates/incident_75618/candidate_30/incident_75618_candidate_30_before.tif
candidates/incident_75618/candidate_31/incident_75618_candidate_31_slope.tif
candidates/incident_75618/candidate_31/incident_75618_candidate_31_mask.tif
candidates/incident_75618/candidate_31/incident_75618_candidate_31_after.tif
candidates/incident_75618/candidate_3/incident_75618_candidate_3_before.tif
candidates/incident_75618/candidate_32/incident_75618_candidate_32_after.tif
candidates/incident_75618/candidate_30/incident_75618_candidate_30_after.tif
candidates/incident_75618/candidate_31/incident_75618_candidate_31_before.tif
candidates/incident_75618/candidate_32/incident_75618_candidate_32_mask.tif
candidates/incident_75618/candidate_32/incident_75618_candidate_32_slope.tif
candidates/incident_75618/candidate_32/incident_75618_candidate_32_before.tif
candidates/incident_75618/candidate_33/incident_75618_candidate_33_after.tif
candidates/incident_75618/candidate_33/incident_75618_candidate_33_mask.tif
candidates/incident_75618/candidate_33/incident_75618_candidate_33_slope.tif
candidates/incident_75618/candidate_33/incident_75618_candidate_33_before.tif
candidates/incident_75618/candidate_34/incident_75618_candidate_34_mask.tif
candidates/incident_75618/candidate_34/incident_75618_candidate_34_slope.tif
candidates/incident_75618/candidate_34/incident_75618_candidate_34_before.tif
candidates/incident_75618/candidate_35/incident_75618_candidate_35_mask.tif
candidates/incident_75618/candidate_35/incident_75618_candidate_35_slope.tif
candidates/incident_75618/candidate_34/incident_75618_candidate_34_after.tif
candidates/incident_75618/candidate_35/incident_75618_candidate_35_after.tif
candidates/incident_75618/candidate_36/incident_75618_candidate_36_mask.tif
candidates/incident_75618/candidate_36/incident_75618_candidate_36_after.tif
candidates/incident_75618/candidate_36/incident_75618_candidate_36_slope.tif
candidates/incident_75618/candidate_35/incident_75618_candidate_35_before.tif
candidates/incident_75618/candidate_36/incident_75618_candidate_36_before.tif
candidates/incident_75618/candidate_37/incident_75618_candidate_37_mask.tif
candidates/incident_75618/candidate_37/incident_75618_candidate_37_before.tif
candidates/incident_75618/candidate_37/incident_75618_candidate_37_slope.tif
candidates/incident_75618/candidate_38/incident_75618_candidate_38_mask.tif
candidates/incident_75618/candidate_38/incident_75618_candidate_38_slope.tif
candidates/incident_75618/candidate_38/incident_75618_candidate_38_after.tif
candidates/incident_75618/candidate_38/incident_75618_candidate_38_before.tif
candidates/incident_75618/candidate_37/incident_75618_candidate_37_after.tif
candidates/incident_75618/candidate_39/incident_75618_candidate_39_mask.tif
candidates/incident_75618/candidate_39/incident_75618_candidate_39_slope.tif
candidates/incident_75618/candidate_39/incident_75618_candidate_39_after.tif
candidates/incident_75618/candidate_39/incident_75618_candidate_39_before.tif
candidates/incident_75618/candidate_4/incident_75618_candidate_4_mask.tif
candidates/incident_75618/candidate_4/incident_75618_candidate_4_slope.tif
candidates/incident_75618/candidate_4/incident_75618_candidate_4_after.tif
candidates/incident_75618/candidate_4/incident_75618_candidate_4_before.tif
candidates/incident_75618/candidate_40/incident_75618_candidate_40_slope.tif
candidates/incident_75618/candidate_40/incident_75618_candidate_40_mask.tif
candidates/incident_75618/candidate_40/incident_75618_candidate_40_after.tif
candidates/incident_75618/candidate_41/incident_75618_candidate_41_mask.tif
candidates/incident_75618/candidate_40/incident_75618_candidate_40_before.tif
candidates/incident_75618/candidate_41/incident_75618_candidate_41_before.tif
candidates/incident_75618/candidate_41/incident_75618_candidate_41_after.tif
candidates/incident_75618/candidate_41/incident_75618_candidate_41_slope.tif
candidates/incident_75618/candidate_42/incident_75618_candidate_42_mask.tif
candidates/incident_75618/candidate_42/incident_75618_candidate_42_after.tif
candidates/incident_75618/candidate_42/incident_75618_candidate_42_slope.tif
candidates/incident_75618/candidate_43/incident_75618_candidate_43_mask.tif
candidates/incident_75618/candidate_43/incident_75618_candidate_43_slope.tif
candidates/incident_75618/candidate_43/incident_75618_candidate_43_after.tif
candidates/incident_75618/candidate_42/incident_75618_candidate_42_before.tif
candidates/incident_75618/candidate_43/incident_75618_candidate_43_before.tif
candidates/incident_75618/candidate_44/incident_75618_candidate_44_mask.tif
candidates/incident_75618/candidate_44/incident_75618_candidate_44_after.tif
candidates/incident_75618/candidate_44/incident_75618_candidate_44_slope.tif
candidates/incident_75618/candidate_44/incident_75618_candidate_44_before.tif
candidates/incident_75618/candidate_45/incident_75618_candidate_45_slope.tif
candidates/incident_75618/candidate_45/incident_75618_candidate_45_mask.tif
candidates/incident_75618/candidate_45/incident_75618_candidate_45_before.tif
candidates/incident_75618/candidate_46/incident_75618_candidate_46_slope.tif
candidates/incident_75618/candidate_46/incident_75618_candidate_46_mask.tif
candidates/incident_75618/candidate_46/incident_75618_candidate_46_after.tif
candidates/incident_75618/candidate_46/incident_75618_candidate_46_before.tif
candidates/incident_75618/candidate_45/incident_75618_candidate_45_after.tif
candidates/incident_75618/candidate_47/incident_75618_candidate_47_mask.tif
candidates/incident_75618/candidate_47/incident_75618_candidate_47_before.tif
candidates/incident_75618/candidate_47/incident_75618_candidate_47_slope.tif
candidates/incident_75618/candidate_48/incident_75618_candidate_48_mask.tif
candidates/incident_75618/candidate_48/incident_75618_candidate_48_after.tif
candidates/incident_75618/candidate_47/incident_75618_candidate_47_after.tif
candidates/incident_75618/candidate_48/incident_75618_candidate_48_slope.tif
candidates/incident_75618/candidate_49/incident_75618_candidate_49_mask.tif
candidates/incident_75618/candidate_48/incident_75618_candidate_48_before.tif
candidates/incident_75618/candidate_49/incident_75618_candidate_49_slope.tif
candidates/incident_75618/candidate_49/incident_75618_candidate_49_before.tif
candidates/incident_75618/candidate_5/incident_75618_candidate_5_mask.tif
candidates/incident_75618/candidate_5/incident_75618_candidate_5_slope.tif
candidates/incident_75618/candidate_5/incident_75618_candidate_5_before.tif
candidates/incident_75618/candidate_5/incident_75618_candidate_5_after.tif
candidates/incident_75618/candidate_49/incident_75618_candidate_49_after.tif
candidates/incident_75618/candidate_50/incident_75618_candidate_50_mask.tif
candidates/incident_75618/candidate_50/incident_75618_candidate_50_after.tif
candidates/incident_75618/candidate_50/incident_75618_candidate_50_slope.tif
candidates/incident_75618/candidate_50/incident_75618_candidate_50_before.tif
candidates/incident_75618/candidate_51/incident_75618_candidate_51_mask.tif
candidates/incident_75618/candidate_51/incident_75618_candidate_51_slope.tif
candidates/incident_75618/candidate_51/incident_75618_candidate_51_after.tif
candidates/incident_75618/candidate_51/incident_75618_candidate_51_before.tif
candidates/incident_75618/candidate_52/incident_75618_candidate_52_mask.tif
candidates/incident_75618/candidate_52/incident_75618_candidate_52_slope.tif
candidates/incident_75618/candidate_52/incident_75618_candidate_52_after.tif
candidates/incident_75618/candidate_53/incident_75618_candidate_53_mask.tif
candidates/incident_75618/candidate_52/incident_75618_candidate_52_before.tif
candidates/incident_75618/candidate_53/incident_75618_candidate_53_slope.tif
candidates/incident_75618/candidate_53/incident_75618_candidate_53_before.tif
candidates/incident_75618/candidate_54/incident_75618_candidate_54_mask.tif
candidates/incident_75618/candidate_54/incident_75618_candidate_54_before.tif
candidates/incident_75618/candidate_54/incident_75618_candidate_54_slope.tif
candidates/incident_75618/candidate_53/incident_75618_candidate_53_after.tif
candidates/incident_75618/candidate_54/incident_75618_candidate_54_after.tif
candidates/incident_75618/candidate_55/incident_75618_candidate_55_mask.tif
candidates/incident_75618/candidate_55/incident_75618_candidate_55_after.tif
candidates/incident_75618/candidate_55/incident_75618_candidate_55_slope.tif
candidates/incident_75618/candidate_56/incident_75618_candidate_56_after.tif
candidates/incident_75618/candidate_56/incident_75618_candidate_56_before.tif
candidates/incident_75618/candidate_56/incident_75618_candidate_56_mask.tif
candidates/incident_75618/candidate_56/incident_75618_candidate_56_slope.tif
candidates/incident_75618/candidate_55/incident_75618_candidate_55_before.tif
candidates/incident_75618/candidate_57/incident_75618_candidate_57_mask.tif
candidates/incident_75618/candidate_57/incident_75618_candidate_57_after.tif
candidates/incident_75618/candidate_57/incident_75618_candidate_57_slope.tif
candidates/incident_75618/candidate_58/incident_75618_candidate_58_mask.tif
candidates/incident_75618/candidate_58/incident_75618_candidate_58_slope.tif
candidates/incident_75618/candidate_58/incident_75618_candidate_58_after.tif
candidates/incident_75618/candidate_57/incident_75618_candidate_57_before.tif
candidates/incident_75618/candidate_58/incident_75618_candidate_58_before.tif
candidates/incident_75618/candidate_59/incident_75618_candidate_59_mask.tif
candidates/incident_75618/candidate_59/incident_75618_candidate_59_slope.tif
candidates/incident_75618/candidate_6/incident_75618_candidate_6_mask.tif
candidates/incident_75618/candidate_59/incident_75618_candidate_59_before.tif
candidates/incident_75618/candidate_6/incident_75618_candidate_6_slope.tif
candidates/incident_75618/candidate_6/incident_75618_candidate_6_after.tif
candidates/incident_75618/candidate_59/incident_75618_candidate_59_after.tif
candidates/incident_75618/candidate_6/incident_75618_candidate_6_before.tif
candidates/incident_75618/candidate_60/incident_75618_candidate_60_mask.tif
candidates/incident_75618/candidate_60/incident_75618_candidate_60_after.tif
candidates/incident_75618/candidate_60/incident_75618_candidate_60_slope.tif
candidates/incident_75618/candidate_61/incident_75618_candidate_61_mask.tif
candidates/incident_75618/candidate_61/incident_75618_candidate_61_slope.tif
candidates/incident_75618/candidate_60/incident_75618_candidate_60_before.tif
candidates/incident_75618/candidate_61/incident_75618_candidate_61_before.tif
candidates/incident_75618/candidate_62/incident_75618_candidate_62_mask.tif
candidates/incident_75618/candidate_61/incident_75618_candidate_61_after.tif
candidates/incident_75618/candidate_62/incident_75618_candidate_62_slope.tif
candidates/incident_75618/candidate_62/incident_75618_candidate_62_after.tif
candidates/incident_75618/candidate_63/incident_75618_candidate_63_mask.tif
candidates/incident_75618/candidate_63/incident_75618_candidate_63_after.tif
candidates/incident_75618/candidate_63/incident_75618_candidate_63_slope.tif
candidates/incident_75618/candidate_62/incident_75618_candidate_62_before.tif
candidates/incident_75618/candidate_64/incident_75618_candidate_64_mask.tif
candidates/incident_75618/candidate_63/incident_75618_candidate_63_before.tif
candidates/incident_75618/candidate_64/incident_75618_candidate_64_after.tif
candidates/incident_75618/candidate_64/incident_75618_candidate_64_slope.tif
candidates/incident_75618/candidate_64/incident_75618_candidate_64_before.tif
candidates/incident_75618/candidate_65/incident_75618_candidate_65_mask.tif
candidates/incident_75618/candidate_65/incident_75618_candidate_65_after.tif
candidates/incident_75618/candidate_65/incident_75618_candidate_65_slope.tif
candidates/incident_75618/candidate_66/incident_75618_candidate_66_mask.tif
candidates/incident_75618/candidate_65/incident_75618_candidate_65_before.tif
candidates/incident_75618/candidate_66/incident_75618_candidate_66_slope.tif
candidates/incident_75618/candidate_66/incident_75618_candidate_66_after.tif
candidates/incident_75618/candidate_66/incident_75618_candidate_66_before.tif
candidates/incident_75618/candidate_67/incident_75618_candidate_67_mask.tif
candidates/incident_75618/candidate_67/incident_75618_candidate_67_slope.tif
candidates/incident_75618/candidate_67/incident_75618_candidate_67_before.tif
candidates/incident_75618/candidate_7/incident_75618_candidate_7_mask.tif
candidates/incident_75618/candidate_7/incident_75618_candidate_7_slope.tif
candidates/incident_75618/candidate_7/incident_75618_candidate_7_before.tif
candidates/incident_75618/candidate_67/incident_75618_candidate_67_after.tif
candidates/incident_75618/candidate_8/incident_75618_candidate_8_mask.tif
candidates/incident_75618/candidate_8/incident_75618_candidate_8_slope.tif
candidates/incident_75618/candidate_8/incident_75618_candidate_8_before.tif
candidates/incident_75618/candidate_9/incident_75618_candidate_9_mask.tif
candidates/incident_75618/candidate_7/incident_75618_candidate_7_after.tif
candidates/incident_75618/candidate_9/incident_75618_candidate_9_slope.tif
candidates/incident_75849/candidate_1/incident_75849_candidate_1_mask.tif
candidates/incident_75618/candidate_8/incident_75618_candidate_8_after.tif
candidates/incident_75849/candidate_1/incident_75849_candidate_1_after.tif
candidates/incident_75618/candidate_9/incident_75618_candidate_9_after.tif
candidates/incident_75849/candidate_1/incident_75849_candidate_1_before.tif
candidates/incident_75849/candidate_1/incident_75849_candidate_1_slope.tif
candidates/incident_75618/candidate_9/incident_75618_candidate_9_before.tif
candidates/incident_75849/candidate_10/incident_75849_candidate_10_mask.tif
candidates/incident_75849/candidate_10/incident_75849_candidate_10_slope.tif
candidates/incident_75849/candidate_11/incident_75849_candidate_11_mask.tif
candidates/incident_75849/candidate_10/incident_75849_candidate_10_before.tif
candidates/incident_75849/candidate_11/incident_75849_candidate_11_slope.tif
candidates/incident_75849/candidate_10/incident_75849_candidate_10_after.tif
candidates/incident_75849/candidate_11/incident_75849_candidate_11_before.tif
candidates/incident_75849/candidate_12/incident_75849_candidate_12_slope.tif
candidates/incident_75849/candidate_12/incident_75849_candidate_12_mask.tif
candidates/incident_75849/candidate_11/incident_75849_candidate_11_after.tif
candidates/incident_75849/candidate_13/incident_75849_candidate_13_mask.tif
candidates/incident_75849/candidate_12/incident_75849_candidate_12_before.tif
candidates/incident_75849/candidate_13/incident_75849_candidate_13_before.tif
candidates/incident_75849/candidate_13/incident_75849_candidate_13_after.tif
candidates/incident_75849/candidate_13/incident_75849_candidate_13_slope.tif
candidates/incident_75849/candidate_12/incident_75849_candidate_12_after.tif
candidates/incident_75849/candidate_14/incident_75849_candidate_14_mask.tif
candidates/incident_75849/candidate_14/incident_75849_candidate_14_slope.tif
candidates/incident_75849/candidate_14/incident_75849_candidate_14_after.tif
candidates/incident_75849/candidate_15/incident_75849_candidate_15_mask.tif
candidates/incident_75849/candidate_15/incident_75849_candidate_15_slope.tif
candidates/incident_75849/candidate_16/incident_75849_candidate_16_mask.tif
candidates/incident_75849/candidate_15/incident_75849_candidate_15_after.tif
candidates/incident_75849/candidate_16/incident_75849_candidate_16_slope.tif
candidates/incident_75849/candidate_15/incident_75849_candidate_15_before.tif
candidates/incident_75849/candidate_14/incident_75849_candidate_14_before.tif
candidates/incident_75849/candidate_16/incident_75849_candidate_16_before.tif
candidates/incident_75849/candidate_17/incident_75849_candidate_17_mask.tif
candidates/incident_75849/candidate_17/incident_75849_candidate_17_slope.tif
candidates/incident_75849/candidate_16/incident_75849_candidate_16_after.tif
candidates/incident_75849/candidate_17/incident_75849_candidate_17_after.tif
candidates/incident_75849/candidate_18/incident_75849_candidate_18_mask.tif
candidates/incident_75849/candidate_17/incident_75849_candidate_17_before.tif
candidates/incident_75849/candidate_18/incident_75849_candidate_18_slope.tif
candidates/incident_75849/candidate_18/incident_75849_candidate_18_before.tif
candidates/incident_75849/candidate_19/incident_75849_candidate_19_mask.tif
candidates/incident_75849/candidate_19/incident_75849_candidate_19_slope.tif
candidates/incident_75849/candidate_19/incident_75849_candidate_19_after.tif
candidates/incident_75849/candidate_19/incident_75849_candidate_19_before.tif
candidates/incident_75849/candidate_2/incident_75849_candidate_2_mask.tif
candidates/incident_75849/candidate_2/incident_75849_candidate_2_after.tif
candidates/incident_75849/candidate_18/incident_75849_candidate_18_after.tif
candidates/incident_75849/candidate_2/incident_75849_candidate_2_slope.tif
candidates/incident_75849/candidate_2/incident_75849_candidate_2_before.tif
candidates/incident_75849/candidate_20/incident_75849_candidate_20_mask.tif
candidates/incident_75849/candidate_20/incident_75849_candidate_20_slope.tif
candidates/incident_75849/candidate_21/incident_75849_candidate_21_mask.tif
candidates/incident_75849/candidate_21/incident_75849_candidate_21_slope.tif
candidates/incident_75849/candidate_20/incident_75849_candidate_20_before.tif
candidates/incident_75849/candidate_21/incident_75849_candidate_21_before.tif
candidates/incident_75849/candidate_20/incident_75849_candidate_20_after.tif
candidates/incident_75849/candidate_21/incident_75849_candidate_21_after.tif
candidates/incident_75849/candidate_22/incident_75849_candidate_22_after.tif
candidates/incident_75849/candidate_22/incident_75849_candidate_22_before.tif
candidates/incident_75849/candidate_22/incident_75849_candidate_22_mask.tif
candidates/incident_75849/candidate_22/incident_75849_candidate_22_slope.tif
candidates/incident_75849/candidate_23/incident_75849_candidate_23_mask.tif
candidates/incident_75849/candidate_23/incident_75849_candidate_23_slope.tif
candidates/incident_75849/candidate_23/incident_75849_candidate_23_after.tif
candidates/incident_75849/candidate_23/incident_75849_candidate_23_before.tif
candidates/incident_75849/candidate_24/incident_75849_candidate_24_mask.tif
candidates/incident_75849/candidate_24/incident_75849_candidate_24_slope.tif
candidates/incident_75849/candidate_24/incident_75849_candidate_24_after.tif
candidates/incident_75849/candidate_24/incident_75849_candidate_24_before.tif
candidates/incident_75849/candidate_25/incident_75849_candidate_25_mask.tif
candidates/incident_75849/candidate_25/incident_75849_candidate_25_slope.tif
candidates/incident_75849/candidate_25/incident_75849_candidate_25_after.tif
candidates/incident_75849/candidate_25/incident_75849_candidate_25_before.tif
candidates/incident_75849/candidate_26/incident_75849_candidate_26_mask.tif
candidates/incident_75849/candidate_26/incident_75849_candidate_26_slope.tif
candidates/incident_75849/candidate_26/incident_75849_candidate_26_before.tif
candidates/incident_75849/candidate_26/incident_75849_candidate_26_after.tif
candidates/incident_75849/candidate_27/incident_75849_candidate_27_mask.tif
candidates/incident_75849/candidate_27/incident_75849_candidate_27_slope.tif
candidates/incident_75849/candidate_27/incident_75849_candidate_27_before.tif
candidates/incident_75849/candidate_27/incident_75849_candidate_27_after.tif
candidates/incident_75849/candidate_28/incident_75849_candidate_28_mask.tif
candidates/incident_75849/candidate_28/incident_75849_candidate_28_slope.tif
candidates/incident_75849/candidate_28/incident_75849_candidate_28_after.tif
candidates/incident_75849/candidate_28/incident_75849_candidate_28_before.tif
candidates/incident_75849/candidate_29/incident_75849_candidate_29_mask.tif
candidates/incident_75849/candidate_29/incident_75849_candidate_29_slope.tif
candidates/incident_75849/candidate_29/incident_75849_candidate_29_before.tif
candidates/incident_75849/candidate_29/incident_75849_candidate_29_after.tif
candidates/incident_75849/candidate_3/incident_75849_candidate_3_mask.tif
candidates/incident_75849/candidate_3/incident_75849_candidate_3_slope.tif
candidates/incident_75849/candidate_3/incident_75849_candidate_3_before.tif
candidates/incident_75849/candidate_30/incident_75849_candidate_30_mask.tif
candidates/incident_75849/candidate_30/incident_75849_candidate_30_slope.tif
candidates/incident_75849/candidate_30/incident_75849_candidate_30_after.tif
candidates/incident_75849/candidate_30/incident_75849_candidate_30_before.tif
candidates/incident_75849/candidate_31/incident_75849_candidate_31_mask.tif
candidates/incident_75849/candidate_3/incident_75849_candidate_3_after.tif
candidates/incident_75849/candidate_31/incident_75849_candidate_31_after.tif
candidates/incident_75849/candidate_31/incident_75849_candidate_31_slope.tif
candidates/incident_75849/candidate_32/incident_75849_candidate_32_slope.tif
candidates/incident_75849/candidate_32/incident_75849_candidate_32_mask.tif
candidates/incident_75849/candidate_32/incident_75849_candidate_32_after.tif
candidates/incident_75849/candidate_31/incident_75849_candidate_31_before.tif
candidates/incident_75849/candidate_33/incident_75849_candidate_33_mask.tif
candidates/incident_75849/candidate_33/incident_75849_candidate_33_after.tif
candidates/incident_75849/candidate_33/incident_75849_candidate_33_before.tif
candidates/incident_75849/candidate_32/incident_75849_candidate_32_before.tif
candidates/incident_75849/candidate_33/incident_75849_candidate_33_slope.tif
candidates/incident_75849/candidate_34/incident_75849_candidate_34_mask.tif
candidates/incident_75849/candidate_34/incident_75849_candidate_34_slope.tif
candidates/incident_75849/candidate_34/incident_75849_candidate_34_after.tif
candidates/incident_75849/candidate_34/incident_75849_candidate_34_before.tif
candidates/incident_75849/candidate_35/incident_75849_candidate_35_mask.tif
candidates/incident_75849/candidate_35/incident_75849_candidate_35_slope.tif
candidates/incident_75849/candidate_35/incident_75849_candidate_35_before.tif
candidates/incident_75849/candidate_35/incident_75849_candidate_35_after.tif
candidates/incident_75849/candidate_36/incident_75849_candidate_36_mask.tif
candidates/incident_75849/candidate_36/incident_75849_candidate_36_slope.tif
candidates/incident_75849/candidate_37/incident_75849_candidate_37_mask.tif
candidates/incident_75849/candidate_37/incident_75849_candidate_37_slope.tif
candidates/incident_75849/candidate_37/incident_75849_candidate_37_after.tif
candidates/incident_75849/candidate_37/incident_75849_candidate_37_before.tif
candidates/incident_75849/candidate_38/incident_75849_candidate_38_mask.tif
candidates/incident_75849/candidate_36/incident_75849_candidate_36_before.tif
candidates/incident_75849/candidate_36/incident_75849_candidate_36_after.tif
candidates/incident_75849/candidate_38/incident_75849_candidate_38_before.tif
candidates/incident_75849/candidate_38/incident_75849_candidate_38_slope.tif
candidates/incident_75849/candidate_39/incident_75849_candidate_39_mask.tif
candidates/incident_75849/candidate_39/incident_75849_candidate_39_before.tif
candidates/incident_75849/candidate_39/incident_75849_candidate_39_slope.tif
candidates/incident_75849/candidate_4/incident_75849_candidate_4_mask.tif
candidates/incident_75849/candidate_39/incident_75849_candidate_39_after.tif
candidates/incident_75849/candidate_38/incident_75849_candidate_38_after.tif
candidates/incident_75849/candidate_4/incident_75849_candidate_4_after.tif
candidates/incident_75849/candidate_4/incident_75849_candidate_4_before.tif
candidates/incident_75849/candidate_4/incident_75849_candidate_4_slope.tif
candidates/incident_75849/candidate_40/incident_75849_candidate_40_mask.tif
candidates/incident_75849/candidate_40/incident_75849_candidate_40_slope.tif
candidates/incident_75849/candidate_40/incident_75849_candidate_40_after.tif
candidates/incident_75849/candidate_40/incident_75849_candidate_40_before.tif
candidates/incident_75849/candidate_41/incident_75849_candidate_41_mask.tif
candidates/incident_75849/candidate_41/incident_75849_candidate_41_slope.tif
candidates/incident_75849/candidate_41/incident_75849_candidate_41_after.tif
candidates/incident_75849/candidate_41/incident_75849_candidate_41_before.tif
candidates/incident_75849/candidate_42/incident_75849_candidate_42_mask.tif
candidates/incident_75849/candidate_42/incident_75849_candidate_42_slope.tif
candidates/incident_75849/candidate_42/incident_75849_candidate_42_after.tif
candidates/incident_75849/candidate_43/incident_75849_candidate_43_mask.tif
candidates/incident_75849/candidate_42/incident_75849_candidate_42_before.tif
candidates/incident_75849/candidate_43/incident_75849_candidate_43_slope.tif
candidates/incident_75849/candidate_43/incident_75849_candidate_43_before.tif
candidates/incident_75849/candidate_44/incident_75849_candidate_44_mask.tif
candidates/incident_75849/candidate_44/incident_75849_candidate_44_slope.tif
candidates/incident_75849/candidate_43/incident_75849_candidate_43_after.tif
candidates/incident_75849/candidate_44/incident_75849_candidate_44_before.tif
candidates/incident_75849/candidate_45/incident_75849_candidate_45_mask.tif
candidates/incident_75849/candidate_44/incident_75849_candidate_44_after.tif
candidates/incident_75849/candidate_45/incident_75849_candidate_45_after.tif
candidates/incident_75849/candidate_45/incident_75849_candidate_45_slope.tif
candidates/incident_75849/candidate_45/incident_75849_candidate_45_before.tif
candidates/incident_75849/candidate_46/incident_75849_candidate_46_mask.tif
candidates/incident_75849/candidate_46/incident_75849_candidate_46_slope.tif
candidates/incident_75849/candidate_46/incident_75849_candidate_46_after.tif
candidates/incident_75849/candidate_47/incident_75849_candidate_47_mask.tif
candidates/incident_75849/candidate_47/incident_75849_candidate_47_slope.tif
candidates/incident_75849/candidate_47/incident_75849_candidate_47_after.tif
candidates/incident_75849/candidate_47/incident_75849_candidate_47_before.tif
candidates/incident_75849/candidate_48/incident_75849_candidate_48_mask.tif
candidates/incident_75849/candidate_46/incident_75849_candidate_46_before.tif
candidates/incident_75849/candidate_48/incident_75849_candidate_48_slope.tif
candidates/incident_75849/candidate_48/incident_75849_candidate_48_after.tif
candidates/incident_75849/candidate_49/incident_75849_candidate_49_mask.tif
candidates/incident_75849/candidate_49/incident_75849_candidate_49_slope.tif
candidates/incident_75849/candidate_49/incident_75849_candidate_49_before.tif
candidates/incident_75849/candidate_49/incident_75849_candidate_49_after.tif
candidates/incident_75849/candidate_48/incident_75849_candidate_48_before.tif
candidates/incident_75849/candidate_5/incident_75849_candidate_5_slope.tif
candidates/incident_75849/candidate_5/incident_75849_candidate_5_mask.tif
candidates/incident_75849/candidate_5/incident_75849_candidate_5_after.tif
candidates/incident_75849/candidate_50/incident_75849_candidate_50_mask.tif
candidates/incident_75849/candidate_5/incident_75849_candidate_5_before.tif
candidates/incident_75849/candidate_50/incident_75849_candidate_50_slope.tif
candidates/incident_75849/candidate_50/incident_75849_candidate_50_before.tif
candidates/incident_75849/candidate_51/incident_75849_candidate_51_mask.tif
candidates/incident_75849/candidate_50/incident_75849_candidate_50_after.tif
candidates/incident_75849/candidate_51/incident_75849_candidate_51_slope.tif
candidates/incident_75849/candidate_51/incident_75849_candidate_51_after.tif
candidates/incident_75849/candidate_51/incident_75849_candidate_51_before.tif
candidates/incident_75849/candidate_52/incident_75849_candidate_52_mask.tif
candidates/incident_75849/candidate_52/incident_75849_candidate_52_slope.tif
candidates/incident_75849/candidate_52/incident_75849_candidate_52_after.tif
candidates/incident_75849/candidate_52/incident_75849_candidate_52_before.tif
candidates/incident_75849/candidate_53/incident_75849_candidate_53_mask.tif
candidates/incident_75849/candidate_53/incident_75849_candidate_53_after.tif
candidates/incident_75849/candidate_53/incident_75849_candidate_53_slope.tif
candidates/incident_75849/candidate_53/incident_75849_candidate_53_before.tif
candidates/incident_75849/candidate_54/incident_75849_candidate_54_mask.tif
candidates/incident_75849/candidate_54/incident_75849_candidate_54_slope.tif
candidates/incident_75849/candidate_54/incident_75849_candidate_54_before.tif
candidates/incident_75849/candidate_54/incident_75849_candidate_54_after.tif
candidates/incident_75849/candidate_55/incident_75849_candidate_55_mask.tif
candidates/incident_75849/candidate_55/incident_75849_candidate_55_slope.tif
candidates/incident_75849/candidate_55/incident_75849_candidate_55_after.tif
candidates/incident_75849/candidate_55/incident_75849_candidate_55_before.tif
candidates/incident_75849/candidate_56/incident_75849_candidate_56_slope.tif
candidates/incident_75849/candidate_56/incident_75849_candidate_56_mask.tif
candidates/incident_75849/candidate_56/incident_75849_candidate_56_after.tif
candidates/incident_75849/candidate_56/incident_75849_candidate_56_before.tif
candidates/incident_75849/candidate_57/incident_75849_candidate_57_slope.tif
candidates/incident_75849/candidate_57/incident_75849_candidate_57_mask.tif
candidates/incident_75849/candidate_57/incident_75849_candidate_57_after.tif
candidates/incident_75849/candidate_57/incident_75849_candidate_57_before.tif
candidates/incident_75849/candidate_58/incident_75849_candidate_58_mask.tif
candidates/incident_75849/candidate_58/incident_75849_candidate_58_slope.tif
candidates/incident_75849/candidate_58/incident_75849_candidate_58_before.tif
candidates/incident_75849/candidate_58/incident_75849_candidate_58_after.tif
candidates/incident_75849/candidate_59/incident_75849_candidate_59_mask.tif
candidates/incident_75849/candidate_59/incident_75849_candidate_59_slope.tif
candidates/incident_75849/candidate_59/incident_75849_candidate_59_after.tif
candidates/incident_75849/candidate_59/incident_75849_candidate_59_before.tif
candidates/incident_75849/candidate_6/incident_75849_candidate_6_mask.tif
candidates/incident_75849/candidate_6/incident_75849_candidate_6_slope.tif
candidates/incident_75849/candidate_6/incident_75849_candidate_6_after.tif
candidates/incident_75849/candidate_60/incident_75849_candidate_60_mask.tif
candidates/incident_75849/candidate_6/incident_75849_candidate_6_before.tif
candidates/incident_75849/candidate_60/incident_75849_candidate_60_slope.tif
candidates/incident_75849/candidate_60/incident_75849_candidate_60_before.tif
candidates/incident_75849/candidate_61/incident_75849_candidate_61_mask.tif
candidates/incident_75849/candidate_61/incident_75849_candidate_61_slope.tif
candidates/incident_75849/candidate_62/incident_75849_candidate_62_slope.tif
candidates/incident_75849/candidate_62/incident_75849_candidate_62_mask.tif
candidates/incident_75849/candidate_60/incident_75849_candidate_60_after.tif
candidates/incident_75849/candidate_63/incident_75849_candidate_63_mask.tif
candidates/incident_75849/candidate_63/incident_75849_candidate_63_slope.tif
candidates/incident_75849/candidate_61/incident_75849_candidate_61_before.tif
candidates/incident_75849/candidate_64/incident_75849_candidate_64_mask.tif
candidates/incident_75849/candidate_64/incident_75849_candidate_64_slope.tif
candidates/incident_75849/candidate_65/incident_75849_candidate_65_mask.tif
candidates/incident_75849/candidate_65/incident_75849_candidate_65_slope.tif
candidates/incident_75849/candidate_66/incident_75849_candidate_66_mask.tif
candidates/incident_75849/candidate_66/incident_75849_candidate_66_slope.tif
candidates/incident_75849/candidate_67/incident_75849_candidate_67_slope.tif
candidates/incident_75849/candidate_67/incident_75849_candidate_67_mask.tif
candidates/incident_75849/candidate_68/incident_75849_candidate_68_mask.tif
candidates/incident_75849/candidate_68/incident_75849_candidate_68_slope.tif
candidates/incident_75849/candidate_69/incident_75849_candidate_69_mask.tif
candidates/incident_75849/candidate_69/incident_75849_candidate_69_slope.tif
candidates/incident_75849/candidate_7/incident_75849_candidate_7_mask.tif
candidates/incident_75849/candidate_7/incident_75849_candidate_7_slope.tif
candidates/incident_75849/candidate_70/incident_75849_candidate_70_mask.tif
candidates/incident_75849/candidate_70/incident_75849_candidate_70_slope.tif
candidates/incident_75849/candidate_71/incident_75849_candidate_71_mask.tif
candidates/incident_75849/candidate_71/incident_75849_candidate_71_slope.tif
candidates/incident_75849/candidate_72/incident_75849_candidate_72_mask.tif
candidates/incident_75849/candidate_72/incident_75849_candidate_72_slope.tif
candidates/incident_75849/candidate_73/incident_75849_candidate_73_mask.tif
candidates/incident_75849/candidate_73/incident_75849_candidate_73_slope.tif
candidates/incident_75849/candidate_74/incident_75849_candidate_74_mask.tif
candidates/incident_75849/candidate_74/incident_75849_candidate_74_slope.tif
candidates/incident_75849/candidate_75/incident_75849_candidate_75_mask.tif
candidates/incident_75849/candidate_75/incident_75849_candidate_75_slope.tif
candidates/incident_75849/candidate_76/incident_75849_candidate_76_mask.tif
candidates/incident_75849/candidate_76/incident_75849_candidate_76_slope.tif
candidates/incident_75849/candidate_77/incident_75849_candidate_77_slope.tif
candidates/incident_75849/candidate_77/incident_75849_candidate_77_mask.tif
candidates/incident_75849/candidate_78/incident_75849_candidate_78_mask.tif
candidates/incident_75849/candidate_78/incident_75849_candidate_78_slope.tif
candidates/incident_75849/candidate_78/incident_75849_candidate_78_before.tif
candidates/incident_75849/candidate_79/incident_75849_candidate_79_mask.tif
candidates/incident_75849/candidate_79/incident_75849_candidate_79_slope.tif
candidates/incident_75849/candidate_8/incident_75849_candidate_8_slope.tif
candidates/incident_75849/candidate_8/incident_75849_candidate_8_mask.tif
candidates/incident_75849/candidate_80/incident_75849_candidate_80_mask.tif
candidates/incident_75849/candidate_80/incident_75849_candidate_80_slope.tif
candidates/incident_75849/candidate_81/incident_75849_candidate_81_mask.tif
candidates/incident_75849/candidate_81/incident_75849_candidate_81_slope.tif
candidates/incident_75849/candidate_82/incident_75849_candidate_82_mask.tif
candidates/incident_75849/candidate_82/incident_75849_candidate_82_slope.tif
candidates/incident_75849/candidate_83/incident_75849_candidate_83_mask.tif
candidates/incident_75849/candidate_83/incident_75849_candidate_83_slope.tif
candidates/incident_75849/candidate_84/incident_75849_candidate_84_mask.tif
candidates/incident_75849/candidate_84/incident_75849_candidate_84_slope.tif
candidates/incident_75849/candidate_85/incident_75849_candidate_85_mask.tif
candidates/incident_75849/candidate_85/incident_75849_candidate_85_slope.tif
candidates/incident_75849/candidate_86/incident_75849_candidate_86_mask.tif
candidates/incident_75849/candidate_86/incident_75849_candidate_86_slope.tif
candidates/incident_75849/candidate_87/incident_75849_candidate_87_mask.tif
candidates/incident_75849/candidate_87/incident_75849_candidate_87_slope.tif
candidates/incident_75849/candidate_88/incident_75849_candidate_88_slope.tif
candidates/incident_75849/candidate_88/incident_75849_candidate_88_mask.tif
candidates/incident_75849/candidate_89/incident_75849_candidate_89_mask.tif
candidates/incident_75849/candidate_89/incident_75849_candidate_89_slope.tif
candidates/incident_75849/candidate_9/incident_75849_candidate_9_mask.tif
candidates/incident_75849/candidate_9/incident_75849_candidate_9_slope.tif
candidates/incident_75849/candidate_90/incident_75849_candidate_90_mask.tif
candidates/incident_75849/candidate_90/incident_75849_candidate_90_slope.tif
candidates/incident_75849/candidate_91/incident_75849_candidate_91_mask.tif
candidates/incident_75849/candidate_91/incident_75849_candidate_91_slope.tif
candidates/incident_75849/candidate_92/incident_75849_candidate_92_mask.tif
candidates/incident_75849/candidate_92/incident_75849_candidate_92_slope.tif
candidates/incident_75849/candidate_93/incident_75849_candidate_93_mask.tif
candidates/incident_75849/candidate_93/incident_75849_candidate_93_slope.tif
candidates/incident_75849/candidate_94/incident_75849_candidate_94_slope.tif
candidates/incident_75849/candidate_94/incident_75849_candidate_94_mask.tif
candidates/incident_75849/candidate_95/incident_75849_candidate_95_mask.tif
candidates/incident_75849/candidate_95/incident_75849_candidate_95_slope.tif
candidates/incident_75849/candidate_96/incident_75849_candidate_96_mask.tif
candidates/incident_75849/candidate_96/incident_75849_candidate_96_slope.tif
candidates/incident_75849/candidate_97/incident_75849_candidate_97_mask.tif
candidates/incident_75849/candidate_97/incident_75849_candidate_97_slope.tif
candidates/incident_75849/candidate_98/incident_75849_candidate_98_mask.tif
candidates/incident_75849/candidate_98/incident_75849_candidate_98_slope.tif
candidates/incident_75864/candidate_1/incident_75864_candidate_1_slope.tif
candidates/incident_75864/candidate_1/incident_75864_candidate_1_mask.tif
candidates/incident_75864/candidate_10/incident_75864_candidate_10_mask.tif
candidates/incident_75864/candidate_10/incident_75864_candidate_10_slope.tif
candidates/incident_75864/candidate_11/incident_75864_candidate_11_mask.tif
candidates/incident_75864/candidate_11/incident_75864_candidate_11_slope.tif
candidates/incident_75864/candidate_12/incident_75864_candidate_12_mask.tif
candidates/incident_75864/candidate_12/incident_75864_candidate_12_slope.tif
candidates/incident_75864/candidate_13/incident_75864_candidate_13_mask.tif
candidates/incident_75864/candidate_13/incident_75864_candidate_13_slope.tif
candidates/incident_75864/candidate_14/incident_75864_candidate_14_mask.tif
candidates/incident_75864/candidate_14/incident_75864_candidate_14_slope.tif
candidates/incident_75864/candidate_15/incident_75864_candidate_15_mask.tif
candidates/incident_75864/candidate_15/incident_75864_candidate_15_slope.tif
candidates/incident_75864/candidate_16/incident_75864_candidate_16_mask.tif
candidates/incident_75864/candidate_16/incident_75864_candidate_16_slope.tif
candidates/incident_75864/candidate_17/incident_75864_candidate_17_slope.tif
candidates/incident_75864/candidate_17/incident_75864_candidate_17_mask.tif
candidates/incident_75864/candidate_18/incident_75864_candidate_18_mask.tif
candidates/incident_75864/candidate_18/incident_75864_candidate_18_slope.tif
candidates/incident_75864/candidate_19/incident_75864_candidate_19_mask.tif
candidates/incident_75864/candidate_19/incident_75864_candidate_19_slope.tif
candidates/incident_75864/candidate_2/incident_75864_candidate_2_mask.tif
candidates/incident_75864/candidate_2/incident_75864_candidate_2_slope.tif
candidates/incident_75864/candidate_20/incident_75864_candidate_20_mask.tif
candidates/incident_75864/candidate_20/incident_75864_candidate_20_slope.tif
candidates/incident_75864/candidate_2/incident_75864_candidate_2_before.tif
candidates/incident_75864/candidate_2/incident_75864_candidate_2_after.tif
candidates/incident_75864/candidate_20/incident_75864_candidate_20_after.tif
candidates/incident_75864/candidate_21/incident_75864_candidate_21_mask.tif
candidates/incident_75864/candidate_21/incident_75864_candidate_21_slope.tif
candidates/incident_75864/candidate_22/incident_75864_candidate_22_mask.tif
candidates/incident_75864/candidate_20/incident_75864_candidate_20_before.tif
candidates/incident_75864/candidate_22/incident_75864_candidate_22_before.tif
candidates/incident_75864/candidate_22/incident_75864_candidate_22_after.tif
candidates/incident_75864/candidate_22/incident_75864_candidate_22_slope.tif
candidates/incident_75864/candidate_21/incident_75864_candidate_21_before.tif
candidates/incident_75864/candidate_21/incident_75864_candidate_21_after.tif
candidates/incident_75864/candidate_23/incident_75864_candidate_23_mask.tif
candidates/incident_75864/candidate_23/incident_75864_candidate_23_slope.tif
candidates/incident_75864/candidate_24/incident_75864_candidate_24_slope.tif
candidates/incident_75864/candidate_24/incident_75864_candidate_24_mask.tif
candidates/incident_75864/candidate_23/incident_75864_candidate_23_after.tif
candidates/incident_75864/candidate_24/incident_75864_candidate_24_after.tif
candidates/incident_75864/candidate_23/incident_75864_candidate_23_before.tif
candidates/incident_75864/candidate_24/incident_75864_candidate_24_before.tif
candidates/incident_75864/candidate_25/incident_75864_candidate_25_slope.tif
candidates/incident_75864/candidate_25/incident_75864_candidate_25_mask.tif
candidates/incident_75864/candidate_25/incident_75864_candidate_25_before.tif
candidates/incident_75864/candidate_26/incident_75864_candidate_26_mask.tif
candidates/incident_75864/candidate_26/incident_75864_candidate_26_slope.tif
candidates/incident_75864/candidate_25/incident_75864_candidate_25_after.tif
candidates/incident_75864/candidate_26/incident_75864_candidate_26_before.tif
candidates/incident_75864/candidate_26/incident_75864_candidate_26_after.tif
candidates/incident_75864/candidate_27/incident_75864_candidate_27_mask.tif
candidates/incident_75864/candidate_27/incident_75864_candidate_27_after.tif
candidates/incident_75864/candidate_27/incident_75864_candidate_27_before.tif
candidates/incident_75864/candidate_27/incident_75864_candidate_27_slope.tif
candidates/incident_75864/candidate_28/incident_75864_candidate_28_mask.tif
candidates/incident_75864/candidate_28/incident_75864_candidate_28_slope.tif
candidates/incident_75864/candidate_28/incident_75864_candidate_28_after.tif
candidates/incident_75864/candidate_28/incident_75864_candidate_28_before.tif
candidates/incident_75864/candidate_29/incident_75864_candidate_29_mask.tif
candidates/incident_75864/candidate_29/incident_75864_candidate_29_slope.tif
candidates/incident_75864/candidate_29/incident_75864_candidate_29_before.tif
candidates/incident_75864/candidate_29/incident_75864_candidate_29_after.tif
candidates/incident_75864/candidate_3/incident_75864_candidate_3_mask.tif
candidates/incident_75864/candidate_3/incident_75864_candidate_3_slope.tif
candidates/incident_75864/candidate_3/incident_75864_candidate_3_before.tif
candidates/incident_75864/candidate_30/incident_75864_candidate_30_mask.tif
candidates/incident_75864/candidate_30/incident_75864_candidate_30_slope.tif
candidates/incident_75864/candidate_30/incident_75864_candidate_30_after.tif
candidates/incident_75864/candidate_30/incident_75864_candidate_30_before.tif
candidates/incident_75864/candidate_31/incident_75864_candidate_31_mask.tif
candidates/incident_75864/candidate_3/incident_75864_candidate_3_after.tif
candidates/incident_75864/candidate_31/incident_75864_candidate_31_after.tif
candidates/incident_75864/candidate_31/incident_75864_candidate_31_slope.tif
candidates/incident_75864/candidate_31/incident_75864_candidate_31_before.tif
candidates/incident_75864/candidate_32/incident_75864_candidate_32_mask.tif
candidates/incident_75864/candidate_32/incident_75864_candidate_32_slope.tif
candidates/incident_75864/candidate_32/incident_75864_candidate_32_before.tif
candidates/incident_75864/candidate_32/incident_75864_candidate_32_after.tif
candidates/incident_75864/candidate_33/incident_75864_candidate_33_mask.tif
candidates/incident_75864/candidate_33/incident_75864_candidate_33_slope.tif
candidates/incident_75864/candidate_34/incident_75864_candidate_34_mask.tif
candidates/incident_75864/candidate_34/incident_75864_candidate_34_slope.tif
candidates/incident_75864/candidate_33/incident_75864_candidate_33_after.tif
candidates/incident_75864/candidate_34/incident_75864_candidate_34_before.tif
candidates/incident_75864/candidate_35/incident_75864_candidate_35_slope.tif
candidates/incident_75864/candidate_35/incident_75864_candidate_35_mask.tif
candidates/incident_75864/candidate_33/incident_75864_candidate_33_before.tif
candidates/incident_75864/candidate_34/incident_75864_candidate_34_after.tif
candidates/incident_75864/candidate_35/incident_75864_candidate_35_after.tif
candidates/incident_75864/candidate_36/incident_75864_candidate_36_slope.tif
candidates/incident_75864/candidate_35/incident_75864_candidate_35_before.tif
candidates/incident_75864/candidate_36/incident_75864_candidate_36_mask.tif
candidates/incident_75864/candidate_36/incident_75864_candidate_36_after.tif
candidates/incident_75864/candidate_37/incident_75864_candidate_37_mask.tif
candidates/incident_75864/candidate_37/incident_75864_candidate_37_after.tif
candidates/incident_75864/candidate_37/incident_75864_candidate_37_before.tif
candidates/incident_75864/candidate_37/incident_75864_candidate_37_slope.tif
candidates/incident_75864/candidate_36/incident_75864_candidate_36_before.tif
candidates/incident_75864/candidate_38/incident_75864_candidate_38_mask.tif
candidates/incident_75864/candidate_38/incident_75864_candidate_38_slope.tif
candidates/incident_75864/candidate_38/incident_75864_candidate_38_after.tif
candidates/incident_75864/candidate_39/incident_75864_candidate_39_mask.tif
candidates/incident_75864/candidate_39/incident_75864_candidate_39_slope.tif
candidates/incident_75864/candidate_39/incident_75864_candidate_39_after.tif
candidates/incident_75864/candidate_4/incident_75864_candidate_4_mask.tif
candidates/incident_75864/candidate_38/incident_75864_candidate_38_before.tif
candidates/incident_75864/candidate_4/incident_75864_candidate_4_after.tif
candidates/incident_75864/candidate_39/incident_75864_candidate_39_before.tif
candidates/incident_75864/candidate_4/incident_75864_candidate_4_slope.tif
candidates/incident_75864/candidate_4/incident_75864_candidate_4_before.tif
candidates/incident_75864/candidate_40/incident_75864_candidate_40_mask.tif
candidates/incident_75864/candidate_40/incident_75864_candidate_40_after.tif
candidates/incident_75864/candidate_40/incident_75864_candidate_40_slope.tif
candidates/incident_75864/candidate_40/incident_75864_candidate_40_before.tif
candidates/incident_75864/candidate_41/incident_75864_candidate_41_mask.tif
candidates/incident_75864/candidate_41/incident_75864_candidate_41_slope.tif
candidates/incident_75864/candidate_41/incident_75864_candidate_41_after.tif
candidates/incident_75864/candidate_42/incident_75864_candidate_42_slope.tif
candidates/incident_75864/candidate_42/incident_75864_candidate_42_after.tif
candidates/incident_75864/candidate_42/incident_75864_candidate_42_mask.tif
candidates/incident_75864/candidate_42/incident_75864_candidate_42_before.tif
candidates/incident_75864/candidate_43/incident_75864_candidate_43_mask.tif
candidates/incident_75864/candidate_43/incident_75864_candidate_43_after.tif
candidates/incident_75864/candidate_41/incident_75864_candidate_41_before.tif
candidates/incident_75864/candidate_43/incident_75864_candidate_43_before.tif
candidates/incident_75864/candidate_43/incident_75864_candidate_43_slope.tif
candidates/incident_75864/candidate_44/incident_75864_candidate_44_mask.tif
candidates/incident_75864/candidate_44/incident_75864_candidate_44_slope.tif
candidates/incident_75864/candidate_44/incident_75864_candidate_44_before.tif
candidates/incident_75864/candidate_45/incident_75864_candidate_45_mask.tif
candidates/incident_75864/candidate_45/incident_75864_candidate_45_slope.tif
candidates/incident_75864/candidate_45/incident_75864_candidate_45_before.tif
candidates/incident_75864/candidate_45/incident_75864_candidate_45_after.tif
candidates/incident_75864/candidate_44/incident_75864_candidate_44_after.tif
candidates/incident_75864/candidate_46/incident_75864_candidate_46_mask.tif
candidates/incident_75864/candidate_46/incident_75864_candidate_46_slope.tif
candidates/incident_75864/candidate_46/incident_75864_candidate_46_after.tif
candidates/incident_75864/candidate_47/incident_75864_candidate_47_mask.tif
candidates/incident_75864/candidate_46/incident_75864_candidate_46_before.tif
candidates/incident_75864/candidate_47/incident_75864_candidate_47_slope.tif
candidates/incident_75864/candidate_47/incident_75864_candidate_47_after.tif
candidates/incident_75864/candidate_47/incident_75864_candidate_47_before.tif
candidates/incident_75864/candidate_48/incident_75864_candidate_48_mask.tif
candidates/incident_75864/candidate_48/incident_75864_candidate_48_slope.tif
candidates/incident_75864/candidate_48/incident_75864_candidate_48_after.tif
candidates/incident_75864/candidate_48/incident_75864_candidate_48_before.tif
candidates/incident_75864/candidate_49/incident_75864_candidate_49_mask.tif
candidates/incident_75864/candidate_49/incident_75864_candidate_49_slope.tif
candidates/incident_75864/candidate_49/incident_75864_candidate_49_after.tif
candidates/incident_75864/candidate_5/incident_75864_candidate_5_slope.tif
candidates/incident_75864/candidate_5/incident_75864_candidate_5_mask.tif
candidates/incident_75864/candidate_5/incident_75864_candidate_5_after.tif
candidates/incident_75864/candidate_49/incident_75864_candidate_49_before.tif
candidates/incident_75864/candidate_50/incident_75864_candidate_50_mask.tif
candidates/incident_75864/candidate_5/incident_75864_candidate_5_before.tif
candidates/incident_75864/candidate_50/incident_75864_candidate_50_after.tif
candidates/incident_75864/candidate_50/incident_75864_candidate_50_before.tif
candidates/incident_75864/candidate_51/incident_75864_candidate_51_mask.tif
candidates/incident_75864/candidate_50/incident_75864_candidate_50_slope.tif
candidates/incident_75864/candidate_51/incident_75864_candidate_51_slope.tif
candidates/incident_75864/candidate_51/incident_75864_candidate_51_before.tif
candidates/incident_75864/candidate_51/incident_75864_candidate_51_after.tif
candidates/incident_75864/candidate_52/incident_75864_candidate_52_mask.tif
candidates/incident_75864/candidate_52/incident_75864_candidate_52_slope.tif
candidates/incident_75864/candidate_52/incident_75864_candidate_52_after.tif
candidates/incident_75864/candidate_53/incident_75864_candidate_53_mask.tif
candidates/incident_75864/candidate_53/incident_75864_candidate_53_slope.tif
candidates/incident_75864/candidate_53/incident_75864_candidate_53_after.tif
candidates/incident_75864/candidate_54/incident_75864_candidate_54_mask.tif
candidates/incident_75864/candidate_53/incident_75864_candidate_53_before.tif
candidates/incident_75864/candidate_52/incident_75864_candidate_52_before.tif
candidates/incident_75864/candidate_54/incident_75864_candidate_54_after.tif
candidates/incident_75864/candidate_54/incident_75864_candidate_54_slope.tif
candidates/incident_75864/candidate_54/incident_75864_candidate_54_before.tif
candidates/incident_75864/candidate_55/incident_75864_candidate_55_slope.tif
candidates/incident_75864/candidate_55/incident_75864_candidate_55_mask.tif
candidates/incident_75864/candidate_55/incident_75864_candidate_55_after.tif
candidates/incident_75864/candidate_55/incident_75864_candidate_55_before.tif
candidates/incident_75864/candidate_56/incident_75864_candidate_56_mask.tif
candidates/incident_75864/candidate_56/incident_75864_candidate_56_slope.tif
candidates/incident_75864/candidate_56/incident_75864_candidate_56_before.tif
candidates/incident_75864/candidate_57/incident_75864_candidate_57_slope.tif
candidates/incident_75864/candidate_57/incident_75864_candidate_57_mask.tif
candidates/incident_75864/candidate_56/incident_75864_candidate_56_after.tif
candidates/incident_75864/candidate_57/incident_75864_candidate_57_after.tif
candidates/incident_75864/candidate_57/incident_75864_candidate_57_before.tif
candidates/incident_75864/candidate_58/incident_75864_candidate_58_mask.tif
candidates/incident_75864/candidate_58/incident_75864_candidate_58_slope.tif
candidates/incident_75864/candidate_58/incident_75864_candidate_58_after.tif
candidates/incident_75864/candidate_58/incident_75864_candidate_58_before.tif
candidates/incident_75864/candidate_59/incident_75864_candidate_59_mask.tif
candidates/incident_75864/candidate_59/incident_75864_candidate_59_slope.tif
candidates/incident_75864/candidate_59/incident_75864_candidate_59_before.tif
candidates/incident_75864/candidate_6/incident_75864_candidate_6_mask.tif
candidates/incident_75864/candidate_6/incident_75864_candidate_6_slope.tif
candidates/incident_75864/candidate_6/incident_75864_candidate_6_after.tif
candidates/incident_75864/candidate_6/incident_75864_candidate_6_before.tif
candidates/incident_75864/candidate_59/incident_75864_candidate_59_after.tif
candidates/incident_75864/candidate_60/incident_75864_candidate_60_mask.tif
candidates/incident_75864/candidate_60/incident_75864_candidate_60_after.tif
candidates/incident_75864/candidate_60/incident_75864_candidate_60_slope.tif
candidates/incident_75864/candidate_61/incident_75864_candidate_61_mask.tif
candidates/incident_75864/candidate_61/incident_75864_candidate_61_slope.tif
candidates/incident_75864/candidate_60/incident_75864_candidate_60_before.tif
candidates/incident_75864/candidate_61/incident_75864_candidate_61_after.tif
candidates/incident_75864/candidate_61/incident_75864_candidate_61_before.tif
candidates/incident_75864/candidate_62/incident_75864_candidate_62_mask.tif
candidates/incident_75864/candidate_62/incident_75864_candidate_62_after.tif
candidates/incident_75864/candidate_62/incident_75864_candidate_62_slope.tif
candidates/incident_75864/candidate_62/incident_75864_candidate_62_before.tif
candidates/incident_75864/candidate_63/incident_75864_candidate_63_mask.tif
candidates/incident_75864/candidate_63/incident_75864_candidate_63_slope.tif
candidates/incident_75864/candidate_63/incident_75864_candidate_63_after.tif
candidates/incident_75864/candidate_64/incident_75864_candidate_64_mask.tif
candidates/incident_75864/candidate_64/incident_75864_candidate_64_slope.tif
candidates/incident_75864/candidate_63/incident_75864_candidate_63_before.tif
candidates/incident_75864/candidate_64/incident_75864_candidate_64_before.tif
candidates/incident_75864/candidate_65/incident_75864_candidate_65_mask.tif
candidates/incident_75864/candidate_64/incident_75864_candidate_64_after.tif
candidates/incident_75864/candidate_65/incident_75864_candidate_65_slope.tif
candidates/incident_75864/candidate_65/incident_75864_candidate_65_after.tif
candidates/incident_75864/candidate_65/incident_75864_candidate_65_before.tif
candidates/incident_75864/candidate_66/incident_75864_candidate_66_mask.tif
candidates/incident_75864/candidate_66/incident_75864_candidate_66_after.tif
candidates/incident_75864/candidate_66/incident_75864_candidate_66_slope.tif
candidates/incident_75864/candidate_66/incident_75864_candidate_66_before.tif
candidates/incident_75864/candidate_67/incident_75864_candidate_67_slope.tif
candidates/incident_75864/candidate_67/incident_75864_candidate_67_mask.tif
candidates/incident_75864/candidate_67/incident_75864_candidate_67_before.tif
candidates/incident_75864/candidate_68/incident_75864_candidate_68_mask.tif
candidates/incident_75864/candidate_68/incident_75864_candidate_68_after.tif
candidates/incident_75864/candidate_68/incident_75864_candidate_68_slope.tif
candidates/incident_75864/candidate_68/incident_75864_candidate_68_before.tif
candidates/incident_75864/candidate_67/incident_75864_candidate_67_after.tif
candidates/incident_75864/candidate_69/incident_75864_candidate_69_mask.tif
candidates/incident_75864/candidate_69/incident_75864_candidate_69_before.tif
candidates/incident_75864/candidate_69/incident_75864_candidate_69_after.tif
candidates/incident_75864/candidate_69/incident_75864_candidate_69_slope.tif
candidates/incident_75864/candidate_7/incident_75864_candidate_7_mask.tif
candidates/incident_75864/candidate_7/incident_75864_candidate_7_slope.tif
candidates/incident_75864/candidate_70/incident_75864_candidate_70_mask.tif
candidates/incident_75864/candidate_70/incident_75864_candidate_70_slope.tif
candidates/incident_75864/candidate_70/incident_75864_candidate_70_after.tif
candidates/incident_75864/candidate_71/incident_75864_candidate_71_mask.tif
candidates/incident_75864/candidate_71/incident_75864_candidate_71_after.tif
candidates/incident_75864/candidate_7/incident_75864_candidate_7_before.tif
candidates/incident_75864/candidate_71/incident_75864_candidate_71_before.tif
candidates/incident_75864/candidate_71/incident_75864_candidate_71_slope.tif
candidates/incident_75864/candidate_7/incident_75864_candidate_7_after.tif
candidates/incident_75864/candidate_70/incident_75864_candidate_70_before.tif
candidates/incident_75864/candidate_72/incident_75864_candidate_72_mask.tif
candidates/incident_75864/candidate_72/incident_75864_candidate_72_slope.tif
candidates/incident_75864/candidate_73/incident_75864_candidate_73_mask.tif
candidates/incident_75864/candidate_73/incident_75864_candidate_73_slope.tif
candidates/incident_75864/candidate_72/incident_75864_candidate_72_before.tif
candidates/incident_75864/candidate_73/incident_75864_candidate_73_after.tif
candidates/incident_75864/candidate_73/incident_75864_candidate_73_before.tif
candidates/incident_75864/candidate_72/incident_75864_candidate_72_after.tif
candidates/incident_75864/candidate_74/incident_75864_candidate_74_mask.tif
candidates/incident_75864/candidate_74/incident_75864_candidate_74_slope.tif
candidates/incident_75864/candidate_74/incident_75864_candidate_74_after.tif
candidates/incident_75864/candidate_74/incident_75864_candidate_74_before.tif
candidates/incident_75864/candidate_75/incident_75864_candidate_75_mask.tif
candidates/incident_75864/candidate_75/incident_75864_candidate_75_after.tif
candidates/incident_75864/candidate_75/incident_75864_candidate_75_slope.tif
candidates/incident_75864/candidate_75/incident_75864_candidate_75_before.tif
candidates/incident_75864/candidate_76/incident_75864_candidate_76_mask.tif
candidates/incident_75864/candidate_76/incident_75864_candidate_76_slope.tif
candidates/incident_75864/candidate_77/incident_75864_candidate_77_mask.tif
candidates/incident_75864/candidate_76/incident_75864_candidate_76_before.tif
candidates/incident_75864/candidate_77/incident_75864_candidate_77_slope.tif
candidates/incident_75864/candidate_77/incident_75864_candidate_77_after.tif
candidates/incident_75864/candidate_76/incident_75864_candidate_76_after.tif
candidates/incident_75864/candidate_77/incident_75864_candidate_77_before.tif
candidates/incident_75864/candidate_8/incident_75864_candidate_8_before.tif
candidates/incident_75864/candidate_8/incident_75864_candidate_8_slope.tif
candidates/incident_75864/candidate_8/incident_75864_candidate_8_mask.tif
candidates/incident_75864/candidate_9/incident_75864_candidate_9_slope.tif
candidates/incident_75864/candidate_9/incident_75864_candidate_9_mask.tif
candidates/incident_75864/candidate_9/incident_75864_candidate_9_before.tif
candidates/incident_75966/candidate_1/incident_75966_candidate_1_mask.tif
candidates/incident_75864/candidate_8/incident_75864_candidate_8_after.tif
candidates/incident_75966/candidate_1/incident_75966_candidate_1_slope.tif
candidates/incident_75966/candidate_1/incident_75966_candidate_1_after.tif
candidates/incident_75966/candidate_1/incident_75966_candidate_1_before.tif
candidates/incident_75966/candidate_10/incident_75966_candidate_10_mask.tif
candidates/incident_75966/candidate_10/incident_75966_candidate_10_after.tif
candidates/incident_75966/candidate_10/incident_75966_candidate_10_slope.tif
candidates/incident_75864/candidate_9/incident_75864_candidate_9_after.tif
candidates/incident_75966/candidate_10/incident_75966_candidate_10_before.tif
candidates/incident_75966/candidate_11/incident_75966_candidate_11_mask.tif
candidates/incident_75966/candidate_11/incident_75966_candidate_11_after.tif
candidates/incident_75966/candidate_11/incident_75966_candidate_11_slope.tif
candidates/incident_75966/candidate_12/incident_75966_candidate_12_slope.tif
candidates/incident_75966/candidate_12/incident_75966_candidate_12_mask.tif
candidates/incident_75966/candidate_11/incident_75966_candidate_11_before.tif
candidates/incident_75966/candidate_12/incident_75966_candidate_12_after.tif
candidates/incident_75966/candidate_12/incident_75966_candidate_12_before.tif
candidates/incident_75966/candidate_13/incident_75966_candidate_13_mask.tif
candidates/incident_75966/candidate_13/incident_75966_candidate_13_slope.tif
candidates/incident_75966/candidate_14/incident_75966_candidate_14_mask.tif
candidates/incident_75966/candidate_13/incident_75966_candidate_13_after.tif
candidates/incident_75966/candidate_14/incident_75966_candidate_14_slope.tif
candidates/incident_75966/candidate_14/incident_75966_candidate_14_before.tif
candidates/incident_75966/candidate_14/incident_75966_candidate_14_after.tif
candidates/incident_75966/candidate_13/incident_75966_candidate_13_before.tif
candidates/incident_75966/candidate_15/incident_75966_candidate_15_slope.tif
candidates/incident_75966/candidate_15/incident_75966_candidate_15_mask.tif
candidates/incident_75966/candidate_15/incident_75966_candidate_15_before.tif
candidates/incident_75966/candidate_15/incident_75966_candidate_15_after.tif
candidates/incident_75966/candidate_16/incident_75966_candidate_16_mask.tif
candidates/incident_75966/candidate_16/incident_75966_candidate_16_before.tif
candidates/incident_75966/candidate_16/incident_75966_candidate_16_slope.tif
candidates/incident_75966/candidate_16/incident_75966_candidate_16_after.tif
candidates/incident_75966/candidate_17/incident_75966_candidate_17_slope.tif
candidates/incident_75966/candidate_17/incident_75966_candidate_17_mask.tif
candidates/incident_75966/candidate_17/incident_75966_candidate_17_after.tif
candidates/incident_75966/candidate_17/incident_75966_candidate_17_before.tif
candidates/incident_75966/candidate_18/incident_75966_candidate_18_mask.tif
candidates/incident_75966/candidate_18/incident_75966_candidate_18_slope.tif
candidates/incident_75966/candidate_18/incident_75966_candidate_18_after.tif
candidates/incident_75966/candidate_19/incident_75966_candidate_19_mask.tif
candidates/incident_75966/candidate_19/incident_75966_candidate_19_slope.tif
candidates/incident_75966/candidate_19/incident_75966_candidate_19_after.tif
candidates/incident_75966/candidate_19/incident_75966_candidate_19_before.tif
candidates/incident_75966/candidate_2/incident_75966_candidate_2_mask.tif
candidates/incident_75966/candidate_2/incident_75966_candidate_2_slope.tif
candidates/incident_75966/candidate_18/incident_75966_candidate_18_before.tif
candidates/incident_75966/candidate_20/incident_75966_candidate_20_mask.tif
candidates/incident_75966/candidate_20/incident_75966_candidate_20_slope.tif
candidates/incident_75966/candidate_2/incident_75966_candidate_2_before.tif
candidates/incident_75966/candidate_20/incident_75966_candidate_20_after.tif
candidates/incident_75966/candidate_20/incident_75966_candidate_20_before.tif
candidates/incident_75966/candidate_2/incident_75966_candidate_2_after.tif
candidates/incident_75966/candidate_21/incident_75966_candidate_21_after.tif
candidates/incident_75966/candidate_21/incident_75966_candidate_21_mask.tif
candidates/incident_75966/candidate_21/incident_75966_candidate_21_slope.tif
candidates/incident_75966/candidate_21/incident_75966_candidate_21_before.tif
candidates/incident_75966/candidate_22/incident_75966_candidate_22_mask.tif
candidates/incident_75966/candidate_22/incident_75966_candidate_22_slope.tif
candidates/incident_75966/candidate_22/incident_75966_candidate_22_after.tif
candidates/incident_75966/candidate_22/incident_75966_candidate_22_before.tif
candidates/incident_75966/candidate_23/incident_75966_candidate_23_mask.tif
candidates/incident_75966/candidate_23/incident_75966_candidate_23_slope.tif
candidates/incident_75966/candidate_23/incident_75966_candidate_23_after.tif
candidates/incident_75966/candidate_3/incident_75966_candidate_3_mask.tif
candidates/incident_75966/candidate_23/incident_75966_candidate_23_before.tif
candidates/incident_75966/candidate_3/incident_75966_candidate_3_slope.tif
candidates/incident_75966/candidate_3/incident_75966_candidate_3_after.tif
candidates/incident_75966/candidate_4/incident_75966_candidate_4_mask.tif
candidates/incident_75966/candidate_4/incident_75966_candidate_4_before.tif
candidates/incident_75966/candidate_4/incident_75966_candidate_4_after.tif
candidates/incident_75966/candidate_4/incident_75966_candidate_4_slope.tif
candidates/incident_75966/candidate_5/incident_75966_candidate_5_mask.tif
candidates/incident_75966/candidate_3/incident_75966_candidate_3_before.tif
candidates/incident_75966/candidate_5/incident_75966_candidate_5_before.tif
candidates/incident_75966/candidate_5/incident_75966_candidate_5_slope.tif
candidates/incident_75966/candidate_5/incident_75966_candidate_5_after.tif
candidates/incident_75966/candidate_6/incident_75966_candidate_6_slope.tif
candidates/incident_75966/candidate_6/incident_75966_candidate_6_mask.tif
candidates/incident_75966/candidate_6/incident_75966_candidate_6_before.tif
candidates/incident_75966/candidate_7/incident_75966_candidate_7_mask.tif
candidates/incident_75966/candidate_7/incident_75966_candidate_7_after.tif
candidates/incident_75966/candidate_7/incident_75966_candidate_7_slope.tif
candidates/incident_75966/candidate_7/incident_75966_candidate_7_before.tif
candidates/incident_75966/candidate_6/incident_75966_candidate_6_after.tif
candidates/incident_75966/candidate_8/incident_75966_candidate_8_mask.tif
candidates/incident_75966/candidate_8/incident_75966_candidate_8_before.tif
candidates/incident_75966/candidate_8/incident_75966_candidate_8_slope.tif
candidates/incident_75966/candidate_9/incident_75966_candidate_9_after.tif
candidates/incident_75966/candidate_9/incident_75966_candidate_9_slope.tif
candidates/incident_75966/candidate_9/incident_75966_candidate_9_before.tif
candidates/incident_75966/candidate_8/incident_75966_candidate_8_after.tif
candidates/incident_75966/candidate_9/incident_75966_candidate_9_mask.tif
candidates/incident_75994/candidate_1/incident_75994_candidate_1_mask.tif
candidates/incident_75994/candidate_1/incident_75994_candidate_1_slope.tif
candidates/incident_75994/candidate_10/incident_75994_candidate_10_slope.tif
candidates/incident_75994/candidate_10/incident_75994_candidate_10_mask.tif
candidates/incident_75994/candidate_1/incident_75994_candidate_1_after.tif
candidates/incident_75994/candidate_10/incident_75994_candidate_10_after.tif
candidates/incident_75994/candidate_10/incident_75994_candidate_10_before.tif
candidates/incident_75994/candidate_11/incident_75994_candidate_11_slope.tif
candidates/incident_75994/candidate_11/incident_75994_candidate_11_mask.tif
candidates/incident_75994/candidate_11/incident_75994_candidate_11_after.tif
candidates/incident_75994/candidate_11/incident_75994_candidate_11_before.tif
candidates/incident_75994/candidate_12/incident_75994_candidate_12_mask.tif
candidates/incident_75994/candidate_12/incident_75994_candidate_12_after.tif
candidates/incident_75994/candidate_1/incident_75994_candidate_1_before.tif
candidates/incident_75994/candidate_12/incident_75994_candidate_12_slope.tif
candidates/incident_75994/candidate_12/incident_75994_candidate_12_before.tif
candidates/incident_75994/candidate_13/incident_75994_candidate_13_mask.tif
candidates/incident_75994/candidate_13/incident_75994_candidate_13_after.tif
candidates/incident_75994/candidate_13/incident_75994_candidate_13_slope.tif
candidates/incident_75994/candidate_13/incident_75994_candidate_13_before.tif
candidates/incident_75994/candidate_2/incident_75994_candidate_2_mask.tif
candidates/incident_75994/candidate_2/incident_75994_candidate_2_slope.tif
candidates/incident_75994/candidate_2/incident_75994_candidate_2_before.tif
candidates/incident_75994/candidate_3/incident_75994_candidate_3_mask.tif
candidates/incident_75994/candidate_3/incident_75994_candidate_3_slope.tif
candidates/incident_75994/candidate_3/incident_75994_candidate_3_before.tif
candidates/incident_75994/candidate_4/incident_75994_candidate_4_mask.tif
candidates/incident_75994/candidate_4/incident_75994_candidate_4_after.tif
candidates/incident_75994/candidate_4/incident_75994_candidate_4_slope.tif
candidates/incident_75994/candidate_2/incident_75994_candidate_2_after.tif
candidates/incident_75994/candidate_5/incident_75994_candidate_5_after.tif
candidates/incident_75994/candidate_3/incident_75994_candidate_3_after.tif
candidates/incident_75994/candidate_5/incident_75994_candidate_5_mask.tif
candidates/incident_75994/candidate_4/incident_75994_candidate_4_before.tif
candidates/incident_75994/candidate_5/incident_75994_candidate_5_slope.tif
candidates/incident_75994/candidate_5/incident_75994_candidate_5_before.tif
candidates/incident_75994/candidate_6/incident_75994_candidate_6_before.tif
candidates/incident_75994/candidate_6/incident_75994_candidate_6_mask.tif
candidates/incident_75994/candidate_6/incident_75994_candidate_6_slope.tif
candidates/incident_75994/candidate_7/incident_75994_candidate_7_mask.tif
candidates/incident_75994/candidate_7/incident_75994_candidate_7_slope.tif
candidates/incident_75994/candidate_7/incident_75994_candidate_7_after.tif
candidates/incident_75994/candidate_7/incident_75994_candidate_7_before.tif
candidates/incident_75994/candidate_6/incident_75994_candidate_6_after.tif
candidates/incident_75994/candidate_8/incident_75994_candidate_8_mask.tif
candidates/incident_75994/candidate_8/incident_75994_candidate_8_slope.tif
candidates/incident_75994/candidate_8/incident_75994_candidate_8_before.tif
candidates/incident_75994/candidate_9/incident_75994_candidate_9_mask.tif
candidates/incident_75994/candidate_9/incident_75994_candidate_9_slope.tif
candidates/incident_75994/candidate_8/incident_75994_candidate_8_after.tif
candidates/incident_75994/candidate_9/incident_75994_candidate_9_before.tif
candidates/incident_75994/candidate_9/incident_75994_candidate_9_after.tif
candidates/incident_76089/candidate_1/incident_76089_candidate_1_mask.tif
candidates/incident_76089/candidate_1/incident_76089_candidate_1_slope.tif
candidates/incident_76089/candidate_10/incident_76089_candidate_10_mask.tif
candidates/incident_76089/candidate_10/incident_76089_candidate_10_slope.tif
candidates/incident_76089/candidate_1/incident_76089_candidate_1_before.tif
candidates/incident_76089/candidate_10/incident_76089_candidate_10_after.tif
candidates/incident_76089/candidate_10/incident_76089_candidate_10_before.tif
candidates/incident_76089/candidate_1/incident_76089_candidate_1_after.tif
candidates/incident_76089/candidate_11/incident_76089_candidate_11_after.tif
candidates/incident_76089/candidate_11/incident_76089_candidate_11_mask.tif
candidates/incident_76089/candidate_11/incident_76089_candidate_11_slope.tif
candidates/incident_76089/candidate_2/incident_76089_candidate_2_mask.tif
candidates/incident_76089/candidate_2/incident_76089_candidate_2_slope.tif
candidates/incident_76089/candidate_2/incident_76089_candidate_2_after.tif
candidates/incident_76089/candidate_2/incident_76089_candidate_2_before.tif
candidates/incident_76089/candidate_3/incident_76089_candidate_3_mask.tif
candidates/incident_76089/candidate_3/incident_76089_candidate_3_slope.tif
candidates/incident_76089/candidate_3/incident_76089_candidate_3_before.tif
candidates/incident_76089/candidate_3/incident_76089_candidate_3_after.tif
candidates/incident_76089/candidate_11/incident_76089_candidate_11_before.tif
candidates/incident_76089/candidate_4/incident_76089_candidate_4_mask.tif
candidates/incident_76089/candidate_4/incident_76089_candidate_4_slope.tif
candidates/incident_76089/candidate_4/incident_76089_candidate_4_after.tif
candidates/incident_76089/candidate_4/incident_76089_candidate_4_before.tif
candidates/incident_76089/candidate_5/incident_76089_candidate_5_mask.tif
candidates/incident_76089/candidate_5/incident_76089_candidate_5_slope.tif
candidates/incident_76089/candidate_5/incident_76089_candidate_5_after.tif
candidates/incident_76089/candidate_6/incident_76089_candidate_6_mask.tif
candidates/incident_76089/candidate_6/incident_76089_candidate_6_slope.tif
candidates/incident_76089/candidate_6/incident_76089_candidate_6_after.tif
candidates/incident_76089/candidate_6/incident_76089_candidate_6_before.tif
candidates/incident_76089/candidate_5/incident_76089_candidate_5_before.tif
candidates/incident_76089/candidate_7/incident_76089_candidate_7_after.tif
candidates/incident_76089/candidate_7/incident_76089_candidate_7_mask.tif
candidates/incident_76089/candidate_7/incident_76089_candidate_7_slope.tif
candidates/incident_76089/candidate_7/incident_76089_candidate_7_before.tif
candidates/incident_76089/candidate_8/incident_76089_candidate_8_slope.tif
candidates/incident_76089/candidate_8/incident_76089_candidate_8_mask.tif
candidates/incident_76089/candidate_8/incident_76089_candidate_8_before.tif
candidates/incident_76089/candidate_9/incident_76089_candidate_9_mask.tif
candidates/incident_76089/candidate_8/incident_76089_candidate_8_after.tif
candidates/incident_76089/candidate_9/incident_76089_candidate_9_slope.tif
candidates/incident_76192/candidate_1/incident_76192_candidate_1_mask.tif
candidates/incident_76192/candidate_1/incident_76192_candidate_1_slope.tif
candidates/incident_76089/candidate_9/incident_76089_candidate_9_before.tif
candidates/incident_76089/candidate_9/incident_76089_candidate_9_after.tif
candidates/incident_76192/candidate_1/incident_76192_candidate_1_after.tif
candidates/incident_76192/candidate_1/incident_76192_candidate_1_before.tif
candidates/incident_76192/candidate_10/incident_76192_candidate_10_after.tif
candidates/incident_76192/candidate_10/incident_76192_candidate_10_mask.tif
candidates/incident_76192/candidate_10/incident_76192_candidate_10_slope.tif
candidates/incident_76192/candidate_10/incident_76192_candidate_10_before.tif
candidates/incident_76192/candidate_11/incident_76192_candidate_11_mask.tif
candidates/incident_76192/candidate_11/incident_76192_candidate_11_slope.tif
candidates/incident_76192/candidate_11/incident_76192_candidate_11_after.tif
candidates/incident_76192/candidate_12/incident_76192_candidate_12_mask.tif
candidates/incident_76192/candidate_12/incident_76192_candidate_12_slope.tif
candidates/incident_76192/candidate_11/incident_76192_candidate_11_before.tif
candidates/incident_76192/candidate_12/incident_76192_candidate_12_after.tif
candidates/incident_76192/candidate_12/incident_76192_candidate_12_before.tif
candidates/incident_76192/candidate_13/incident_76192_candidate_13_mask.tif
candidates/incident_76192/candidate_13/incident_76192_candidate_13_slope.tif
candidates/incident_76192/candidate_13/incident_76192_candidate_13_after.tif
candidates/incident_76192/candidate_13/incident_76192_candidate_13_before.tif
candidates/incident_76192/candidate_2/incident_76192_candidate_2_mask.tif
candidates/incident_76192/candidate_2/incident_76192_candidate_2_slope.tif
candidates/incident_76192/candidate_2/incident_76192_candidate_2_after.tif
candidates/incident_76192/candidate_2/incident_76192_candidate_2_before.tif
candidates/incident_76192/candidate_3/incident_76192_candidate_3_mask.tif
candidates/incident_76192/candidate_3/incident_76192_candidate_3_slope.tif
candidates/incident_76192/candidate_3/incident_76192_candidate_3_after.tif
candidates/incident_76192/candidate_3/incident_76192_candidate_3_before.tif
candidates/incident_76192/candidate_4/incident_76192_candidate_4_mask.tif
candidates/incident_76192/candidate_4/incident_76192_candidate_4_slope.tif
candidates/incident_76192/candidate_4/incident_76192_candidate_4_after.tif
candidates/incident_76192/candidate_5/incident_76192_candidate_5_mask.tif
candidates/incident_76192/candidate_5/incident_76192_candidate_5_after.tif
candidates/incident_76192/candidate_5/incident_76192_candidate_5_slope.tif
candidates/incident_76192/candidate_5/incident_76192_candidate_5_before.tif
candidates/incident_76192/candidate_4/incident_76192_candidate_4_before.tif
candidates/incident_76192/candidate_6/incident_76192_candidate_6_after.tif
candidates/incident_76192/candidate_6/incident_76192_candidate_6_mask.tif
candidates/incident_76192/candidate_6/incident_76192_candidate_6_before.tif
candidates/incident_76192/candidate_6/incident_76192_candidate_6_slope.tif
candidates/incident_76192/candidate_7/incident_76192_candidate_7_mask.tif
candidates/incident_76192/candidate_7/incident_76192_candidate_7_after.tif
candidates/incident_76192/candidate_7/incident_76192_candidate_7_slope.tif
candidates/incident_76192/candidate_7/incident_76192_candidate_7_before.tif
candidates/incident_76192/candidate_8/incident_76192_candidate_8_mask.tif
candidates/incident_76192/candidate_8/incident_76192_candidate_8_slope.tif
candidates/incident_76192/candidate_8/incident_76192_candidate_8_before.tif
candidates/incident_76192/candidate_8/incident_76192_candidate_8_after.tif
candidates/incident_76192/candidate_9/incident_76192_candidate_9_mask.tif
candidates/incident_76192/candidate_9/incident_76192_candidate_9_slope.tif
candidates/incident_76192/candidate_9/incident_76192_candidate_9_before.tif
candidates/incident_76192/candidate_9/incident_76192_candidate_9_after.tif
candidates/incident_76257/candidate_1/incident_76257_candidate_1_mask.tif
candidates/incident_76257/candidate_1/incident_76257_candidate_1_slope.tif
candidates/incident_76257/candidate_1/incident_76257_candidate_1_after.tif
candidates/incident_76257/candidate_1/incident_76257_candidate_1_before.tif
candidates/incident_76257/candidate_10/incident_76257_candidate_10_slope.tif
candidates/incident_76257/candidate_10/incident_76257_candidate_10_mask.tif
candidates/incident_76257/candidate_10/incident_76257_candidate_10_after.tif
candidates/incident_76257/candidate_10/incident_76257_candidate_10_before.tif
candidates/incident_76257/candidate_11/incident_76257_candidate_11_after.tif
candidates/incident_76257/candidate_11/incident_76257_candidate_11_mask.tif
candidates/incident_76257/candidate_11/incident_76257_candidate_11_before.tif
candidates/incident_76257/candidate_11/incident_76257_candidate_11_slope.tif
candidates/incident_76257/candidate_2/incident_76257_candidate_2_mask.tif
candidates/incident_76257/candidate_2/incident_76257_candidate_2_slope.tif
candidates/incident_76257/candidate_2/incident_76257_candidate_2_before.tif
candidates/incident_76257/candidate_3/incident_76257_candidate_3_mask.tif
candidates/incident_76257/candidate_3/incident_76257_candidate_3_slope.tif
candidates/incident_76257/candidate_2/incident_76257_candidate_2_after.tif
candidates/incident_76257/candidate_3/incident_76257_candidate_3_after.tif
candidates/incident_76257/candidate_3/incident_76257_candidate_3_before.tif
candidates/incident_76257/candidate_4/incident_76257_candidate_4_mask.tif
candidates/incident_76257/candidate_4/incident_76257_candidate_4_slope.tif
candidates/incident_76257/candidate_4/incident_76257_candidate_4_before.tif
candidates/incident_76257/candidate_4/incident_76257_candidate_4_after.tif
candidates/incident_76257/candidate_5/incident_76257_candidate_5_mask.tif
candidates/incident_76257/candidate_5/incident_76257_candidate_5_slope.tif
candidates/incident_76257/candidate_5/incident_76257_candidate_5_after.tif
candidates/incident_76257/candidate_5/incident_76257_candidate_5_before.tif
candidates/incident_76257/candidate_6/incident_76257_candidate_6_slope.tif
candidates/incident_76257/candidate_6/incident_76257_candidate_6_mask.tif
candidates/incident_76257/candidate_6/incident_76257_candidate_6_after.tif
candidates/incident_76257/candidate_7/incident_76257_candidate_7_mask.tif
candidates/incident_76257/candidate_6/incident_76257_candidate_6_before.tif
candidates/incident_76257/candidate_7/incident_76257_candidate_7_slope.tif
candidates/incident_76257/candidate_8/incident_76257_candidate_8_mask.tif
candidates/incident_76257/candidate_8/incident_76257_candidate_8_slope.tif
candidates/incident_76257/candidate_7/incident_76257_candidate_7_after.tif
candidates/incident_76257/candidate_8/incident_76257_candidate_8_before.tif
candidates/incident_76257/candidate_7/incident_76257_candidate_7_before.tif
candidates/incident_76257/candidate_9/incident_76257_candidate_9_after.tif
candidates/incident_76257/candidate_9/incident_76257_candidate_9_slope.tif
candidates/incident_76257/candidate_9/incident_76257_candidate_9_mask.tif
candidates/incident_76257/candidate_9/incident_76257_candidate_9_before.tif
candidates/incident_76350/candidate_1/incident_76350_candidate_1_mask.tif
candidates/incident_76257/candidate_8/incident_76257_candidate_8_after.tif
candidates/incident_76350/candidate_1/incident_76350_candidate_1_slope.tif
candidates/incident_76350/candidate_10/incident_76350_candidate_10_mask.tif
candidates/incident_76350/candidate_1/incident_76350_candidate_1_before.tif
candidates/incident_76350/candidate_1/incident_76350_candidate_1_after.tif
candidates/incident_76350/candidate_10/incident_76350_candidate_10_after.tif
candidates/incident_76350/candidate_10/incident_76350_candidate_10_slope.tif
candidates/incident_76350/candidate_10/incident_76350_candidate_10_before.tif
candidates/incident_76350/candidate_11/incident_76350_candidate_11_after.tif
candidates/incident_76350/candidate_11/incident_76350_candidate_11_before.tif
candidates/incident_76350/candidate_11/incident_76350_candidate_11_mask.tif
candidates/incident_76350/candidate_11/incident_76350_candidate_11_slope.tif
candidates/incident_76350/candidate_12/incident_76350_candidate_12_mask.tif
candidates/incident_76350/candidate_12/incident_76350_candidate_12_slope.tif
candidates/incident_76350/candidate_12/incident_76350_candidate_12_after.tif
candidates/incident_76350/candidate_13/incident_76350_candidate_13_mask.tif
candidates/incident_76350/candidate_13/incident_76350_candidate_13_slope.tif
candidates/incident_76350/candidate_13/incident_76350_candidate_13_after.tif
candidates/incident_76350/candidate_13/incident_76350_candidate_13_before.tif
candidates/incident_76350/candidate_12/incident_76350_candidate_12_before.tif
candidates/incident_76350/candidate_14/incident_76350_candidate_14_mask.tif
candidates/incident_76350/candidate_14/incident_76350_candidate_14_after.tif
candidates/incident_76350/candidate_14/incident_76350_candidate_14_slope.tif
candidates/incident_76350/candidate_14/incident_76350_candidate_14_before.tif
candidates/incident_76350/candidate_15/incident_76350_candidate_15_mask.tif
candidates/incident_76350/candidate_15/incident_76350_candidate_15_slope.tif
candidates/incident_76350/candidate_15/incident_76350_candidate_15_after.tif
candidates/incident_76350/candidate_16/incident_76350_candidate_16_mask.tif
candidates/incident_76350/candidate_16/incident_76350_candidate_16_slope.tif
candidates/incident_76350/candidate_16/incident_76350_candidate_16_after.tif
candidates/incident_76350/candidate_2/incident_76350_candidate_2_mask.tif
candidates/incident_76350/candidate_16/incident_76350_candidate_16_before.tif
candidates/incident_76350/candidate_15/incident_76350_candidate_15_before.tif
candidates/incident_76350/candidate_2/incident_76350_candidate_2_slope.tif
candidates/incident_76350/candidate_2/incident_76350_candidate_2_after.tif
candidates/incident_76350/candidate_2/incident_76350_candidate_2_before.tif
candidates/incident_76350/candidate_3/incident_76350_candidate_3_after.tif
candidates/incident_76350/candidate_3/incident_76350_candidate_3_mask.tif
candidates/incident_76350/candidate_3/incident_76350_candidate_3_before.tif
candidates/incident_76350/candidate_3/incident_76350_candidate_3_slope.tif
candidates/incident_76350/candidate_4/incident_76350_candidate_4_mask.tif
candidates/incident_76350/candidate_4/incident_76350_candidate_4_slope.tif
candidates/incident_76350/candidate_4/incident_76350_candidate_4_after.tif
candidates/incident_76350/candidate_4/incident_76350_candidate_4_before.tif
candidates/incident_76350/candidate_5/incident_76350_candidate_5_mask.tif
candidates/incident_76350/candidate_5/incident_76350_candidate_5_slope.tif
candidates/incident_76350/candidate_5/incident_76350_candidate_5_after.tif
candidates/incident_76350/candidate_6/incident_76350_candidate_6_slope.tif
candidates/incident_76350/candidate_6/incident_76350_candidate_6_mask.tif
candidates/incident_76350/candidate_6/incident_76350_candidate_6_after.tif
candidates/incident_76350/candidate_5/incident_76350_candidate_5_before.tif
candidates/incident_76350/candidate_6/incident_76350_candidate_6_before.tif
candidates/incident_76350/candidate_7/incident_76350_candidate_7_mask.tif
candidates/incident_76350/candidate_7/incident_76350_candidate_7_after.tif
candidates/incident_76350/candidate_7/incident_76350_candidate_7_slope.tif
candidates/incident_76350/candidate_8/incident_76350_candidate_8_mask.tif
candidates/incident_76350/candidate_7/incident_76350_candidate_7_before.tif
candidates/incident_76350/candidate_8/incident_76350_candidate_8_slope.tif
candidates/incident_76350/candidate_8/incident_76350_candidate_8_after.tif
candidates/incident_76350/candidate_9/incident_76350_candidate_9_mask.tif
candidates/incident_76350/candidate_9/incident_76350_candidate_9_slope.tif
candidates/incident_76391/candidate_1/incident_76391_candidate_1_mask.tif
candidates/incident_76350/candidate_8/incident_76350_candidate_8_before.tif
candidates/incident_76391/candidate_1/incident_76391_candidate_1_slope.tif
candidates/incident_76350/candidate_9/incident_76350_candidate_9_before.tif
candidates/incident_76391/candidate_1/incident_76391_candidate_1_after.tif
candidates/incident_76391/candidate_1/incident_76391_candidate_1_before.tif
candidates/incident_76350/candidate_9/incident_76350_candidate_9_after.tif
candidates/incident_76391/candidate_10/incident_76391_candidate_10_mask.tif
candidates/incident_76391/candidate_10/incident_76391_candidate_10_slope.tif
candidates/incident_76391/candidate_10/incident_76391_candidate_10_after.tif
candidates/incident_76391/candidate_11/incident_76391_candidate_11_mask.tif
candidates/incident_76391/candidate_10/incident_76391_candidate_10_before.tif
candidates/incident_76391/candidate_11/incident_76391_candidate_11_slope.tif
candidates/incident_76391/candidate_11/incident_76391_candidate_11_after.tif
candidates/incident_76391/candidate_11/incident_76391_candidate_11_before.tif
candidates/incident_76391/candidate_2/incident_76391_candidate_2_slope.tif
candidates/incident_76391/candidate_2/incident_76391_candidate_2_mask.tif
candidates/incident_76391/candidate_2/incident_76391_candidate_2_after.tif
candidates/incident_76391/candidate_2/incident_76391_candidate_2_before.tif
candidates/incident_76391/candidate_3/incident_76391_candidate_3_slope.tif
candidates/incident_76391/candidate_3/incident_76391_candidate_3_mask.tif
candidates/incident_76391/candidate_3/incident_76391_candidate_3_after.tif
candidates/incident_76391/candidate_4/incident_76391_candidate_4_mask.tif
candidates/incident_76391/candidate_4/incident_76391_candidate_4_slope.tif
candidates/incident_76391/candidate_4/incident_76391_candidate_4_before.tif
candidates/incident_76391/candidate_5/incident_76391_candidate_5_mask.tif
candidates/incident_76391/candidate_3/incident_76391_candidate_3_before.tif
candidates/incident_76391/candidate_5/incident_76391_candidate_5_after.tif
candidates/incident_76391/candidate_4/incident_76391_candidate_4_after.tif
candidates/incident_76391/candidate_5/incident_76391_candidate_5_slope.tif
candidates/incident_76391/candidate_6/incident_76391_candidate_6_mask.tif
candidates/incident_76391/candidate_5/incident_76391_candidate_5_before.tif
candidates/incident_76391/candidate_6/incident_76391_candidate_6_slope.tif
candidates/incident_76391/candidate_7/incident_76391_candidate_7_mask.tif
candidates/incident_76391/candidate_6/incident_76391_candidate_6_before.tif
candidates/incident_76391/candidate_7/incident_76391_candidate_7_after.tif
candidates/incident_76391/candidate_7/incident_76391_candidate_7_before.tif
candidates/incident_76391/candidate_7/incident_76391_candidate_7_slope.tif
candidates/incident_76391/candidate_6/incident_76391_candidate_6_after.tif
candidates/incident_76391/candidate_8/incident_76391_candidate_8_mask.tif
candidates/incident_76391/candidate_8/incident_76391_candidate_8_slope.tif
candidates/incident_76391/candidate_8/incident_76391_candidate_8_after.tif
candidates/incident_76391/candidate_8/incident_76391_candidate_8_before.tif
candidates/incident_76391/candidate_9/incident_76391_candidate_9_mask.tif
candidates/incident_76391/candidate_9/incident_76391_candidate_9_slope.tif
candidates/incident_76391/candidate_9/incident_76391_candidate_9_after.tif
candidates/incident_76391/candidate_9/incident_76391_candidate_9_before.tif
candidates/incident_76459/candidate_10/incident_76459_candidate_10_mask.tif
candidates/incident_76459/candidate_10/incident_76459_candidate_10_slope.tif
candidates/incident_76459/candidate_1/incident_76459_candidate_1_mask.tif
candidates/incident_76459/candidate_1/incident_76459_candidate_1_slope.tif
candidates/incident_76459/candidate_1/incident_76459_candidate_1_before.tif
candidates/incident_76459/candidate_10/incident_76459_candidate_10_after.tif
candidates/incident_76459/candidate_1/incident_76459_candidate_1_after.tif
candidates/incident_76459/candidate_10/incident_76459_candidate_10_before.tif
candidates/incident_76459/candidate_11/incident_76459_candidate_11_mask.tif
candidates/incident_76459/candidate_11/incident_76459_candidate_11_slope.tif
candidates/incident_76459/candidate_12/incident_76459_candidate_12_mask.tif
candidates/incident_76459/candidate_11/incident_76459_candidate_11_before.tif
candidates/incident_76459/candidate_12/incident_76459_candidate_12_slope.tif
candidates/incident_76459/candidate_12/incident_76459_candidate_12_after.tif
candidates/incident_76459/candidate_11/incident_76459_candidate_11_after.tif
candidates/incident_76459/candidate_13/incident_76459_candidate_13_mask.tif
candidates/incident_76459/candidate_13/incident_76459_candidate_13_slope.tif
candidates/incident_76459/candidate_13/incident_76459_candidate_13_after.tif
candidates/incident_76459/candidate_12/incident_76459_candidate_12_before.tif
candidates/incident_76459/candidate_13/incident_76459_candidate_13_before.tif
candidates/incident_76459/candidate_14/incident_76459_candidate_14_mask.tif
candidates/incident_76459/candidate_14/incident_76459_candidate_14_slope.tif
candidates/incident_76459/candidate_14/incident_76459_candidate_14_after.tif
candidates/incident_76459/candidate_14/incident_76459_candidate_14_before.tif
candidates/incident_76459/candidate_15/incident_76459_candidate_15_mask.tif
candidates/incident_76459/candidate_15/incident_76459_candidate_15_slope.tif
candidates/incident_76459/candidate_15/incident_76459_candidate_15_after.tif
candidates/incident_76459/candidate_15/incident_76459_candidate_15_before.tif
candidates/incident_76459/candidate_16/incident_76459_candidate_16_mask.tif
candidates/incident_76459/candidate_16/incident_76459_candidate_16_slope.tif
candidates/incident_76459/candidate_17/incident_76459_candidate_17_mask.tif
candidates/incident_76459/candidate_16/incident_76459_candidate_16_after.tif
candidates/incident_76459/candidate_17/incident_76459_candidate_17_slope.tif
candidates/incident_76459/candidate_17/incident_76459_candidate_17_before.tif
candidates/incident_76459/candidate_16/incident_76459_candidate_16_before.tif
candidates/incident_76459/candidate_18/incident_76459_candidate_18_mask.tif
candidates/incident_76459/candidate_18/incident_76459_candidate_18_before.tif
candidates/incident_76459/candidate_18/incident_76459_candidate_18_slope.tif
candidates/incident_76459/candidate_18/incident_76459_candidate_18_after.tif
candidates/incident_76459/candidate_17/incident_76459_candidate_17_after.tif
candidates/incident_76459/candidate_19/incident_76459_candidate_19_mask.tif
candidates/incident_76459/candidate_19/incident_76459_candidate_19_slope.tif
candidates/incident_76459/candidate_19/incident_76459_candidate_19_after.tif
candidates/incident_76459/candidate_19/incident_76459_candidate_19_before.tif
candidates/incident_76459/candidate_2/incident_76459_candidate_2_after.tif
candidates/incident_76459/candidate_2/incident_76459_candidate_2_mask.tif
candidates/incident_76459/candidate_20/incident_76459_candidate_20_mask.tif
candidates/incident_76459/candidate_20/incident_76459_candidate_20_slope.tif
candidates/incident_76459/candidate_20/incident_76459_candidate_20_after.tif
candidates/incident_76459/candidate_2/incident_76459_candidate_2_slope.tif
candidates/incident_76459/candidate_21/incident_76459_candidate_21_mask.tif
candidates/incident_76459/candidate_21/incident_76459_candidate_21_after.tif
candidates/incident_76459/candidate_21/incident_76459_candidate_21_slope.tif
candidates/incident_76459/candidate_21/incident_76459_candidate_21_before.tif
candidates/incident_76459/candidate_2/incident_76459_candidate_2_before.tif
candidates/incident_76459/candidate_20/incident_76459_candidate_20_before.tif
candidates/incident_76459/candidate_22/incident_76459_candidate_22_mask.tif
candidates/incident_76459/candidate_22/incident_76459_candidate_22_after.tif
candidates/incident_76459/candidate_22/incident_76459_candidate_22_slope.tif
candidates/incident_76459/candidate_22/incident_76459_candidate_22_before.tif
candidates/incident_76459/candidate_23/incident_76459_candidate_23_mask.tif
candidates/incident_76459/candidate_23/incident_76459_candidate_23_slope.tif
candidates/incident_76459/candidate_23/incident_76459_candidate_23_after.tif
candidates/incident_76459/candidate_23/incident_76459_candidate_23_before.tif
candidates/incident_76459/candidate_24/incident_76459_candidate_24_mask.tif
candidates/incident_76459/candidate_24/incident_76459_candidate_24_slope.tif
candidates/incident_76459/candidate_24/incident_76459_candidate_24_after.tif
candidates/incident_76459/candidate_24/incident_76459_candidate_24_before.tif
candidates/incident_76459/candidate_25/incident_76459_candidate_25_slope.tif
candidates/incident_76459/candidate_25/incident_76459_candidate_25_after.tif
candidates/incident_76459/candidate_25/incident_76459_candidate_25_mask.tif
candidates/incident_76459/candidate_26/incident_76459_candidate_26_mask.tif
candidates/incident_76459/candidate_25/incident_76459_candidate_25_before.tif
candidates/incident_76459/candidate_26/incident_76459_candidate_26_slope.tif
candidates/incident_76459/candidate_26/incident_76459_candidate_26_after.tif
candidates/incident_76459/candidate_27/incident_76459_candidate_27_mask.tif
candidates/incident_76459/candidate_27/incident_76459_candidate_27_slope.tif
candidates/incident_76459/candidate_27/incident_76459_candidate_27_before.tif
candidates/incident_76459/candidate_27/incident_76459_candidate_27_after.tif
candidates/incident_76459/candidate_28/incident_76459_candidate_28_mask.tif
candidates/incident_76459/candidate_26/incident_76459_candidate_26_before.tif
candidates/incident_76459/candidate_28/incident_76459_candidate_28_slope.tif
candidates/incident_76459/candidate_28/incident_76459_candidate_28_before.tif
candidates/incident_76459/candidate_29/incident_76459_candidate_29_mask.tif
candidates/incident_76459/candidate_29/incident_76459_candidate_29_slope.tif
candidates/incident_76459/candidate_3/incident_76459_candidate_3_mask.tif
candidates/incident_76459/candidate_29/incident_76459_candidate_29_before.tif
candidates/incident_76459/candidate_28/incident_76459_candidate_28_after.tif
candidates/incident_76459/candidate_29/incident_76459_candidate_29_after.tif
candidates/incident_76459/candidate_3/incident_76459_candidate_3_after.tif
candidates/incident_76459/candidate_3/incident_76459_candidate_3_slope.tif
candidates/incident_76459/candidate_30/incident_76459_candidate_30_mask.tif
candidates/incident_76459/candidate_30/incident_76459_candidate_30_slope.tif
candidates/incident_76459/candidate_30/incident_76459_candidate_30_before.tif
candidates/incident_76459/candidate_31/incident_76459_candidate_31_after.tif
candidates/incident_76459/candidate_31/incident_76459_candidate_31_mask.tif
candidates/incident_76459/candidate_31/incident_76459_candidate_31_before.tif
candidates/incident_76459/candidate_31/incident_76459_candidate_31_slope.tif
candidates/incident_76459/candidate_30/incident_76459_candidate_30_after.tif
candidates/incident_76459/candidate_32/incident_76459_candidate_32_after.tif
candidates/incident_76459/candidate_32/incident_76459_candidate_32_mask.tif
candidates/incident_76459/candidate_32/incident_76459_candidate_32_slope.tif
candidates/incident_76459/candidate_32/incident_76459_candidate_32_before.tif
candidates/incident_76459/candidate_3/incident_76459_candidate_3_before.tif
candidates/incident_76459/candidate_33/incident_76459_candidate_33_mask.tif
candidates/incident_76459/candidate_33/incident_76459_candidate_33_slope.tif
candidates/incident_76459/candidate_33/incident_76459_candidate_33_after.tif
candidates/incident_76459/candidate_34/incident_76459_candidate_34_mask.tif
candidates/incident_76459/candidate_33/incident_76459_candidate_33_before.tif
candidates/incident_76459/candidate_34/incident_76459_candidate_34_before.tif
candidates/incident_76459/candidate_34/incident_76459_candidate_34_slope.tif
candidates/incident_76459/candidate_34/incident_76459_candidate_34_after.tif
candidates/incident_76459/candidate_4/incident_76459_candidate_4_mask.tif
candidates/incident_76459/candidate_4/incident_76459_candidate_4_after.tif
candidates/incident_76459/candidate_4/incident_76459_candidate_4_slope.tif
candidates/incident_76459/candidate_4/incident_76459_candidate_4_before.tif
candidates/incident_76459/candidate_5/incident_76459_candidate_5_mask.tif
candidates/incident_76459/candidate_5/incident_76459_candidate_5_slope.tif
candidates/incident_76459/candidate_5/incident_76459_candidate_5_after.tif
candidates/incident_76459/candidate_6/incident_76459_candidate_6_mask.tif
candidates/incident_76459/candidate_6/incident_76459_candidate_6_slope.tif
candidates/incident_76459/candidate_5/incident_76459_candidate_5_before.tif
candidates/incident_76459/candidate_7/incident_76459_candidate_7_mask.tif
candidates/incident_76459/candidate_6/incident_76459_candidate_6_after.tif
candidates/incident_76459/candidate_7/incident_76459_candidate_7_slope.tif
candidates/incident_76459/candidate_8/incident_76459_candidate_8_after.tif
candidates/incident_76459/candidate_8/incident_76459_candidate_8_mask.tif
candidates/incident_76459/candidate_8/incident_76459_candidate_8_slope.tif
candidates/incident_76459/candidate_8/incident_76459_candidate_8_before.tif
candidates/incident_76459/candidate_6/incident_76459_candidate_6_before.tif
candidates/incident_76459/candidate_9/incident_76459_candidate_9_after.tif
candidates/incident_76459/candidate_9/incident_76459_candidate_9_mask.tif
candidates/incident_76459/candidate_9/incident_76459_candidate_9_slope.tif
candidates/incident_76459/candidate_7/incident_76459_candidate_7_after.tif
candidates/incident_76459/candidate_7/incident_76459_candidate_7_before.tif
candidates/incident_76459/candidate_9/incident_76459_candidate_9_before.tif
candidates/incident_76722/candidate_1/incident_76722_candidate_1_mask.tif
candidates/incident_76722/candidate_10/incident_76722_candidate_10_mask.tif
candidates/incident_76722/candidate_1/incident_76722_candidate_1_slope.tif
candidates/incident_76722/candidate_1/incident_76722_candidate_1_after.tif
candidates/incident_76722/candidate_10/incident_76722_candidate_10_slope.tif
candidates/incident_76722/candidate_1/incident_76722_candidate_1_before.tif
candidates/incident_76722/candidate_11/incident_76722_candidate_11_mask.tif
candidates/incident_76722/candidate_11/incident_76722_candidate_11_slope.tif
candidates/incident_76722/candidate_11/incident_76722_candidate_11_after.tif
candidates/incident_76722/candidate_11/incident_76722_candidate_11_before.tif
candidates/incident_76722/candidate_10/incident_76722_candidate_10_after.tif
candidates/incident_76722/candidate_10/incident_76722_candidate_10_before.tif
candidates/incident_76722/candidate_12/incident_76722_candidate_12_after.tif
candidates/incident_76722/candidate_12/incident_76722_candidate_12_before.tif
candidates/incident_76722/candidate_12/incident_76722_candidate_12_mask.tif
candidates/incident_76722/candidate_12/incident_76722_candidate_12_slope.tif
candidates/incident_76722/candidate_13/incident_76722_candidate_13_after.tif
candidates/incident_76722/candidate_13/incident_76722_candidate_13_mask.tif
candidates/incident_76722/candidate_13/incident_76722_candidate_13_slope.tif
candidates/incident_76722/candidate_14/incident_76722_candidate_14_mask.tif
candidates/incident_76722/candidate_14/incident_76722_candidate_14_slope.tif
candidates/incident_76722/candidate_13/incident_76722_candidate_13_before.tif
candidates/incident_76722/candidate_14/incident_76722_candidate_14_before.tif
candidates/incident_76722/candidate_15/incident_76722_candidate_15_mask.tif
candidates/incident_76722/candidate_15/incident_76722_candidate_15_slope.tif
candidates/incident_76722/candidate_14/incident_76722_candidate_14_after.tif
candidates/incident_76722/candidate_15/incident_76722_candidate_15_after.tif
candidates/incident_76722/candidate_15/incident_76722_candidate_15_before.tif
candidates/incident_76722/candidate_16/incident_76722_candidate_16_mask.tif
candidates/incident_76722/candidate_16/incident_76722_candidate_16_slope.tif
candidates/incident_76722/candidate_16/incident_76722_candidate_16_after.tif
candidates/incident_76722/candidate_16/incident_76722_candidate_16_before.tif
candidates/incident_76722/candidate_17/incident_76722_candidate_17_mask.tif
candidates/incident_76722/candidate_17/incident_76722_candidate_17_slope.tif
candidates/incident_76722/candidate_17/incident_76722_candidate_17_after.tif
candidates/incident_76722/candidate_18/incident_76722_candidate_18_mask.tif
candidates/incident_76722/candidate_18/incident_76722_candidate_18_slope.tif
candidates/incident_76722/candidate_18/incident_76722_candidate_18_after.tif
candidates/incident_76722/candidate_18/incident_76722_candidate_18_before.tif
candidates/incident_76722/candidate_19/incident_76722_candidate_19_mask.tif
candidates/incident_76722/candidate_19/incident_76722_candidate_19_slope.tif
candidates/incident_76722/candidate_19/incident_76722_candidate_19_after.tif
candidates/incident_76722/candidate_17/incident_76722_candidate_17_before.tif
candidates/incident_76722/candidate_19/incident_76722_candidate_19_before.tif
candidates/incident_76722/candidate_2/incident_76722_candidate_2_mask.tif
candidates/incident_76722/candidate_2/incident_76722_candidate_2_after.tif
candidates/incident_76722/candidate_2/incident_76722_candidate_2_before.tif
candidates/incident_76722/candidate_2/incident_76722_candidate_2_slope.tif
candidates/incident_76722/candidate_20/incident_76722_candidate_20_mask.tif
candidates/incident_76722/candidate_20/incident_76722_candidate_20_slope.tif
candidates/incident_76722/candidate_21/incident_76722_candidate_21_mask.tif
candidates/incident_76722/candidate_20/incident_76722_candidate_20_after.tif
candidates/incident_76722/candidate_20/incident_76722_candidate_20_before.tif
candidates/incident_76722/candidate_21/incident_76722_candidate_21_slope.tif
candidates/incident_76722/candidate_21/incident_76722_candidate_21_after.tif
candidates/incident_76722/candidate_21/incident_76722_candidate_21_before.tif
candidates/incident_76722/candidate_22/incident_76722_candidate_22_after.tif
candidates/incident_76722/candidate_22/incident_76722_candidate_22_before.tif
candidates/incident_76722/candidate_22/incident_76722_candidate_22_mask.tif
candidates/incident_76722/candidate_23/incident_76722_candidate_23_mask.tif
candidates/incident_76722/candidate_23/incident_76722_candidate_23_slope.tif
candidates/incident_76722/candidate_22/incident_76722_candidate_22_slope.tif
candidates/incident_76722/candidate_23/incident_76722_candidate_23_after.tif
candidates/incident_76722/candidate_23/incident_76722_candidate_23_before.tif
candidates/incident_76722/candidate_24/incident_76722_candidate_24_mask.tif
candidates/incident_76722/candidate_24/incident_76722_candidate_24_slope.tif
candidates/incident_76722/candidate_24/incident_76722_candidate_24_after.tif
candidates/incident_76722/candidate_24/incident_76722_candidate_24_before.tif
candidates/incident_76722/candidate_25/incident_76722_candidate_25_mask.tif
candidates/incident_76722/candidate_25/incident_76722_candidate_25_slope.tif
candidates/incident_76722/candidate_25/incident_76722_candidate_25_after.tif
candidates/incident_76722/candidate_26/incident_76722_candidate_26_slope.tif
candidates/incident_76722/candidate_26/incident_76722_candidate_26_mask.tif
candidates/incident_76722/candidate_25/incident_76722_candidate_25_before.tif
candidates/incident_76722/candidate_26/incident_76722_candidate_26_after.tif
candidates/incident_76722/candidate_27/incident_76722_candidate_27_after.tif
candidates/incident_76722/candidate_27/incident_76722_candidate_27_before.tif
candidates/incident_76722/candidate_27/incident_76722_candidate_27_mask.tif
candidates/incident_76722/candidate_27/incident_76722_candidate_27_slope.tif
candidates/incident_76722/candidate_26/incident_76722_candidate_26_before.tif
candidates/incident_76722/candidate_28/incident_76722_candidate_28_mask.tif
candidates/incident_76722/candidate_28/incident_76722_candidate_28_after.tif
candidates/incident_76722/candidate_28/incident_76722_candidate_28_slope.tif
candidates/incident_76722/candidate_28/incident_76722_candidate_28_before.tif
candidates/incident_76722/candidate_29/incident_76722_candidate_29_mask.tif
candidates/incident_76722/candidate_29/incident_76722_candidate_29_slope.tif
candidates/incident_76722/candidate_29/incident_76722_candidate_29_after.tif
candidates/incident_76722/candidate_29/incident_76722_candidate_29_before.tif
candidates/incident_76722/candidate_3/incident_76722_candidate_3_mask.tif
candidates/incident_76722/candidate_3/incident_76722_candidate_3_slope.tif
candidates/incident_76722/candidate_30/incident_76722_candidate_30_mask.tif
candidates/incident_76722/candidate_30/incident_76722_candidate_30_after.tif
candidates/incident_76722/candidate_30/incident_76722_candidate_30_before.tif
candidates/incident_76722/candidate_30/incident_76722_candidate_30_slope.tif
candidates/incident_76722/candidate_3/incident_76722_candidate_3_before.tif
candidates/incident_76722/candidate_3/incident_76722_candidate_3_after.tif
candidates/incident_76722/candidate_31/incident_76722_candidate_31_mask.tif
candidates/incident_76722/candidate_31/incident_76722_candidate_31_after.tif
candidates/incident_76722/candidate_31/incident_76722_candidate_31_before.tif
candidates/incident_76722/candidate_31/incident_76722_candidate_31_slope.tif
candidates/incident_76722/candidate_32/incident_76722_candidate_32_mask.tif
candidates/incident_76722/candidate_32/incident_76722_candidate_32_after.tif
candidates/incident_76722/candidate_32/incident_76722_candidate_32_slope.tif
candidates/incident_76722/candidate_33/incident_76722_candidate_33_slope.tif
candidates/incident_76722/candidate_33/incident_76722_candidate_33_mask.tif
candidates/incident_76722/candidate_32/incident_76722_candidate_32_before.tif
candidates/incident_76722/candidate_33/incident_76722_candidate_33_after.tif
candidates/incident_76722/candidate_34/incident_76722_candidate_34_mask.tif
candidates/incident_76722/candidate_34/incident_76722_candidate_34_slope.tif
candidates/incident_76722/candidate_34/incident_76722_candidate_34_after.tif
candidates/incident_76722/candidate_35/incident_76722_candidate_35_mask.tif
candidates/incident_76722/candidate_35/incident_76722_candidate_35_after.tif
candidates/incident_76722/candidate_35/incident_76722_candidate_35_before.tif
candidates/incident_76722/candidate_33/incident_76722_candidate_33_before.tif
candidates/incident_76722/candidate_34/incident_76722_candidate_34_before.tif
candidates/incident_76722/candidate_35/incident_76722_candidate_35_slope.tif
candidates/incident_76722/candidate_36/incident_76722_candidate_36_mask.tif
candidates/incident_76722/candidate_36/incident_76722_candidate_36_slope.tif
candidates/incident_76722/candidate_36/incident_76722_candidate_36_after.tif
candidates/incident_76722/candidate_37/incident_76722_candidate_37_mask.tif
candidates/incident_76722/candidate_37/incident_76722_candidate_37_slope.tif
candidates/incident_76722/candidate_37/incident_76722_candidate_37_before.tif
candidates/incident_76722/candidate_37/incident_76722_candidate_37_after.tif
candidates/incident_76722/candidate_38/incident_76722_candidate_38_mask.tif
candidates/incident_76722/candidate_38/incident_76722_candidate_38_slope.tif
candidates/incident_76722/candidate_36/incident_76722_candidate_36_before.tif
candidates/incident_76722/candidate_38/incident_76722_candidate_38_before.tif
candidates/incident_76722/candidate_39/incident_76722_candidate_39_mask.tif
candidates/incident_76722/candidate_39/incident_76722_candidate_39_after.tif
candidates/incident_76722/candidate_38/incident_76722_candidate_38_after.tif
candidates/incident_76722/candidate_39/incident_76722_candidate_39_slope.tif
candidates/incident_76722/candidate_39/incident_76722_candidate_39_before.tif
candidates/incident_76722/candidate_4/incident_76722_candidate_4_mask.tif
candidates/incident_76722/candidate_4/incident_76722_candidate_4_after.tif
candidates/incident_76722/candidate_4/incident_76722_candidate_4_slope.tif
candidates/incident_76722/candidate_4/incident_76722_candidate_4_before.tif
candidates/incident_76722/candidate_40/incident_76722_candidate_40_mask.tif
candidates/incident_76722/candidate_40/incident_76722_candidate_40_slope.tif
candidates/incident_76722/candidate_40/incident_76722_candidate_40_after.tif
candidates/incident_76722/candidate_40/incident_76722_candidate_40_before.tif
candidates/incident_76722/candidate_41/incident_76722_candidate_41_mask.tif
candidates/incident_76722/candidate_41/incident_76722_candidate_41_slope.tif
candidates/incident_76722/candidate_41/incident_76722_candidate_41_after.tif
candidates/incident_76722/candidate_41/incident_76722_candidate_41_before.tif
candidates/incident_76722/candidate_42/incident_76722_candidate_42_mask.tif
candidates/incident_76722/candidate_42/incident_76722_candidate_42_slope.tif
candidates/incident_76722/candidate_42/incident_76722_candidate_42_after.tif
candidates/incident_76722/candidate_42/incident_76722_candidate_42_before.tif
candidates/incident_76722/candidate_43/incident_76722_candidate_43_mask.tif
candidates/incident_76722/candidate_43/incident_76722_candidate_43_slope.tif
candidates/incident_76722/candidate_43/incident_76722_candidate_43_after.tif
candidates/incident_76722/candidate_44/incident_76722_candidate_44_mask.tif
candidates/incident_76722/candidate_44/incident_76722_candidate_44_after.tif
candidates/incident_76722/candidate_43/incident_76722_candidate_43_before.tif
candidates/incident_76722/candidate_44/incident_76722_candidate_44_slope.tif
candidates/incident_76722/candidate_44/incident_76722_candidate_44_before.tif
candidates/incident_76722/candidate_45/incident_76722_candidate_45_mask.tif
candidates/incident_76722/candidate_45/incident_76722_candidate_45_after.tif
candidates/incident_76722/candidate_45/incident_76722_candidate_45_before.tif
candidates/incident_76722/candidate_45/incident_76722_candidate_45_slope.tif
candidates/incident_76722/candidate_46/incident_76722_candidate_46_mask.tif
candidates/incident_76722/candidate_46/incident_76722_candidate_46_slope.tif
candidates/incident_76722/candidate_46/incident_76722_candidate_46_after.tif
candidates/incident_76722/candidate_46/incident_76722_candidate_46_before.tif
candidates/incident_76722/candidate_47/incident_76722_candidate_47_mask.tif
candidates/incident_76722/candidate_47/incident_76722_candidate_47_after.tif
candidates/incident_76722/candidate_47/incident_76722_candidate_47_slope.tif
candidates/incident_76722/candidate_47/incident_76722_candidate_47_before.tif
candidates/incident_76722/candidate_48/incident_76722_candidate_48_slope.tif
candidates/incident_76722/candidate_48/incident_76722_candidate_48_mask.tif
candidates/incident_76722/candidate_48/incident_76722_candidate_48_after.tif
candidates/incident_76722/candidate_49/incident_76722_candidate_49_mask.tif
candidates/incident_76722/candidate_48/incident_76722_candidate_48_before.tif
candidates/incident_76722/candidate_49/incident_76722_candidate_49_slope.tif
candidates/incident_76722/candidate_5/incident_76722_candidate_5_mask.tif
candidates/incident_76722/candidate_5/incident_76722_candidate_5_slope.tif
candidates/incident_76722/candidate_5/incident_76722_candidate_5_after.tif
candidates/incident_76722/candidate_5/incident_76722_candidate_5_before.tif
candidates/incident_76722/candidate_49/incident_76722_candidate_49_after.tif
candidates/incident_76722/candidate_50/incident_76722_candidate_50_after.tif
candidates/incident_76722/candidate_50/incident_76722_candidate_50_mask.tif
candidates/incident_76722/candidate_49/incident_76722_candidate_49_before.tif
candidates/incident_76722/candidate_50/incident_76722_candidate_50_before.tif
candidates/incident_76722/candidate_50/incident_76722_candidate_50_slope.tif
candidates/incident_76722/candidate_51/incident_76722_candidate_51_mask.tif
candidates/incident_76722/candidate_51/incident_76722_candidate_51_slope.tif
candidates/incident_76722/candidate_51/incident_76722_candidate_51_before.tif
candidates/incident_76722/candidate_51/incident_76722_candidate_51_after.tif
candidates/incident_76722/candidate_52/incident_76722_candidate_52_mask.tif
candidates/incident_76722/candidate_52/incident_76722_candidate_52_slope.tif
candidates/incident_76722/candidate_52/incident_76722_candidate_52_after.tif
candidates/incident_76722/candidate_52/incident_76722_candidate_52_before.tif
candidates/incident_76722/candidate_53/incident_76722_candidate_53_after.tif
candidates/incident_76722/candidate_53/incident_76722_candidate_53_slope.tif
candidates/incident_76722/candidate_53/incident_76722_candidate_53_mask.tif
candidates/incident_76722/candidate_54/incident_76722_candidate_54_mask.tif
candidates/incident_76722/candidate_54/incident_76722_candidate_54_slope.tif
candidates/incident_76722/candidate_54/incident_76722_candidate_54_after.tif
candidates/incident_76722/candidate_55/incident_76722_candidate_55_mask.tif
candidates/incident_76722/candidate_55/incident_76722_candidate_55_after.tif
candidates/incident_76722/candidate_53/incident_76722_candidate_53_before.tif
candidates/incident_76722/candidate_55/incident_76722_candidate_55_before.tif
candidates/incident_76722/candidate_55/incident_76722_candidate_55_slope.tif
candidates/incident_76722/candidate_54/incident_76722_candidate_54_before.tif
candidates/incident_76722/candidate_56/incident_76722_candidate_56_mask.tif
candidates/incident_76722/candidate_56/incident_76722_candidate_56_after.tif
candidates/incident_76722/candidate_56/incident_76722_candidate_56_slope.tif
candidates/incident_76722/candidate_56/incident_76722_candidate_56_before.tif
candidates/incident_76722/candidate_57/incident_76722_candidate_57_slope.tif
candidates/incident_76722/candidate_57/incident_76722_candidate_57_mask.tif
candidates/incident_76722/candidate_57/incident_76722_candidate_57_after.tif
candidates/incident_76722/candidate_57/incident_76722_candidate_57_before.tif
candidates/incident_76722/candidate_6/incident_76722_candidate_6_mask.tif
candidates/incident_76722/candidate_6/incident_76722_candidate_6_slope.tif
candidates/incident_76722/candidate_6/incident_76722_candidate_6_after.tif
candidates/incident_76722/candidate_6/incident_76722_candidate_6_before.tif
candidates/incident_76722/candidate_7/incident_76722_candidate_7_mask.tif
candidates/incident_76722/candidate_7/incident_76722_candidate_7_slope.tif
candidates/incident_76722/candidate_7/incident_76722_candidate_7_before.tif
candidates/incident_76722/candidate_8/incident_76722_candidate_8_after.tif
candidates/incident_76722/candidate_8/incident_76722_candidate_8_before.tif
candidates/incident_76722/candidate_8/incident_76722_candidate_8_slope.tif
candidates/incident_76722/candidate_8/incident_76722_candidate_8_mask.tif
candidates/incident_76722/candidate_7/incident_76722_candidate_7_after.tif
candidates/incident_76722/candidate_9/incident_76722_candidate_9_mask.tif
candidates/incident_76722/candidate_9/incident_76722_candidate_9_before.tif
candidates/incident_76722/candidate_9/incident_76722_candidate_9_slope.tif
candidates/incident_76744/candidate_1/incident_76744_candidate_1_mask.tif
candidates/incident_76744/candidate_1/incident_76744_candidate_1_slope.tif
candidates/incident_76722/candidate_9/incident_76722_candidate_9_after.tif
candidates/incident_76744/candidate_10/incident_76744_candidate_10_mask.tif
candidates/incident_76744/candidate_1/incident_76744_candidate_1_after.tif
candidates/incident_76744/candidate_10/incident_76744_candidate_10_before.tif
candidates/incident_76744/candidate_1/incident_76744_candidate_1_before.tif
candidates/incident_76744/candidate_10/incident_76744_candidate_10_after.tif
candidates/incident_76744/candidate_10/incident_76744_candidate_10_slope.tif
candidates/incident_76744/candidate_11/incident_76744_candidate_11_after.tif
candidates/incident_76744/candidate_11/incident_76744_candidate_11_mask.tif
candidates/incident_76744/candidate_11/incident_76744_candidate_11_slope.tif
candidates/incident_76744/candidate_12/incident_76744_candidate_12_mask.tif
candidates/incident_76744/candidate_12/incident_76744_candidate_12_slope.tif
candidates/incident_76744/candidate_11/incident_76744_candidate_11_before.tif
candidates/incident_76744/candidate_12/incident_76744_candidate_12_after.tif
candidates/incident_76744/candidate_13/incident_76744_candidate_13_mask.tif
candidates/incident_76744/candidate_13/incident_76744_candidate_13_slope.tif
candidates/incident_76744/candidate_12/incident_76744_candidate_12_before.tif
candidates/incident_76744/candidate_13/incident_76744_candidate_13_after.tif
candidates/incident_76744/candidate_13/incident_76744_candidate_13_before.tif
candidates/incident_76744/candidate_14/incident_76744_candidate_14_mask.tif
candidates/incident_76744/candidate_14/incident_76744_candidate_14_before.tif
candidates/incident_76744/candidate_14/incident_76744_candidate_14_slope.tif
candidates/incident_76744/candidate_15/incident_76744_candidate_15_mask.tif
candidates/incident_76744/candidate_14/incident_76744_candidate_14_after.tif
candidates/incident_76744/candidate_15/incident_76744_candidate_15_after.tif
candidates/incident_76744/candidate_15/incident_76744_candidate_15_slope.tif
candidates/incident_76744/candidate_16/incident_76744_candidate_16_mask.tif
candidates/incident_76744/candidate_16/incident_76744_candidate_16_after.tif
candidates/incident_76744/candidate_16/incident_76744_candidate_16_slope.tif
candidates/incident_76744/candidate_16/incident_76744_candidate_16_before.tif
candidates/incident_76744/candidate_15/incident_76744_candidate_15_before.tif
candidates/incident_76744/candidate_17/incident_76744_candidate_17_mask.tif
candidates/incident_76744/candidate_17/incident_76744_candidate_17_before.tif
candidates/incident_76744/candidate_17/incident_76744_candidate_17_slope.tif
candidates/incident_76744/candidate_17/incident_76744_candidate_17_after.tif
candidates/incident_76744/candidate_18/incident_76744_candidate_18_slope.tif
candidates/incident_76744/candidate_18/incident_76744_candidate_18_mask.tif
candidates/incident_76744/candidate_18/incident_76744_candidate_18_after.tif
candidates/incident_76744/candidate_2/incident_76744_candidate_2_mask.tif
candidates/incident_76744/candidate_2/incident_76744_candidate_2_after.tif
candidates/incident_76744/candidate_2/incident_76744_candidate_2_slope.tif
candidates/incident_76744/candidate_3/incident_76744_candidate_3_mask.tif
candidates/incident_76744/candidate_18/incident_76744_candidate_18_before.tif
candidates/incident_76744/candidate_3/incident_76744_candidate_3_after.tif
candidates/incident_76744/candidate_3/incident_76744_candidate_3_slope.tif
candidates/incident_76744/candidate_3/incident_76744_candidate_3_before.tif
candidates/incident_76744/candidate_4/incident_76744_candidate_4_slope.tif
candidates/incident_76744/candidate_2/incident_76744_candidate_2_before.tif
candidates/incident_76744/candidate_4/incident_76744_candidate_4_mask.tif
candidates/incident_76744/candidate_4/incident_76744_candidate_4_after.tif
candidates/incident_76744/candidate_5/incident_76744_candidate_5_mask.tif
candidates/incident_76744/candidate_4/incident_76744_candidate_4_before.tif
candidates/incident_76744/candidate_5/incident_76744_candidate_5_after.tif
candidates/incident_76744/candidate_5/incident_76744_candidate_5_slope.tif
candidates/incident_76744/candidate_6/incident_76744_candidate_6_slope.tif
candidates/incident_76744/candidate_6/incident_76744_candidate_6_mask.tif
candidates/incident_76744/candidate_5/incident_76744_candidate_5_before.tif
candidates/incident_76744/candidate_6/incident_76744_candidate_6_before.tif
candidates/incident_76744/candidate_6/incident_76744_candidate_6_after.tif
candidates/incident_76744/candidate_7/incident_76744_candidate_7_after.tif
candidates/incident_76744/candidate_7/incident_76744_candidate_7_mask.tif
candidates/incident_76744/candidate_7/incident_76744_candidate_7_slope.tif
candidates/incident_76744/candidate_7/incident_76744_candidate_7_before.tif
candidates/incident_76744/candidate_8/incident_76744_candidate_8_mask.tif
candidates/incident_76744/candidate_8/incident_76744_candidate_8_before.tif
candidates/incident_76744/candidate_8/incident_76744_candidate_8_slope.tif
candidates/incident_76744/candidate_9/incident_76744_candidate_9_mask.tif
candidates/incident_76744/candidate_8/incident_76744_candidate_8_after.tif
candidates/incident_76744/candidate_9/incident_76744_candidate_9_slope.tif
candidates/incident_76744/candidate_9/incident_76744_candidate_9_after.tif
candidates/incident_76744/candidate_9/incident_76744_candidate_9_before.tif
candidates/incident_76864/candidate_1/incident_76864_candidate_1_mask.tif
candidates/incident_76864/candidate_1/incident_76864_candidate_1_slope.tif
candidates/incident_76864/candidate_10/incident_76864_candidate_10_mask.tif
candidates/incident_76864/candidate_10/incident_76864_candidate_10_slope.tif
candidates/incident_76864/candidate_1/incident_76864_candidate_1_before.tif
candidates/incident_76864/candidate_1/incident_76864_candidate_1_after.tif
candidates/incident_76864/candidate_11/incident_76864_candidate_11_mask.tif
candidates/incident_76864/candidate_10/incident_76864_candidate_10_after.tif
candidates/incident_76864/candidate_10/incident_76864_candidate_10_before.tif
candidates/incident_76864/candidate_11/incident_76864_candidate_11_after.tif
candidates/incident_76864/candidate_11/incident_76864_candidate_11_before.tif
candidates/incident_76864/candidate_11/incident_76864_candidate_11_slope.tif
candidates/incident_76864/candidate_12/incident_76864_candidate_12_after.tif
candidates/incident_76864/candidate_12/incident_76864_candidate_12_slope.tif
candidates/incident_76864/candidate_12/incident_76864_candidate_12_mask.tif
candidates/incident_76864/candidate_13/incident_76864_candidate_13_slope.tif
candidates/incident_76864/candidate_13/incident_76864_candidate_13_mask.tif
candidates/incident_76864/candidate_12/incident_76864_candidate_12_before.tif
candidates/incident_76864/candidate_14/incident_76864_candidate_14_mask.tif
candidates/incident_76864/candidate_14/incident_76864_candidate_14_slope.tif
candidates/incident_76864/candidate_14/incident_76864_candidate_14_after.tif
candidates/incident_76864/candidate_13/incident_76864_candidate_13_before.tif
candidates/incident_76864/candidate_13/incident_76864_candidate_13_after.tif
candidates/incident_76864/candidate_15/incident_76864_candidate_15_mask.tif
candidates/incident_76864/candidate_14/incident_76864_candidate_14_before.tif
candidates/incident_76864/candidate_15/incident_76864_candidate_15_slope.tif
candidates/incident_76864/candidate_15/incident_76864_candidate_15_before.tif
candidates/incident_76864/candidate_15/incident_76864_candidate_15_after.tif
candidates/incident_76864/candidate_16/incident_76864_candidate_16_mask.tif
candidates/incident_76864/candidate_16/incident_76864_candidate_16_after.tif
candidates/incident_76864/candidate_16/incident_76864_candidate_16_slope.tif
candidates/incident_76864/candidate_17/incident_76864_candidate_17_mask.tif
candidates/incident_76864/candidate_17/incident_76864_candidate_17_slope.tif
candidates/incident_76864/candidate_17/incident_76864_candidate_17_after.tif
candidates/incident_76864/candidate_16/incident_76864_candidate_16_before.tif
candidates/incident_76864/candidate_18/incident_76864_candidate_18_mask.tif
candidates/incident_76864/candidate_18/incident_76864_candidate_18_slope.tif
candidates/incident_76864/candidate_18/incident_76864_candidate_18_after.tif
candidates/incident_76864/candidate_17/incident_76864_candidate_17_before.tif
candidates/incident_76864/candidate_19/incident_76864_candidate_19_mask.tif
candidates/incident_76864/candidate_19/incident_76864_candidate_19_after.tif
candidates/incident_76864/candidate_19/incident_76864_candidate_19_slope.tif
candidates/incident_76864/candidate_19/incident_76864_candidate_19_before.tif
candidates/incident_76864/candidate_18/incident_76864_candidate_18_before.tif
candidates/incident_76864/candidate_2/incident_76864_candidate_2_mask.tif
candidates/incident_76864/candidate_2/incident_76864_candidate_2_slope.tif
candidates/incident_76864/candidate_2/incident_76864_candidate_2_after.tif
candidates/incident_76864/candidate_20/incident_76864_candidate_20_mask.tif
candidates/incident_76864/candidate_20/incident_76864_candidate_20_slope.tif
candidates/incident_76864/candidate_20/incident_76864_candidate_20_after.tif
candidates/incident_76864/candidate_20/incident_76864_candidate_20_before.tif
candidates/incident_76864/candidate_2/incident_76864_candidate_2_before.tif
candidates/incident_76864/candidate_21/incident_76864_candidate_21_mask.tif
candidates/incident_76864/candidate_21/incident_76864_candidate_21_slope.tif
candidates/incident_76864/candidate_22/incident_76864_candidate_22_mask.tif
candidates/incident_76864/candidate_22/incident_76864_candidate_22_slope.tif
candidates/incident_76864/candidate_21/incident_76864_candidate_21_after.tif
candidates/incident_76864/candidate_21/incident_76864_candidate_21_before.tif
candidates/incident_76864/candidate_22/incident_76864_candidate_22_before.tif
candidates/incident_76864/candidate_22/incident_76864_candidate_22_after.tif
candidates/incident_76864/candidate_23/incident_76864_candidate_23_after.tif
candidates/incident_76864/candidate_23/incident_76864_candidate_23_mask.tif
candidates/incident_76864/candidate_23/incident_76864_candidate_23_slope.tif
candidates/incident_76864/candidate_24/incident_76864_candidate_24_mask.tif
candidates/incident_76864/candidate_23/incident_76864_candidate_23_before.tif
candidates/incident_76864/candidate_24/incident_76864_candidate_24_after.tif
candidates/incident_76864/candidate_24/incident_76864_candidate_24_slope.tif
candidates/incident_76864/candidate_25/incident_76864_candidate_25_mask.tif
candidates/incident_76864/candidate_24/incident_76864_candidate_24_before.tif
candidates/incident_76864/candidate_25/incident_76864_candidate_25_slope.tif
candidates/incident_76864/candidate_25/incident_76864_candidate_25_before.tif
candidates/incident_76864/candidate_26/incident_76864_candidate_26_mask.tif
candidates/incident_76864/candidate_25/incident_76864_candidate_25_after.tif
candidates/incident_76864/candidate_26/incident_76864_candidate_26_slope.tif
candidates/incident_76864/candidate_26/incident_76864_candidate_26_after.tif
candidates/incident_76864/candidate_26/incident_76864_candidate_26_before.tif
candidates/incident_76864/candidate_27/incident_76864_candidate_27_mask.tif
candidates/incident_76864/candidate_27/incident_76864_candidate_27_after.tif
candidates/incident_76864/candidate_27/incident_76864_candidate_27_slope.tif
candidates/incident_76864/candidate_27/incident_76864_candidate_27_before.tif
candidates/incident_76864/candidate_28/incident_76864_candidate_28_mask.tif
candidates/incident_76864/candidate_28/incident_76864_candidate_28_slope.tif
candidates/incident_76864/candidate_28/incident_76864_candidate_28_before.tif
candidates/incident_76864/candidate_28/incident_76864_candidate_28_after.tif
candidates/incident_76864/candidate_29/incident_76864_candidate_29_mask.tif
candidates/incident_76864/candidate_29/incident_76864_candidate_29_slope.tif
candidates/incident_76864/candidate_29/incident_76864_candidate_29_after.tif
candidates/incident_76864/candidate_29/incident_76864_candidate_29_before.tif
candidates/incident_76864/candidate_3/incident_76864_candidate_3_mask.tif
candidates/incident_76864/candidate_3/incident_76864_candidate_3_slope.tif
candidates/incident_76864/candidate_3/incident_76864_candidate_3_after.tif
candidates/incident_76864/candidate_30/incident_76864_candidate_30_mask.tif
candidates/incident_76864/candidate_30/incident_76864_candidate_30_slope.tif
candidates/incident_76864/candidate_30/incident_76864_candidate_30_after.tif
candidates/incident_76864/candidate_31/incident_76864_candidate_31_mask.tif
candidates/incident_76864/candidate_3/incident_76864_candidate_3_before.tif
candidates/incident_76864/candidate_31/incident_76864_candidate_31_slope.tif
candidates/incident_76864/candidate_31/incident_76864_candidate_31_after.tif
candidates/incident_76864/candidate_30/incident_76864_candidate_30_before.tif
candidates/incident_76864/candidate_31/incident_76864_candidate_31_before.tif
candidates/incident_76864/candidate_32/incident_76864_candidate_32_mask.tif
candidates/incident_76864/candidate_32/incident_76864_candidate_32_after.tif
candidates/incident_76864/candidate_32/incident_76864_candidate_32_slope.tif
candidates/incident_76864/candidate_32/incident_76864_candidate_32_before.tif
candidates/incident_76864/candidate_33/incident_76864_candidate_33_slope.tif
candidates/incident_76864/candidate_33/incident_76864_candidate_33_mask.tif
candidates/incident_76864/candidate_34/incident_76864_candidate_34_mask.tif
candidates/incident_76864/candidate_33/incident_76864_candidate_33_after.tif
candidates/incident_76864/candidate_33/incident_76864_candidate_33_before.tif
candidates/incident_76864/candidate_34/incident_76864_candidate_34_slope.tif
candidates/incident_76864/candidate_34/incident_76864_candidate_34_after.tif
candidates/incident_76864/candidate_34/incident_76864_candidate_34_before.tif
candidates/incident_76864/candidate_35/incident_76864_candidate_35_after.tif
candidates/incident_76864/candidate_35/incident_76864_candidate_35_slope.tif
candidates/incident_76864/candidate_35/incident_76864_candidate_35_mask.tif
candidates/incident_76864/candidate_35/incident_76864_candidate_35_before.tif
candidates/incident_76864/candidate_36/incident_76864_candidate_36_mask.tif
candidates/incident_76864/candidate_36/incident_76864_candidate_36_slope.tif
candidates/incident_76864/candidate_36/incident_76864_candidate_36_after.tif
candidates/incident_76864/candidate_4/incident_76864_candidate_4_mask.tif
candidates/incident_76864/candidate_4/incident_76864_candidate_4_slope.tif
candidates/incident_76864/candidate_4/incident_76864_candidate_4_before.tif
candidates/incident_76864/candidate_5/incident_76864_candidate_5_mask.tif
candidates/incident_76864/candidate_36/incident_76864_candidate_36_before.tif
candidates/incident_76864/candidate_5/incident_76864_candidate_5_slope.tif
candidates/incident_76864/candidate_5/incident_76864_candidate_5_before.tif
candidates/incident_76864/candidate_6/incident_76864_candidate_6_mask.tif
candidates/incident_76864/candidate_4/incident_76864_candidate_4_after.tif
candidates/incident_76864/candidate_6/incident_76864_candidate_6_slope.tif
candidates/incident_76864/candidate_5/incident_76864_candidate_5_after.tif
candidates/incident_76864/candidate_7/incident_76864_candidate_7_after.tif
candidates/incident_76864/candidate_7/incident_76864_candidate_7_slope.tif
candidates/incident_76864/candidate_7/incident_76864_candidate_7_mask.tif
candidates/incident_76864/candidate_7/incident_76864_candidate_7_before.tif
candidates/incident_76864/candidate_6/incident_76864_candidate_6_after.tif
candidates/incident_76864/candidate_6/incident_76864_candidate_6_before.tif
candidates/incident_76864/candidate_8/incident_76864_candidate_8_mask.tif
candidates/incident_76864/candidate_8/incident_76864_candidate_8_slope.tif
candidates/incident_76864/candidate_8/incident_76864_candidate_8_after.tif
candidates/incident_76864/candidate_8/incident_76864_candidate_8_before.tif
candidates/incident_76864/candidate_9/incident_76864_candidate_9_mask.tif
candidates/incident_76864/candidate_9/incident_76864_candidate_9_after.tif
candidates/incident_76864/candidate_9/incident_76864_candidate_9_slope.tif
candidates/incident_76940/candidate_1/incident_76940_candidate_1_mask.tif
candidates/incident_76864/candidate_9/incident_76864_candidate_9_before.tif
candidates/incident_76940/candidate_1/incident_76940_candidate_1_slope.tif
candidates/incident_76940/candidate_10/incident_76940_candidate_10_slope.tif
candidates/incident_76940/candidate_10/incident_76940_candidate_10_mask.tif
candidates/incident_76940/candidate_1/incident_76940_candidate_1_before.tif
candidates/incident_76940/candidate_10/incident_76940_candidate_10_before.tif
candidates/incident_76940/candidate_10/incident_76940_candidate_10_after.tif
candidates/incident_76940/candidate_11/incident_76940_candidate_11_after.tif
candidates/incident_76940/candidate_11/incident_76940_candidate_11_before.tif
candidates/incident_76940/candidate_11/incident_76940_candidate_11_slope.tif
candidates/incident_76940/candidate_11/incident_76940_candidate_11_mask.tif
candidates/incident_76940/candidate_1/incident_76940_candidate_1_after.tif
candidates/incident_76940/candidate_12/incident_76940_candidate_12_mask.tif
candidates/incident_76940/candidate_12/incident_76940_candidate_12_slope.tif
candidates/incident_76940/candidate_13/incident_76940_candidate_13_mask.tif
candidates/incident_76940/candidate_12/incident_76940_candidate_12_before.tif
candidates/incident_76940/candidate_13/incident_76940_candidate_13_slope.tif
candidates/incident_76940/candidate_13/incident_76940_candidate_13_before.tif
candidates/incident_76940/candidate_12/incident_76940_candidate_12_after.tif
candidates/incident_76940/candidate_13/incident_76940_candidate_13_after.tif
candidates/incident_76940/candidate_14/incident_76940_candidate_14_mask.tif
candidates/incident_76940/candidate_14/incident_76940_candidate_14_slope.tif
candidates/incident_76940/candidate_15/incident_76940_candidate_15_mask.tif
candidates/incident_76940/candidate_14/incident_76940_candidate_14_after.tif
candidates/incident_76940/candidate_15/incident_76940_candidate_15_after.tif
candidates/incident_76940/candidate_15/incident_76940_candidate_15_slope.tif
candidates/incident_76940/candidate_15/incident_76940_candidate_15_before.tif
candidates/incident_76940/candidate_14/incident_76940_candidate_14_before.tif
candidates/incident_76940/candidate_16/incident_76940_candidate_16_mask.tif
candidates/incident_76940/candidate_16/incident_76940_candidate_16_slope.tif
candidates/incident_76940/candidate_16/incident_76940_candidate_16_before.tif
candidates/incident_76940/candidate_17/incident_76940_candidate_17_mask.tif
candidates/incident_76940/candidate_17/incident_76940_candidate_17_slope.tif
candidates/incident_76940/candidate_17/incident_76940_candidate_17_after.tif
candidates/incident_76940/candidate_17/incident_76940_candidate_17_before.tif
candidates/incident_76940/candidate_16/incident_76940_candidate_16_after.tif
candidates/incident_76940/candidate_18/incident_76940_candidate_18_mask.tif
candidates/incident_76940/candidate_18/incident_76940_candidate_18_slope.tif
candidates/incident_76940/candidate_18/incident_76940_candidate_18_after.tif
candidates/incident_76940/candidate_19/incident_76940_candidate_19_mask.tif
candidates/incident_76940/candidate_19/incident_76940_candidate_19_slope.tif
candidates/incident_76940/candidate_19/incident_76940_candidate_19_after.tif
candidates/incident_76940/candidate_19/incident_76940_candidate_19_before.tif
candidates/incident_76940/candidate_18/incident_76940_candidate_18_before.tif
candidates/incident_76940/candidate_2/incident_76940_candidate_2_mask.tif
candidates/incident_76940/candidate_2/incident_76940_candidate_2_slope.tif
candidates/incident_76940/candidate_2/incident_76940_candidate_2_before.tif
candidates/incident_76940/candidate_20/incident_76940_candidate_20_mask.tif
candidates/incident_76940/candidate_20/incident_76940_candidate_20_slope.tif
candidates/incident_76940/candidate_20/incident_76940_candidate_20_after.tif
candidates/incident_76940/candidate_2/incident_76940_candidate_2_after.tif
candidates/incident_76940/candidate_21/incident_76940_candidate_21_mask.tif
candidates/incident_76940/candidate_21/incident_76940_candidate_21_after.tif
candidates/incident_76940/candidate_21/incident_76940_candidate_21_slope.tif
candidates/incident_76940/candidate_22/incident_76940_candidate_22_mask.tif
candidates/incident_76940/candidate_22/incident_76940_candidate_22_slope.tif
candidates/incident_76940/candidate_22/incident_76940_candidate_22_after.tif
candidates/incident_76940/candidate_21/incident_76940_candidate_21_before.tif
candidates/incident_76940/candidate_20/incident_76940_candidate_20_before.tif
candidates/incident_76940/candidate_22/incident_76940_candidate_22_before.tif
candidates/incident_76940/candidate_23/incident_76940_candidate_23_mask.tif
candidates/incident_76940/candidate_23/incident_76940_candidate_23_slope.tif
candidates/incident_76940/candidate_23/incident_76940_candidate_23_after.tif
candidates/incident_76940/candidate_24/incident_76940_candidate_24_mask.tif
candidates/incident_76940/candidate_23/incident_76940_candidate_23_before.tif
candidates/incident_76940/candidate_24/incident_76940_candidate_24_slope.tif
candidates/incident_76940/candidate_24/incident_76940_candidate_24_after.tif
candidates/incident_76940/candidate_25/incident_76940_candidate_25_mask.tif
candidates/incident_76940/candidate_24/incident_76940_candidate_24_before.tif
candidates/incident_76940/candidate_25/incident_76940_candidate_25_slope.tif
candidates/incident_76940/candidate_25/incident_76940_candidate_25_before.tif
candidates/incident_76940/candidate_25/incident_76940_candidate_25_after.tif
candidates/incident_76940/candidate_26/incident_76940_candidate_26_slope.tif
candidates/incident_76940/candidate_26/incident_76940_candidate_26_mask.tif
candidates/incident_76940/candidate_26/incident_76940_candidate_26_after.tif
candidates/incident_76940/candidate_27/incident_76940_candidate_27_after.tif
candidates/incident_76940/candidate_27/incident_76940_candidate_27_mask.tif
candidates/incident_76940/candidate_26/incident_76940_candidate_26_before.tif
candidates/incident_76940/candidate_27/incident_76940_candidate_27_slope.tif
candidates/incident_76940/candidate_27/incident_76940_candidate_27_before.tif
candidates/incident_76940/candidate_28/incident_76940_candidate_28_mask.tif
candidates/incident_76940/candidate_28/incident_76940_candidate_28_after.tif
candidates/incident_76940/candidate_28/incident_76940_candidate_28_slope.tif
candidates/incident_76940/candidate_28/incident_76940_candidate_28_before.tif
candidates/incident_76940/candidate_29/incident_76940_candidate_29_mask.tif
candidates/incident_76940/candidate_29/incident_76940_candidate_29_slope.tif
candidates/incident_76940/candidate_29/incident_76940_candidate_29_before.tif
candidates/incident_76940/candidate_3/incident_76940_candidate_3_mask.tif
candidates/incident_76940/candidate_3/incident_76940_candidate_3_slope.tif
candidates/incident_76940/candidate_3/incident_76940_candidate_3_after.tif
candidates/incident_76940/candidate_29/incident_76940_candidate_29_after.tif
candidates/incident_76940/candidate_3/incident_76940_candidate_3_before.tif
candidates/incident_76940/candidate_4/incident_76940_candidate_4_mask.tif
candidates/incident_76940/candidate_4/incident_76940_candidate_4_after.tif
candidates/incident_76940/candidate_4/incident_76940_candidate_4_slope.tif
candidates/incident_76940/candidate_5/incident_76940_candidate_5_mask.tif
candidates/incident_76940/candidate_4/incident_76940_candidate_4_before.tif
candidates/incident_76940/candidate_5/incident_76940_candidate_5_slope.tif
candidates/incident_76940/candidate_5/incident_76940_candidate_5_before.tif
candidates/incident_76940/candidate_5/incident_76940_candidate_5_after.tif
candidates/incident_76940/candidate_6/incident_76940_candidate_6_mask.tif
candidates/incident_76940/candidate_6/incident_76940_candidate_6_before.tif
candidates/incident_76940/candidate_6/incident_76940_candidate_6_slope.tif
candidates/incident_76940/candidate_7/incident_76940_candidate_7_mask.tif
candidates/incident_76940/candidate_7/incident_76940_candidate_7_slope.tif
candidates/incident_76940/candidate_6/incident_76940_candidate_6_after.tif
candidates/incident_76940/candidate_7/incident_76940_candidate_7_after.tif
candidates/incident_76940/candidate_8/incident_76940_candidate_8_mask.tif
candidates/incident_76940/candidate_7/incident_76940_candidate_7_before.tif
candidates/incident_76940/candidate_8/incident_76940_candidate_8_slope.tif
candidates/incident_76940/candidate_8/incident_76940_candidate_8_before.tif
candidates/incident_76940/candidate_8/incident_76940_candidate_8_after.tif
candidates/incident_76940/candidate_9/incident_76940_candidate_9_mask.tif
candidates/incident_76940/candidate_9/incident_76940_candidate_9_before.tif
candidates/incident_76940/candidate_9/incident_76940_candidate_9_slope.tif
candidates/incident_76940/candidate_9/incident_76940_candidate_9_after.tif
candidates/incident_77010/candidate_1/incident_77010_candidate_1_mask.tif
candidates/incident_77010/candidate_1/incident_77010_candidate_1_slope.tif
candidates/incident_77010/candidate_10/incident_77010_candidate_10_slope.tif
candidates/incident_77010/candidate_10/incident_77010_candidate_10_mask.tif
candidates/incident_77010/candidate_10/incident_77010_candidate_10_after.tif
candidates/incident_77010/candidate_1/incident_77010_candidate_1_after.tif
candidates/incident_77010/candidate_11/incident_77010_candidate_11_mask.tif
candidates/incident_77010/candidate_11/incident_77010_candidate_11_after.tif
candidates/incident_77010/candidate_11/incident_77010_candidate_11_before.tif
candidates/incident_77010/candidate_10/incident_77010_candidate_10_before.tif
candidates/incident_77010/candidate_11/incident_77010_candidate_11_slope.tif
candidates/incident_77010/candidate_1/incident_77010_candidate_1_before.tif
candidates/incident_77010/candidate_12/incident_77010_candidate_12_before.tif
candidates/incident_77010/candidate_12/incident_77010_candidate_12_mask.tif
candidates/incident_77010/candidate_13/incident_77010_candidate_13_slope.tif
candidates/incident_77010/candidate_12/incident_77010_candidate_12_slope.tif
candidates/incident_77010/candidate_13/incident_77010_candidate_13_mask.tif
candidates/incident_77010/candidate_13/incident_77010_candidate_13_after.tif
candidates/incident_77010/candidate_13/incident_77010_candidate_13_before.tif
candidates/incident_77010/candidate_12/incident_77010_candidate_12_after.tif
candidates/incident_77010/candidate_14/incident_77010_candidate_14_slope.tif
candidates/incident_77010/candidate_14/incident_77010_candidate_14_mask.tif
candidates/incident_77010/candidate_14/incident_77010_candidate_14_after.tif
candidates/incident_77010/candidate_15/incident_77010_candidate_15_mask.tif
candidates/incident_77010/candidate_15/incident_77010_candidate_15_slope.tif
candidates/incident_77010/candidate_15/incident_77010_candidate_15_before.tif
candidates/incident_77010/candidate_15/incident_77010_candidate_15_after.tif
candidates/incident_77010/candidate_14/incident_77010_candidate_14_before.tif
candidates/incident_77010/candidate_16/incident_77010_candidate_16_mask.tif
candidates/incident_77010/candidate_16/incident_77010_candidate_16_slope.tif
candidates/incident_77010/candidate_16/incident_77010_candidate_16_after.tif
candidates/incident_77010/candidate_16/incident_77010_candidate_16_before.tif
candidates/incident_77010/candidate_17/incident_77010_candidate_17_mask.tif
candidates/incident_77010/candidate_17/incident_77010_candidate_17_slope.tif
candidates/incident_77010/candidate_18/incident_77010_candidate_18_slope.tif
candidates/incident_77010/candidate_17/incident_77010_candidate_17_before.tif
candidates/incident_77010/candidate_18/incident_77010_candidate_18_mask.tif
candidates/incident_77010/candidate_17/incident_77010_candidate_17_after.tif
candidates/incident_77010/candidate_18/incident_77010_candidate_18_after.tif
candidates/incident_77010/candidate_18/incident_77010_candidate_18_before.tif
candidates/incident_77010/candidate_19/incident_77010_candidate_19_mask.tif
candidates/incident_77010/candidate_19/incident_77010_candidate_19_slope.tif
candidates/incident_77010/candidate_19/incident_77010_candidate_19_before.tif
candidates/incident_77010/candidate_2/incident_77010_candidate_2_mask.tif
candidates/incident_77010/candidate_2/incident_77010_candidate_2_slope.tif
candidates/incident_77010/candidate_2/incident_77010_candidate_2_after.tif
candidates/incident_77010/candidate_19/incident_77010_candidate_19_after.tif
candidates/incident_77010/candidate_20/incident_77010_candidate_20_mask.tif
candidates/incident_77010/candidate_20/incident_77010_candidate_20_slope.tif
candidates/incident_77010/candidate_2/incident_77010_candidate_2_before.tif
candidates/incident_77010/candidate_21/incident_77010_candidate_21_slope.tif
candidates/incident_77010/candidate_21/incident_77010_candidate_21_after.tif
candidates/incident_77010/candidate_20/incident_77010_candidate_20_before.tif
candidates/incident_77010/candidate_21/incident_77010_candidate_21_mask.tif
candidates/incident_77010/candidate_20/incident_77010_candidate_20_after.tif
candidates/incident_77010/candidate_21/incident_77010_candidate_21_before.tif
candidates/incident_77010/candidate_22/incident_77010_candidate_22_after.tif
candidates/incident_77010/candidate_22/incident_77010_candidate_22_mask.tif
candidates/incident_77010/candidate_22/incident_77010_candidate_22_slope.tif
candidates/incident_77010/candidate_23/incident_77010_candidate_23_mask.tif
candidates/incident_77010/candidate_23/incident_77010_candidate_23_slope.tif
candidates/incident_77010/candidate_22/incident_77010_candidate_22_before.tif
candidates/incident_77010/candidate_23/incident_77010_candidate_23_before.tif
candidates/incident_77010/candidate_23/incident_77010_candidate_23_after.tif
candidates/incident_77010/candidate_24/incident_77010_candidate_24_mask.tif
candidates/incident_77010/candidate_24/incident_77010_candidate_24_slope.tif
candidates/incident_77010/candidate_24/incident_77010_candidate_24_after.tif
candidates/incident_77010/candidate_25/incident_77010_candidate_25_mask.tif
candidates/incident_77010/candidate_24/incident_77010_candidate_24_before.tif
candidates/incident_77010/candidate_25/incident_77010_candidate_25_slope.tif
candidates/incident_77010/candidate_25/incident_77010_candidate_25_before.tif
candidates/incident_77010/candidate_25/incident_77010_candidate_25_after.tif
candidates/incident_77010/candidate_26/incident_77010_candidate_26_mask.tif
candidates/incident_77010/candidate_26/incident_77010_candidate_26_after.tif
candidates/incident_77010/candidate_26/incident_77010_candidate_26_slope.tif
candidates/incident_77010/candidate_26/incident_77010_candidate_26_before.tif
candidates/incident_77010/candidate_27/incident_77010_candidate_27_mask.tif
candidates/incident_77010/candidate_27/incident_77010_candidate_27_slope.tif
candidates/incident_77010/candidate_27/incident_77010_candidate_27_after.tif
candidates/incident_77010/candidate_27/incident_77010_candidate_27_before.tif
candidates/incident_77010/candidate_28/incident_77010_candidate_28_mask.tif
candidates/incident_77010/candidate_28/incident_77010_candidate_28_slope.tif
candidates/incident_77010/candidate_29/incident_77010_candidate_29_mask.tif
candidates/incident_77010/candidate_29/incident_77010_candidate_29_slope.tif
candidates/incident_77010/candidate_28/incident_77010_candidate_28_before.tif
candidates/incident_77010/candidate_29/incident_77010_candidate_29_before.tif
candidates/incident_77010/candidate_3/incident_77010_candidate_3_after.tif
candidates/incident_77010/candidate_28/incident_77010_candidate_28_after.tif
candidates/incident_77010/candidate_29/incident_77010_candidate_29_after.tif
candidates/incident_77010/candidate_3/incident_77010_candidate_3_mask.tif
candidates/incident_77010/candidate_3/incident_77010_candidate_3_slope.tif
candidates/incident_77010/candidate_3/incident_77010_candidate_3_before.tif
candidates/incident_77010/candidate_30/incident_77010_candidate_30_slope.tif
candidates/incident_77010/candidate_30/incident_77010_candidate_30_mask.tif
candidates/incident_77010/candidate_30/incident_77010_candidate_30_before.tif
candidates/incident_77010/candidate_31/incident_77010_candidate_31_mask.tif
candidates/incident_77010/candidate_31/incident_77010_candidate_31_slope.tif
candidates/incident_77010/candidate_30/incident_77010_candidate_30_after.tif
candidates/incident_77010/candidate_31/incident_77010_candidate_31_after.tif
candidates/incident_77010/candidate_31/incident_77010_candidate_31_before.tif
candidates/incident_77010/candidate_32/incident_77010_candidate_32_mask.tif
candidates/incident_77010/candidate_32/incident_77010_candidate_32_after.tif
candidates/incident_77010/candidate_32/incident_77010_candidate_32_slope.tif
candidates/incident_77010/candidate_33/incident_77010_candidate_33_mask.tif
candidates/incident_77010/candidate_32/incident_77010_candidate_32_before.tif
candidates/incident_77010/candidate_33/incident_77010_candidate_33_slope.tif
candidates/incident_77010/candidate_33/incident_77010_candidate_33_before.tif
candidates/incident_77010/candidate_33/incident_77010_candidate_33_after.tif
candidates/incident_77010/candidate_34/incident_77010_candidate_34_mask.tif
candidates/incident_77010/candidate_34/incident_77010_candidate_34_slope.tif
candidates/incident_77010/candidate_34/incident_77010_candidate_34_before.tif
candidates/incident_77010/candidate_34/incident_77010_candidate_34_after.tif
candidates/incident_77010/candidate_35/incident_77010_candidate_35_mask.tif
candidates/incident_77010/candidate_35/incident_77010_candidate_35_after.tif
candidates/incident_77010/candidate_35/incident_77010_candidate_35_slope.tif
candidates/incident_77010/candidate_36/incident_77010_candidate_36_mask.tif
candidates/incident_77010/candidate_36/incident_77010_candidate_36_after.tif
candidates/incident_77010/candidate_35/incident_77010_candidate_35_before.tif
candidates/incident_77010/candidate_36/incident_77010_candidate_36_slope.tif
candidates/incident_77010/candidate_37/incident_77010_candidate_37_mask.tif
candidates/incident_77010/candidate_37/incident_77010_candidate_37_before.tif
candidates/incident_77010/candidate_37/incident_77010_candidate_37_slope.tif
candidates/incident_77010/candidate_36/incident_77010_candidate_36_before.tif
candidates/incident_77010/candidate_38/incident_77010_candidate_38_mask.tif
candidates/incident_77010/candidate_38/incident_77010_candidate_38_slope.tif
candidates/incident_77010/candidate_38/incident_77010_candidate_38_after.tif
candidates/incident_77010/candidate_39/incident_77010_candidate_39_slope.tif
candidates/incident_77010/candidate_39/incident_77010_candidate_39_mask.tif
candidates/incident_77010/candidate_37/incident_77010_candidate_37_after.tif
candidates/incident_77010/candidate_39/incident_77010_candidate_39_after.tif
candidates/incident_77010/candidate_38/incident_77010_candidate_38_before.tif
candidates/incident_77010/candidate_39/incident_77010_candidate_39_before.tif
candidates/incident_77010/candidate_4/incident_77010_candidate_4_before.tif
candidates/incident_77010/candidate_4/incident_77010_candidate_4_mask.tif
candidates/incident_77010/candidate_4/incident_77010_candidate_4_slope.tif
candidates/incident_77010/candidate_40/incident_77010_candidate_40_mask.tif
candidates/incident_77010/candidate_4/incident_77010_candidate_4_after.tif
candidates/incident_77010/candidate_40/incident_77010_candidate_40_after.tif
candidates/incident_77010/candidate_40/incident_77010_candidate_40_before.tif
candidates/incident_77010/candidate_40/incident_77010_candidate_40_slope.tif
candidates/incident_77010/candidate_41/incident_77010_candidate_41_mask.tif
candidates/incident_77010/candidate_41/incident_77010_candidate_41_slope.tif
candidates/incident_77010/candidate_41/incident_77010_candidate_41_after.tif
candidates/incident_77010/candidate_41/incident_77010_candidate_41_before.tif
candidates/incident_77010/candidate_42/incident_77010_candidate_42_mask.tif
candidates/incident_77010/candidate_42/incident_77010_candidate_42_after.tif
candidates/incident_77010/candidate_42/incident_77010_candidate_42_slope.tif
candidates/incident_77010/candidate_42/incident_77010_candidate_42_before.tif
candidates/incident_77010/candidate_43/incident_77010_candidate_43_slope.tif
candidates/incident_77010/candidate_43/incident_77010_candidate_43_mask.tif
candidates/incident_77010/candidate_43/incident_77010_candidate_43_after.tif
candidates/incident_77010/candidate_43/incident_77010_candidate_43_before.tif
candidates/incident_77010/candidate_44/incident_77010_candidate_44_mask.tif
candidates/incident_77010/candidate_44/incident_77010_candidate_44_slope.tif
candidates/incident_77010/candidate_44/incident_77010_candidate_44_after.tif
candidates/incident_77010/candidate_44/incident_77010_candidate_44_before.tif
candidates/incident_77010/candidate_45/incident_77010_candidate_45_mask.tif
candidates/incident_77010/candidate_45/incident_77010_candidate_45_slope.tif
candidates/incident_77010/candidate_45/incident_77010_candidate_45_after.tif
candidates/incident_77010/candidate_46/incident_77010_candidate_46_mask.tif
candidates/incident_77010/candidate_46/incident_77010_candidate_46_after.tif
candidates/incident_77010/candidate_46/incident_77010_candidate_46_slope.tif
candidates/incident_77010/candidate_45/incident_77010_candidate_45_before.tif
candidates/incident_77010/candidate_47/incident_77010_candidate_47_mask.tif
candidates/incident_77010/candidate_46/incident_77010_candidate_46_before.tif
candidates/incident_77010/candidate_47/incident_77010_candidate_47_before.tif
candidates/incident_77010/candidate_47/incident_77010_candidate_47_slope.tif
candidates/incident_77010/candidate_48/incident_77010_candidate_48_mask.tif
candidates/incident_77010/candidate_48/incident_77010_candidate_48_after.tif
candidates/incident_77010/candidate_47/incident_77010_candidate_47_after.tif
candidates/incident_77010/candidate_48/incident_77010_candidate_48_before.tif
candidates/incident_77010/candidate_49/incident_77010_candidate_49_mask.tif
candidates/incident_77010/candidate_48/incident_77010_candidate_48_slope.tif
candidates/incident_77010/candidate_49/incident_77010_candidate_49_slope.tif
candidates/incident_77010/candidate_49/incident_77010_candidate_49_after.tif
candidates/incident_77010/candidate_5/incident_77010_candidate_5_mask.tif
candidates/incident_77010/candidate_5/incident_77010_candidate_5_slope.tif
candidates/incident_77010/candidate_49/incident_77010_candidate_49_before.tif
candidates/incident_77010/candidate_5/incident_77010_candidate_5_before.tif
candidates/incident_77010/candidate_50/incident_77010_candidate_50_mask.tif
candidates/incident_77010/candidate_50/incident_77010_candidate_50_slope.tif
candidates/incident_77010/candidate_5/incident_77010_candidate_5_after.tif
candidates/incident_77010/candidate_50/incident_77010_candidate_50_after.tif
candidates/incident_77010/candidate_50/incident_77010_candidate_50_before.tif
candidates/incident_77010/candidate_51/incident_77010_candidate_51_mask.tif
candidates/incident_77010/candidate_51/incident_77010_candidate_51_after.tif
candidates/incident_77010/candidate_51/incident_77010_candidate_51_slope.tif
candidates/incident_77010/candidate_52/incident_77010_candidate_52_mask.tif
candidates/incident_77010/candidate_52/incident_77010_candidate_52_slope.tif
candidates/incident_77010/candidate_52/incident_77010_candidate_52_before.tif
candidates/incident_77010/candidate_53/incident_77010_candidate_53_mask.tif
candidates/incident_77010/candidate_51/incident_77010_candidate_51_before.tif
candidates/incident_77010/candidate_53/incident_77010_candidate_53_after.tif
candidates/incident_77010/candidate_53/incident_77010_candidate_53_before.tif
candidates/incident_77010/candidate_53/incident_77010_candidate_53_slope.tif
candidates/incident_77010/candidate_54/incident_77010_candidate_54_mask.tif
candidates/incident_77010/candidate_54/incident_77010_candidate_54_after.tif
candidates/incident_77010/candidate_54/incident_77010_candidate_54_slope.tif
candidates/incident_77010/candidate_52/incident_77010_candidate_52_after.tif
candidates/incident_77010/candidate_54/incident_77010_candidate_54_before.tif
candidates/incident_77010/candidate_55/incident_77010_candidate_55_mask.tif
candidates/incident_77010/candidate_55/incident_77010_candidate_55_after.tif
candidates/incident_77010/candidate_55/incident_77010_candidate_55_before.tif
candidates/incident_77010/candidate_55/incident_77010_candidate_55_slope.tif
candidates/incident_77010/candidate_56/incident_77010_candidate_56_mask.tif
candidates/incident_77010/candidate_56/incident_77010_candidate_56_slope.tif
candidates/incident_77010/candidate_56/incident_77010_candidate_56_after.tif
candidates/incident_77010/candidate_56/incident_77010_candidate_56_before.tif
candidates/incident_77010/candidate_57/incident_77010_candidate_57_mask.tif
candidates/incident_77010/candidate_57/incident_77010_candidate_57_slope.tif
candidates/incident_77010/candidate_57/incident_77010_candidate_57_after.tif
candidates/incident_77010/candidate_57/incident_77010_candidate_57_before.tif
candidates/incident_77010/candidate_58/incident_77010_candidate_58_after.tif
candidates/incident_77010/candidate_58/incident_77010_candidate_58_slope.tif
candidates/incident_77010/candidate_58/incident_77010_candidate_58_before.tif
candidates/incident_77010/candidate_58/incident_77010_candidate_58_mask.tif
candidates/incident_77010/candidate_59/incident_77010_candidate_59_mask.tif
candidates/incident_77010/candidate_59/incident_77010_candidate_59_slope.tif
candidates/incident_77010/candidate_59/incident_77010_candidate_59_before.tif
candidates/incident_77010/candidate_59/incident_77010_candidate_59_after.tif
candidates/incident_77010/candidate_6/incident_77010_candidate_6_mask.tif
candidates/incident_77010/candidate_6/incident_77010_candidate_6_slope.tif
candidates/incident_77010/candidate_60/incident_77010_candidate_60_mask.tif
candidates/incident_77010/candidate_6/incident_77010_candidate_6_after.tif
candidates/incident_77010/candidate_60/incident_77010_candidate_60_slope.tif
candidates/incident_77010/candidate_60/incident_77010_candidate_60_after.tif
candidates/incident_77010/candidate_60/incident_77010_candidate_60_before.tif
candidates/incident_77010/candidate_6/incident_77010_candidate_6_before.tif
candidates/incident_77010/candidate_61/incident_77010_candidate_61_before.tif
candidates/incident_77010/candidate_61/incident_77010_candidate_61_mask.tif
candidates/incident_77010/candidate_61/incident_77010_candidate_61_slope.tif
candidates/incident_77010/candidate_61/incident_77010_candidate_61_after.tif
candidates/incident_77010/candidate_62/incident_77010_candidate_62_mask.tif
candidates/incident_77010/candidate_62/incident_77010_candidate_62_after.tif
candidates/incident_77010/candidate_62/incident_77010_candidate_62_before.tif
candidates/incident_77010/candidate_62/incident_77010_candidate_62_slope.tif
candidates/incident_77010/candidate_63/incident_77010_candidate_63_mask.tif
candidates/incident_77010/candidate_63/incident_77010_candidate_63_slope.tif
candidates/incident_77010/candidate_63/incident_77010_candidate_63_after.tif
candidates/incident_77010/candidate_64/incident_77010_candidate_64_mask.tif
candidates/incident_77010/candidate_64/incident_77010_candidate_64_slope.tif
candidates/incident_77010/candidate_63/incident_77010_candidate_63_before.tif
candidates/incident_77010/candidate_65/incident_77010_candidate_65_mask.tif
candidates/incident_77010/candidate_65/incident_77010_candidate_65_after.tif
candidates/incident_77010/candidate_64/incident_77010_candidate_64_after.tif
candidates/incident_77010/candidate_64/incident_77010_candidate_64_before.tif
candidates/incident_77010/candidate_65/incident_77010_candidate_65_slope.tif
candidates/incident_77010/candidate_65/incident_77010_candidate_65_before.tif
candidates/incident_77010/candidate_66/incident_77010_candidate_66_mask.tif
candidates/incident_77010/candidate_66/incident_77010_candidate_66_after.tif
candidates/incident_77010/candidate_66/incident_77010_candidate_66_slope.tif
candidates/incident_77010/candidate_66/incident_77010_candidate_66_before.tif
candidates/incident_77010/candidate_67/incident_77010_candidate_67_slope.tif
candidates/incident_77010/candidate_67/incident_77010_candidate_67_mask.tif
candidates/incident_77010/candidate_67/incident_77010_candidate_67_after.tif
candidates/incident_77010/candidate_67/incident_77010_candidate_67_before.tif
candidates/incident_77010/candidate_68/incident_77010_candidate_68_mask.tif
candidates/incident_77010/candidate_68/incident_77010_candidate_68_slope.tif
candidates/incident_77010/candidate_68/incident_77010_candidate_68_after.tif
candidates/incident_77010/candidate_68/incident_77010_candidate_68_before.tif
candidates/incident_77010/candidate_69/incident_77010_candidate_69_mask.tif
candidates/incident_77010/candidate_69/incident_77010_candidate_69_after.tif
candidates/incident_77010/candidate_69/incident_77010_candidate_69_before.tif
candidates/incident_77010/candidate_69/incident_77010_candidate_69_slope.tif
candidates/incident_77010/candidate_7/incident_77010_candidate_7_mask.tif
candidates/incident_77010/candidate_7/incident_77010_candidate_7_slope.tif
candidates/incident_77010/candidate_7/incident_77010_candidate_7_after.tif
candidates/incident_77010/candidate_70/incident_77010_candidate_70_slope.tif
candidates/incident_77010/candidate_7/incident_77010_candidate_7_before.tif
candidates/incident_77010/candidate_70/incident_77010_candidate_70_mask.tif
candidates/incident_77010/candidate_70/incident_77010_candidate_70_after.tif
candidates/incident_77010/candidate_70/incident_77010_candidate_70_before.tif
candidates/incident_77010/candidate_71/incident_77010_candidate_71_mask.tif
candidates/incident_77010/candidate_71/incident_77010_candidate_71_slope.tif
candidates/incident_77010/candidate_71/incident_77010_candidate_71_after.tif
candidates/incident_77010/candidate_72/incident_77010_candidate_72_mask.tif
candidates/incident_77010/candidate_72/incident_77010_candidate_72_slope.tif
candidates/incident_77010/candidate_71/incident_77010_candidate_71_before.tif
candidates/incident_77010/candidate_72/incident_77010_candidate_72_before.tif
candidates/incident_77010/candidate_73/incident_77010_candidate_73_mask.tif
candidates/incident_77010/candidate_73/incident_77010_candidate_73_after.tif
candidates/incident_77010/candidate_73/incident_77010_candidate_73_slope.tif
candidates/incident_77010/candidate_72/incident_77010_candidate_72_after.tif
candidates/incident_77010/candidate_73/incident_77010_candidate_73_before.tif
candidates/incident_77010/candidate_74/incident_77010_candidate_74_mask.tif
candidates/incident_77010/candidate_74/incident_77010_candidate_74_slope.tif
candidates/incident_77010/candidate_74/incident_77010_candidate_74_after.tif
candidates/incident_77010/candidate_74/incident_77010_candidate_74_before.tif
candidates/incident_77010/candidate_75/incident_77010_candidate_75_mask.tif
candidates/incident_77010/candidate_75/incident_77010_candidate_75_slope.tif
candidates/incident_77010/candidate_75/incident_77010_candidate_75_after.tif
candidates/incident_77010/candidate_75/incident_77010_candidate_75_before.tif
candidates/incident_77010/candidate_76/incident_77010_candidate_76_mask.tif
candidates/incident_77010/candidate_76/incident_77010_candidate_76_slope.tif
candidates/incident_77010/candidate_76/incident_77010_candidate_76_before.tif
candidates/incident_77010/candidate_76/incident_77010_candidate_76_after.tif
candidates/incident_77010/candidate_77/incident_77010_candidate_77_mask.tif
candidates/incident_77010/candidate_77/incident_77010_candidate_77_slope.tif
candidates/incident_77010/candidate_77/incident_77010_candidate_77_after.tif
candidates/incident_77010/candidate_78/incident_77010_candidate_78_mask.tif
candidates/incident_77010/candidate_78/incident_77010_candidate_78_slope.tif
candidates/incident_77010/candidate_78/incident_77010_candidate_78_after.tif
candidates/incident_77010/candidate_79/incident_77010_candidate_79_mask.tif
candidates/incident_77010/candidate_79/incident_77010_candidate_79_slope.tif
candidates/incident_77010/candidate_79/incident_77010_candidate_79_before.tif
candidates/incident_77010/candidate_77/incident_77010_candidate_77_before.tif
candidates/incident_77010/candidate_79/incident_77010_candidate_79_after.tif
candidates/incident_77010/candidate_78/incident_77010_candidate_78_before.tif
candidates/incident_77010/candidate_8/incident_77010_candidate_8_after.tif
candidates/incident_77010/candidate_8/incident_77010_candidate_8_mask.tif
candidates/incident_77010/candidate_8/incident_77010_candidate_8_slope.tif
candidates/incident_77010/candidate_8/incident_77010_candidate_8_before.tif
candidates/incident_77010/candidate_9/incident_77010_candidate_9_mask.tif
candidates/incident_77010/candidate_9/incident_77010_candidate_9_slope.tif
candidates/incident_77010/candidate_9/incident_77010_candidate_9_after.tif
candidates/incident_77010/candidate_9/incident_77010_candidate_9_before.tif
candidates/incident_77078/candidate_1/incident_77078_candidate_1_mask.tif
candidates/incident_77078/candidate_1/incident_77078_candidate_1_slope.tif
candidates/incident_77078/candidate_2/incident_77078_candidate_2_mask.tif
candidates/incident_77078/candidate_2/incident_77078_candidate_2_slope.tif
candidates/incident_77078/candidate_2/incident_77078_candidate_2_after.tif
candidates/incident_77078/candidate_1/incident_77078_candidate_1_after.tif
candidates/incident_77078/candidate_3/incident_77078_candidate_3_after.tif
candidates/incident_77078/candidate_3/incident_77078_candidate_3_mask.tif
candidates/incident_77078/candidate_2/incident_77078_candidate_2_before.tif
candidates/incident_77078/candidate_3/incident_77078_candidate_3_before.tif
candidates/incident_77078/candidate_3/incident_77078_candidate_3_slope.tif
candidates/incident_77078/candidate_1/incident_77078_candidate_1_before.tif
candidates/incident_77078/candidate_4/incident_77078_candidate_4_after.tif
candidates/incident_77078/candidate_4/incident_77078_candidate_4_before.tif
candidates/incident_77078/candidate_4/incident_77078_candidate_4_mask.tif
candidates/incident_77078/candidate_4/incident_77078_candidate_4_slope.tif
candidates/incident_77078/candidate_5/incident_77078_candidate_5_mask.tif
candidates/incident_77078/candidate_5/incident_77078_candidate_5_slope.tif
candidates/incident_77078/candidate_5/incident_77078_candidate_5_before.tif
candidates/incident_77078/candidate_5/incident_77078_candidate_5_after.tif
candidates/incident_77078/candidate_6/incident_77078_candidate_6_mask.tif
candidates/incident_77078/candidate_6/incident_77078_candidate_6_slope.tif
candidates/incident_77078/candidate_6/incident_77078_candidate_6_after.tif
candidates/incident_77078/candidate_6/incident_77078_candidate_6_before.tif
candidates/incident_77078/candidate_7/incident_77078_candidate_7_mask.tif
candidates/incident_77078/candidate_7/incident_77078_candidate_7_slope.tif
candidates/incident_77078/candidate_7/incident_77078_candidate_7_before.tif
candidates/incident_77078/candidate_7/incident_77078_candidate_7_after.tif
candidates/incident_77162/candidate_1/incident_77162_candidate_1_mask.tif
candidates/incident_77162/candidate_1/incident_77162_candidate_1_slope.tif
candidates/incident_77162/candidate_1/incident_77162_candidate_1_after.tif
candidates/incident_77162/candidate_10/incident_77162_candidate_10_mask.tif
candidates/incident_77162/candidate_1/incident_77162_candidate_1_before.tif
candidates/incident_77162/candidate_10/incident_77162_candidate_10_slope.tif
candidates/incident_77162/candidate_10/incident_77162_candidate_10_after.tif
candidates/incident_77162/candidate_11/incident_77162_candidate_11_mask.tif
candidates/incident_77162/candidate_11/incident_77162_candidate_11_slope.tif
candidates/incident_77162/candidate_11/incident_77162_candidate_11_before.tif
candidates/incident_77162/candidate_10/incident_77162_candidate_10_before.tif
candidates/incident_77162/candidate_12/incident_77162_candidate_12_mask.tif
candidates/incident_77162/candidate_12/incident_77162_candidate_12_after.tif
candidates/incident_77162/candidate_11/incident_77162_candidate_11_after.tif
candidates/incident_77162/candidate_12/incident_77162_candidate_12_slope.tif
candidates/incident_77162/candidate_12/incident_77162_candidate_12_before.tif
candidates/incident_77162/candidate_13/incident_77162_candidate_13_mask.tif
candidates/incident_77162/candidate_13/incident_77162_candidate_13_slope.tif
candidates/incident_77162/candidate_13/incident_77162_candidate_13_after.tif
candidates/incident_77162/candidate_14/incident_77162_candidate_14_mask.tif
candidates/incident_77162/candidate_14/incident_77162_candidate_14_slope.tif
candidates/incident_77162/candidate_13/incident_77162_candidate_13_before.tif
candidates/incident_77162/candidate_14/incident_77162_candidate_14_after.tif
candidates/incident_77162/candidate_14/incident_77162_candidate_14_before.tif
candidates/incident_77162/candidate_15/incident_77162_candidate_15_mask.tif
candidates/incident_77162/candidate_15/incident_77162_candidate_15_after.tif
candidates/incident_77162/candidate_15/incident_77162_candidate_15_slope.tif
candidates/incident_77162/candidate_15/incident_77162_candidate_15_before.tif
candidates/incident_77162/candidate_16/incident_77162_candidate_16_mask.tif
candidates/incident_77162/candidate_16/incident_77162_candidate_16_after.tif
candidates/incident_77162/candidate_16/incident_77162_candidate_16_slope.tif
candidates/incident_77162/candidate_16/incident_77162_candidate_16_before.tif
candidates/incident_77162/candidate_17/incident_77162_candidate_17_mask.tif
candidates/incident_77162/candidate_17/incident_77162_candidate_17_slope.tif
candidates/incident_77162/candidate_17/incident_77162_candidate_17_after.tif
candidates/incident_77162/candidate_17/incident_77162_candidate_17_before.tif
candidates/incident_77162/candidate_18/incident_77162_candidate_18_mask.tif
candidates/incident_77162/candidate_18/incident_77162_candidate_18_after.tif
candidates/incident_77162/candidate_18/incident_77162_candidate_18_slope.tif
candidates/incident_77162/candidate_19/incident_77162_candidate_19_mask.tif
candidates/incident_77162/candidate_19/incident_77162_candidate_19_after.tif
candidates/incident_77162/candidate_19/incident_77162_candidate_19_slope.tif
candidates/incident_77162/candidate_2/incident_77162_candidate_2_mask.tif
candidates/incident_77162/candidate_18/incident_77162_candidate_18_before.tif
candidates/incident_77162/candidate_2/incident_77162_candidate_2_after.tif
candidates/incident_77162/candidate_2/incident_77162_candidate_2_slope.tif
candidates/incident_77162/candidate_19/incident_77162_candidate_19_before.tif
candidates/incident_77162/candidate_2/incident_77162_candidate_2_before.tif
candidates/incident_77162/candidate_20/incident_77162_candidate_20_mask.tif
candidates/incident_77162/candidate_20/incident_77162_candidate_20_after.tif
candidates/incident_77162/candidate_20/incident_77162_candidate_20_slope.tif
candidates/incident_77162/candidate_20/incident_77162_candidate_20_before.tif
candidates/incident_77162/candidate_21/incident_77162_candidate_21_mask.tif
candidates/incident_77162/candidate_21/incident_77162_candidate_21_slope.tif
candidates/incident_77162/candidate_22/incident_77162_candidate_22_slope.tif
candidates/incident_77162/candidate_22/incident_77162_candidate_22_mask.tif
candidates/incident_77162/candidate_22/incident_77162_candidate_22_before.tif
candidates/incident_77162/candidate_21/incident_77162_candidate_21_after.tif
candidates/incident_77162/candidate_21/incident_77162_candidate_21_before.tif
candidates/incident_77162/candidate_23/incident_77162_candidate_23_after.tif
candidates/incident_77162/candidate_23/incident_77162_candidate_23_before.tif
candidates/incident_77162/candidate_23/incident_77162_candidate_23_mask.tif
candidates/incident_77162/candidate_23/incident_77162_candidate_23_slope.tif
candidates/incident_77162/candidate_22/incident_77162_candidate_22_after.tif
candidates/incident_77162/candidate_24/incident_77162_candidate_24_mask.tif
candidates/incident_77162/candidate_24/incident_77162_candidate_24_after.tif
candidates/incident_77162/candidate_24/incident_77162_candidate_24_slope.tif
candidates/incident_77162/candidate_25/incident_77162_candidate_25_mask.tif
candidates/incident_77162/candidate_24/incident_77162_candidate_24_before.tif
candidates/incident_77162/candidate_25/incident_77162_candidate_25_slope.tif
candidates/incident_77162/candidate_25/incident_77162_candidate_25_after.tif
candidates/incident_77162/candidate_25/incident_77162_candidate_25_before.tif
candidates/incident_77162/candidate_26/incident_77162_candidate_26_mask.tif
candidates/incident_77162/candidate_26/incident_77162_candidate_26_slope.tif
candidates/incident_77162/candidate_26/incident_77162_candidate_26_after.tif
candidates/incident_77162/candidate_26/incident_77162_candidate_26_before.tif
candidates/incident_77162/candidate_3/incident_77162_candidate_3_mask.tif
candidates/incident_77162/candidate_3/incident_77162_candidate_3_after.tif
candidates/incident_77162/candidate_3/incident_77162_candidate_3_slope.tif
candidates/incident_77162/candidate_3/incident_77162_candidate_3_before.tif
candidates/incident_77162/candidate_4/incident_77162_candidate_4_mask.tif
candidates/incident_77162/candidate_4/incident_77162_candidate_4_slope.tif
candidates/incident_77162/candidate_4/incident_77162_candidate_4_before.tif
candidates/incident_77162/candidate_5/incident_77162_candidate_5_mask.tif
candidates/incident_77162/candidate_4/incident_77162_candidate_4_after.tif
candidates/incident_77162/candidate_5/incident_77162_candidate_5_after.tif
candidates/incident_77162/candidate_5/incident_77162_candidate_5_slope.tif
candidates/incident_77162/candidate_5/incident_77162_candidate_5_before.tif
candidates/incident_77162/candidate_6/incident_77162_candidate_6_slope.tif
candidates/incident_77162/candidate_6/incident_77162_candidate_6_mask.tif
candidates/incident_77162/candidate_6/incident_77162_candidate_6_before.tif
candidates/incident_77162/candidate_7/incident_77162_candidate_7_mask.tif
candidates/incident_77162/candidate_7/incident_77162_candidate_7_slope.tif
candidates/incident_77162/candidate_7/incident_77162_candidate_7_before.tif
candidates/incident_77162/candidate_6/incident_77162_candidate_6_after.tif
candidates/incident_77162/candidate_7/incident_77162_candidate_7_after.tif
candidates/incident_77162/candidate_8/incident_77162_candidate_8_mask.tif
candidates/incident_77162/candidate_8/incident_77162_candidate_8_slope.tif
candidates/incident_77162/candidate_8/incident_77162_candidate_8_after.tif
candidates/incident_77162/candidate_8/incident_77162_candidate_8_before.tif
candidates/incident_77162/candidate_9/incident_77162_candidate_9_mask.tif
candidates/incident_77162/candidate_9/incident_77162_candidate_9_slope.tif
candidates/incident_77162/candidate_9/incident_77162_candidate_9_after.tif
candidates/incident_77195/candidate_1/incident_77195_candidate_1_mask.tif
candidates/incident_77162/candidate_9/incident_77162_candidate_9_before.tif
candidates/incident_77195/candidate_1/incident_77195_candidate_1_slope.tif
candidates/incident_77195/candidate_1/incident_77195_candidate_1_after.tif
candidates/incident_77195/candidate_10/incident_77195_candidate_10_mask.tif
candidates/incident_77195/candidate_10/incident_77195_candidate_10_slope.tif
candidates/incident_77195/candidate_1/incident_77195_candidate_1_before.tif
candidates/incident_77195/candidate_10/incident_77195_candidate_10_after.tif
candidates/incident_77195/candidate_10/incident_77195_candidate_10_before.tif
candidates/incident_77195/candidate_11/incident_77195_candidate_11_after.tif
candidates/incident_77195/candidate_11/incident_77195_candidate_11_before.tif
candidates/incident_77195/candidate_11/incident_77195_candidate_11_mask.tif
candidates/incident_77195/candidate_12/incident_77195_candidate_12_slope.tif
candidates/incident_77195/candidate_11/incident_77195_candidate_11_slope.tif
candidates/incident_77195/candidate_12/incident_77195_candidate_12_mask.tif
candidates/incident_77195/candidate_12/incident_77195_candidate_12_after.tif
candidates/incident_77195/candidate_12/incident_77195_candidate_12_before.tif
candidates/incident_77195/candidate_13/incident_77195_candidate_13_mask.tif
candidates/incident_77195/candidate_13/incident_77195_candidate_13_slope.tif
candidates/incident_77195/candidate_13/incident_77195_candidate_13_after.tif
candidates/incident_77195/candidate_14/incident_77195_candidate_14_mask.tif
candidates/incident_77195/candidate_14/incident_77195_candidate_14_slope.tif
candidates/incident_77195/candidate_14/incident_77195_candidate_14_after.tif
candidates/incident_77195/candidate_14/incident_77195_candidate_14_before.tif
candidates/incident_77195/candidate_13/incident_77195_candidate_13_before.tif
candidates/incident_77195/candidate_15/incident_77195_candidate_15_slope.tif
candidates/incident_77195/candidate_15/incident_77195_candidate_15_mask.tif
candidates/incident_77195/candidate_15/incident_77195_candidate_15_before.tif
candidates/incident_77195/candidate_16/incident_77195_candidate_16_mask.tif
candidates/incident_77195/candidate_16/incident_77195_candidate_16_slope.tif
candidates/incident_77195/candidate_15/incident_77195_candidate_15_after.tif
candidates/incident_77195/candidate_17/incident_77195_candidate_17_mask.tif
candidates/incident_77195/candidate_17/incident_77195_candidate_17_slope.tif
candidates/incident_77195/candidate_16/incident_77195_candidate_16_after.tif
candidates/incident_77195/candidate_17/incident_77195_candidate_17_before.tif
candidates/incident_77195/candidate_18/incident_77195_candidate_18_slope.tif
candidates/incident_77195/candidate_18/incident_77195_candidate_18_mask.tif
candidates/incident_77195/candidate_17/incident_77195_candidate_17_after.tif
candidates/incident_77195/candidate_19/incident_77195_candidate_19_after.tif
candidates/incident_77195/candidate_16/incident_77195_candidate_16_before.tif
candidates/incident_77195/candidate_19/incident_77195_candidate_19_mask.tif
candidates/incident_77195/candidate_19/incident_77195_candidate_19_slope.tif
candidates/incident_77195/candidate_18/incident_77195_candidate_18_before.tif
candidates/incident_77195/candidate_2/incident_77195_candidate_2_mask.tif
candidates/incident_77195/candidate_2/incident_77195_candidate_2_after.tif
candidates/incident_77195/candidate_2/incident_77195_candidate_2_slope.tif
candidates/incident_77195/candidate_18/incident_77195_candidate_18_after.tif
candidates/incident_77195/candidate_20/incident_77195_candidate_20_after.tif
candidates/incident_77195/candidate_20/incident_77195_candidate_20_mask.tif
candidates/incident_77195/candidate_19/incident_77195_candidate_19_before.tif
candidates/incident_77195/candidate_20/incident_77195_candidate_20_slope.tif
candidates/incident_77195/candidate_20/incident_77195_candidate_20_before.tif
candidates/incident_77195/candidate_2/incident_77195_candidate_2_before.tif
candidates/incident_77195/candidate_21/incident_77195_candidate_21_mask.tif
candidates/incident_77195/candidate_21/incident_77195_candidate_21_slope.tif
candidates/incident_77195/candidate_21/incident_77195_candidate_21_before.tif
candidates/incident_77195/candidate_22/incident_77195_candidate_22_after.tif
candidates/incident_77195/candidate_22/incident_77195_candidate_22_mask.tif
candidates/incident_77195/candidate_22/incident_77195_candidate_22_slope.tif
candidates/incident_77195/candidate_21/incident_77195_candidate_21_after.tif
candidates/incident_77195/candidate_23/incident_77195_candidate_23_slope.tif
candidates/incident_77195/candidate_23/incident_77195_candidate_23_mask.tif
candidates/incident_77195/candidate_23/incident_77195_candidate_23_after.tif
candidates/incident_77195/candidate_22/incident_77195_candidate_22_before.tif
candidates/incident_77195/candidate_24/incident_77195_candidate_24_mask.tif
candidates/incident_77195/candidate_24/incident_77195_candidate_24_slope.tif
candidates/incident_77195/candidate_24/incident_77195_candidate_24_after.tif
candidates/incident_77195/candidate_23/incident_77195_candidate_23_before.tif
candidates/incident_77195/candidate_25/incident_77195_candidate_25_mask.tif
candidates/incident_77195/candidate_25/incident_77195_candidate_25_slope.tif
candidates/incident_77195/candidate_25/incident_77195_candidate_25_before.tif
candidates/incident_77195/candidate_24/incident_77195_candidate_24_before.tif
candidates/incident_77195/candidate_25/incident_77195_candidate_25_after.tif
candidates/incident_77195/candidate_26/incident_77195_candidate_26_mask.tif
candidates/incident_77195/candidate_26/incident_77195_candidate_26_after.tif
candidates/incident_77195/candidate_26/incident_77195_candidate_26_slope.tif
candidates/incident_77195/candidate_27/incident_77195_candidate_27_mask.tif
candidates/incident_77195/candidate_27/incident_77195_candidate_27_slope.tif
candidates/incident_77195/candidate_27/incident_77195_candidate_27_before.tif
candidates/incident_77195/candidate_27/incident_77195_candidate_27_after.tif
candidates/incident_77195/candidate_28/incident_77195_candidate_28_mask.tif
candidates/incident_77195/candidate_26/incident_77195_candidate_26_before.tif
candidates/incident_77195/candidate_28/incident_77195_candidate_28_before.tif
candidates/incident_77195/candidate_28/incident_77195_candidate_28_after.tif
candidates/incident_77195/candidate_28/incident_77195_candidate_28_slope.tif
candidates/incident_77195/candidate_29/incident_77195_candidate_29_mask.tif
candidates/incident_77195/candidate_29/incident_77195_candidate_29_slope.tif
candidates/incident_77195/candidate_29/incident_77195_candidate_29_before.tif
candidates/incident_77195/candidate_29/incident_77195_candidate_29_after.tif
candidates/incident_77195/candidate_3/incident_77195_candidate_3_mask.tif
candidates/incident_77195/candidate_3/incident_77195_candidate_3_slope.tif
candidates/incident_77195/candidate_3/incident_77195_candidate_3_before.tif
candidates/incident_77195/candidate_30/incident_77195_candidate_30_slope.tif
candidates/incident_77195/candidate_30/incident_77195_candidate_30_mask.tif
candidates/incident_77195/candidate_3/incident_77195_candidate_3_after.tif
candidates/incident_77195/candidate_30/incident_77195_candidate_30_before.tif
candidates/incident_77195/candidate_31/incident_77195_candidate_31_mask.tif
candidates/incident_77195/candidate_30/incident_77195_candidate_30_after.tif
candidates/incident_77195/candidate_31/incident_77195_candidate_31_after.tif
candidates/incident_77195/candidate_31/incident_77195_candidate_31_slope.tif
candidates/incident_77195/candidate_32/incident_77195_candidate_32_slope.tif
candidates/incident_77195/candidate_32/incident_77195_candidate_32_mask.tif
candidates/incident_77195/candidate_32/incident_77195_candidate_32_after.tif
candidates/incident_77195/candidate_31/incident_77195_candidate_31_before.tif
candidates/incident_77195/candidate_32/incident_77195_candidate_32_before.tif
candidates/incident_77195/candidate_33/incident_77195_candidate_33_mask.tif
candidates/incident_77195/candidate_33/incident_77195_candidate_33_after.tif
candidates/incident_77195/candidate_33/incident_77195_candidate_33_slope.tif
candidates/incident_77195/candidate_34/incident_77195_candidate_34_mask.tif
candidates/incident_77195/candidate_34/incident_77195_candidate_34_slope.tif
candidates/incident_77195/candidate_34/incident_77195_candidate_34_before.tif
candidates/incident_77195/candidate_33/incident_77195_candidate_33_before.tif
candidates/incident_77195/candidate_35/incident_77195_candidate_35_mask.tif
candidates/incident_77195/candidate_35/incident_77195_candidate_35_slope.tif
candidates/incident_77195/candidate_35/incident_77195_candidate_35_before.tif
candidates/incident_77195/candidate_35/incident_77195_candidate_35_after.tif
candidates/incident_77195/candidate_36/incident_77195_candidate_36_mask.tif
candidates/incident_77195/candidate_36/incident_77195_candidate_36_slope.tif
candidates/incident_77195/candidate_36/incident_77195_candidate_36_after.tif
candidates/incident_77195/candidate_34/incident_77195_candidate_34_after.tif
candidates/incident_77195/candidate_36/incident_77195_candidate_36_before.tif
candidates/incident_77195/candidate_37/incident_77195_candidate_37_after.tif
candidates/incident_77195/candidate_37/incident_77195_candidate_37_mask.tif
candidates/incident_77195/candidate_37/incident_77195_candidate_37_slope.tif
candidates/incident_77195/candidate_37/incident_77195_candidate_37_before.tif
candidates/incident_77195/candidate_38/incident_77195_candidate_38_mask.tif
candidates/incident_77195/candidate_38/incident_77195_candidate_38_slope.tif
candidates/incident_77195/candidate_38/incident_77195_candidate_38_after.tif
candidates/incident_77195/candidate_39/incident_77195_candidate_39_mask.tif
candidates/incident_77195/candidate_39/incident_77195_candidate_39_slope.tif
candidates/incident_77195/candidate_39/incident_77195_candidate_39_before.tif
candidates/incident_77195/candidate_39/incident_77195_candidate_39_after.tif
candidates/incident_77195/candidate_38/incident_77195_candidate_38_before.tif
candidates/incident_77195/candidate_4/incident_77195_candidate_4_after.tif
candidates/incident_77195/candidate_4/incident_77195_candidate_4_mask.tif
candidates/incident_77195/candidate_4/incident_77195_candidate_4_slope.tif
candidates/incident_77195/candidate_4/incident_77195_candidate_4_before.tif
candidates/incident_77195/candidate_40/incident_77195_candidate_40_slope.tif
candidates/incident_77195/candidate_40/incident_77195_candidate_40_mask.tif
candidates/incident_77195/candidate_40/incident_77195_candidate_40_after.tif
candidates/incident_77195/candidate_40/incident_77195_candidate_40_before.tif
candidates/incident_77195/candidate_41/incident_77195_candidate_41_mask.tif
candidates/incident_77195/candidate_41/incident_77195_candidate_41_after.tif
candidates/incident_77195/candidate_41/incident_77195_candidate_41_before.tif
candidates/incident_77195/candidate_41/incident_77195_candidate_41_slope.tif
candidates/incident_77195/candidate_42/incident_77195_candidate_42_mask.tif
candidates/incident_77195/candidate_42/incident_77195_candidate_42_slope.tif
candidates/incident_77195/candidate_42/incident_77195_candidate_42_before.tif
candidates/incident_77195/candidate_43/incident_77195_candidate_43_mask.tif
candidates/incident_77195/candidate_43/incident_77195_candidate_43_slope.tif
candidates/incident_77195/candidate_43/incident_77195_candidate_43_before.tif
candidates/incident_77195/candidate_43/incident_77195_candidate_43_after.tif
candidates/incident_77195/candidate_44/incident_77195_candidate_44_mask.tif
candidates/incident_77195/candidate_44/incident_77195_candidate_44_slope.tif
candidates/incident_77195/candidate_44/incident_77195_candidate_44_before.tif
candidates/incident_77195/candidate_42/incident_77195_candidate_42_after.tif
candidates/incident_77195/candidate_45/incident_77195_candidate_45_after.tif
candidates/incident_77195/candidate_45/incident_77195_candidate_45_mask.tif
candidates/incident_77195/candidate_44/incident_77195_candidate_44_after.tif
candidates/incident_77195/candidate_45/incident_77195_candidate_45_slope.tif
candidates/incident_77195/candidate_45/incident_77195_candidate_45_before.tif
candidates/incident_77195/candidate_46/incident_77195_candidate_46_mask.tif
candidates/incident_77195/candidate_46/incident_77195_candidate_46_after.tif
candidates/incident_77195/candidate_46/incident_77195_candidate_46_slope.tif
candidates/incident_77195/candidate_46/incident_77195_candidate_46_before.tif
candidates/incident_77195/candidate_47/incident_77195_candidate_47_mask.tif
candidates/incident_77195/candidate_47/incident_77195_candidate_47_slope.tif
candidates/incident_77195/candidate_47/incident_77195_candidate_47_after.tif
candidates/incident_77195/candidate_48/incident_77195_candidate_48_mask.tif
candidates/incident_77195/candidate_48/incident_77195_candidate_48_after.tif
candidates/incident_77195/candidate_48/incident_77195_candidate_48_slope.tif
candidates/incident_77195/candidate_47/incident_77195_candidate_47_before.tif
candidates/incident_77195/candidate_48/incident_77195_candidate_48_before.tif
candidates/incident_77195/candidate_49/incident_77195_candidate_49_mask.tif
candidates/incident_77195/candidate_49/incident_77195_candidate_49_before.tif
candidates/incident_77195/candidate_49/incident_77195_candidate_49_slope.tif
candidates/incident_77195/candidate_5/incident_77195_candidate_5_mask.tif
candidates/incident_77195/candidate_5/incident_77195_candidate_5_slope.tif
candidates/incident_77195/candidate_5/incident_77195_candidate_5_after.tif
candidates/incident_77195/candidate_49/incident_77195_candidate_49_after.tif
candidates/incident_77195/candidate_5/incident_77195_candidate_5_before.tif
candidates/incident_77195/candidate_50/incident_77195_candidate_50_mask.tif
candidates/incident_77195/candidate_50/incident_77195_candidate_50_slope.tif
candidates/incident_77195/candidate_50/incident_77195_candidate_50_before.tif
candidates/incident_77195/candidate_50/incident_77195_candidate_50_after.tif
candidates/incident_77195/candidate_51/incident_77195_candidate_51_mask.tif
candidates/incident_77195/candidate_51/incident_77195_candidate_51_slope.tif
candidates/incident_77195/candidate_51/incident_77195_candidate_51_before.tif
candidates/incident_77195/candidate_51/incident_77195_candidate_51_after.tif
candidates/incident_77195/candidate_52/incident_77195_candidate_52_mask.tif
candidates/incident_77195/candidate_52/incident_77195_candidate_52_slope.tif
candidates/incident_77195/candidate_52/incident_77195_candidate_52_before.tif
candidates/incident_77195/candidate_53/incident_77195_candidate_53_mask.tif
candidates/incident_77195/candidate_53/incident_77195_candidate_53_slope.tif
candidates/incident_77195/candidate_53/incident_77195_candidate_53_after.tif
candidates/incident_77195/candidate_54/incident_77195_candidate_54_mask.tif
candidates/incident_77195/candidate_52/incident_77195_candidate_52_after.tif
candidates/incident_77195/candidate_54/incident_77195_candidate_54_slope.tif
candidates/incident_77195/candidate_54/incident_77195_candidate_54_after.tif
candidates/incident_77195/candidate_55/incident_77195_candidate_55_mask.tif
candidates/incident_77195/candidate_55/incident_77195_candidate_55_slope.tif
candidates/incident_77195/candidate_56/incident_77195_candidate_56_mask.tif
candidates/incident_77195/candidate_56/incident_77195_candidate_56_slope.tif
candidates/incident_77195/candidate_57/incident_77195_candidate_57_mask.tif
candidates/incident_77195/candidate_57/incident_77195_candidate_57_slope.tif
candidates/incident_77195/candidate_58/incident_77195_candidate_58_mask.tif
candidates/incident_77195/candidate_58/incident_77195_candidate_58_slope.tif
candidates/incident_77195/candidate_59/incident_77195_candidate_59_mask.tif
candidates/incident_77195/candidate_59/incident_77195_candidate_59_slope.tif
candidates/incident_77195/candidate_6/incident_77195_candidate_6_mask.tif
candidates/incident_77195/candidate_6/incident_77195_candidate_6_slope.tif
candidates/incident_77195/candidate_60/incident_77195_candidate_60_mask.tif
candidates/incident_77195/candidate_60/incident_77195_candidate_60_slope.tif
candidates/incident_77195/candidate_61/incident_77195_candidate_61_mask.tif
candidates/incident_77195/candidate_61/incident_77195_candidate_61_slope.tif
candidates/incident_77195/candidate_62/incident_77195_candidate_62_mask.tif
candidates/incident_77195/candidate_62/incident_77195_candidate_62_slope.tif
candidates/incident_77195/candidate_63/incident_77195_candidate_63_mask.tif
candidates/incident_77195/candidate_63/incident_77195_candidate_63_slope.tif
candidates/incident_77195/candidate_64/incident_77195_candidate_64_mask.tif
candidates/incident_77195/candidate_64/incident_77195_candidate_64_slope.tif
candidates/incident_77195/candidate_65/incident_77195_candidate_65_mask.tif
candidates/incident_77195/candidate_65/incident_77195_candidate_65_slope.tif
candidates/incident_77195/candidate_66/incident_77195_candidate_66_mask.tif
candidates/incident_77195/candidate_66/incident_77195_candidate_66_slope.tif
candidates/incident_77195/candidate_67/incident_77195_candidate_67_mask.tif
candidates/incident_77195/candidate_67/incident_77195_candidate_67_slope.tif
candidates/incident_77195/candidate_68/incident_77195_candidate_68_mask.tif
candidates/incident_77195/candidate_68/incident_77195_candidate_68_slope.tif
candidates/incident_77195/candidate_69/incident_77195_candidate_69_mask.tif
candidates/incident_77195/candidate_69/incident_77195_candidate_69_slope.tif
candidates/incident_77195/candidate_7/incident_77195_candidate_7_mask.tif
candidates/incident_77195/candidate_7/incident_77195_candidate_7_slope.tif
candidates/incident_77195/candidate_70/incident_77195_candidate_70_mask.tif
candidates/incident_77195/candidate_70/incident_77195_candidate_70_slope.tif
candidates/incident_77195/candidate_7/incident_77195_candidate_7_after.tif
candidates/incident_77195/candidate_71/incident_77195_candidate_71_mask.tif
candidates/incident_77195/candidate_71/incident_77195_candidate_71_after.tif
candidates/incident_77195/candidate_71/incident_77195_candidate_71_slope.tif
candidates/incident_77195/candidate_72/incident_77195_candidate_72_mask.tif
candidates/incident_77195/candidate_72/incident_77195_candidate_72_slope.tif
candidates/incident_77195/candidate_73/incident_77195_candidate_73_slope.tif
candidates/incident_77195/candidate_73/incident_77195_candidate_73_mask.tif
candidates/incident_77195/candidate_74/incident_77195_candidate_74_mask.tif
candidates/incident_77195/candidate_74/incident_77195_candidate_74_slope.tif
candidates/incident_77195/candidate_75/incident_77195_candidate_75_mask.tif
candidates/incident_77195/candidate_75/incident_77195_candidate_75_slope.tif
candidates/incident_77195/candidate_76/incident_77195_candidate_76_slope.tif
candidates/incident_77195/candidate_76/incident_77195_candidate_76_mask.tif
candidates/incident_77195/candidate_77/incident_77195_candidate_77_mask.tif
candidates/incident_77195/candidate_77/incident_77195_candidate_77_slope.tif
candidates/incident_77195/candidate_78/incident_77195_candidate_78_mask.tif
candidates/incident_77195/candidate_78/incident_77195_candidate_78_slope.tif
candidates/incident_77195/candidate_79/incident_77195_candidate_79_mask.tif
candidates/incident_77195/candidate_79/incident_77195_candidate_79_slope.tif
candidates/incident_77195/candidate_8/incident_77195_candidate_8_mask.tif
candidates/incident_77195/candidate_8/incident_77195_candidate_8_slope.tif
candidates/incident_77195/candidate_80/incident_77195_candidate_80_mask.tif
candidates/incident_77195/candidate_80/incident_77195_candidate_80_slope.tif
candidates/incident_77195/candidate_81/incident_77195_candidate_81_mask.tif
candidates/incident_77195/candidate_81/incident_77195_candidate_81_slope.tif
candidates/incident_77195/candidate_82/incident_77195_candidate_82_mask.tif
candidates/incident_77195/candidate_82/incident_77195_candidate_82_slope.tif
candidates/incident_77195/candidate_83/incident_77195_candidate_83_slope.tif
candidates/incident_77195/candidate_83/incident_77195_candidate_83_mask.tif
candidates/incident_77195/candidate_84/incident_77195_candidate_84_mask.tif
candidates/incident_77195/candidate_84/incident_77195_candidate_84_slope.tif
candidates/incident_77195/candidate_85/incident_77195_candidate_85_mask.tif
candidates/incident_77195/candidate_85/incident_77195_candidate_85_slope.tif
candidates/incident_77195/candidate_86/incident_77195_candidate_86_mask.tif
candidates/incident_77195/candidate_86/incident_77195_candidate_86_slope.tif
candidates/incident_77195/candidate_87/incident_77195_candidate_87_mask.tif
candidates/incident_77195/candidate_87/incident_77195_candidate_87_slope.tif
candidates/incident_77195/candidate_88/incident_77195_candidate_88_mask.tif
candidates/incident_77195/candidate_88/incident_77195_candidate_88_slope.tif
candidates/incident_77195/candidate_89/incident_77195_candidate_89_mask.tif
candidates/incident_77195/candidate_89/incident_77195_candidate_89_slope.tif
candidates/incident_77195/candidate_9/incident_77195_candidate_9_slope.tif
candidates/incident_77195/candidate_9/incident_77195_candidate_9_mask.tif
candidates/incident_77378/candidate_1/incident_77378_candidate_1_mask.tif
candidates/incident_77378/candidate_1/incident_77378_candidate_1_slope.tif
candidates/incident_77378/candidate_10/incident_77378_candidate_10_slope.tif
candidates/incident_77378/candidate_10/incident_77378_candidate_10_mask.tif
candidates/incident_77378/candidate_11/incident_77378_candidate_11_mask.tif
candidates/incident_77378/candidate_11/incident_77378_candidate_11_slope.tif
candidates/incident_77378/candidate_12/incident_77378_candidate_12_mask.tif
candidates/incident_77378/candidate_12/incident_77378_candidate_12_slope.tif
candidates/incident_77378/candidate_13/incident_77378_candidate_13_mask.tif
candidates/incident_77378/candidate_13/incident_77378_candidate_13_slope.tif
candidates/incident_77378/candidate_14/incident_77378_candidate_14_mask.tif
candidates/incident_77378/candidate_14/incident_77378_candidate_14_slope.tif
candidates/incident_77378/candidate_2/incident_77378_candidate_2_mask.tif
candidates/incident_77378/candidate_2/incident_77378_candidate_2_slope.tif
candidates/incident_77378/candidate_3/incident_77378_candidate_3_mask.tif
candidates/incident_77378/candidate_3/incident_77378_candidate_3_slope.tif
candidates/incident_77378/candidate_4/incident_77378_candidate_4_mask.tif
candidates/incident_77378/candidate_4/incident_77378_candidate_4_slope.tif
candidates/incident_77378/candidate_5/incident_77378_candidate_5_slope.tif
candidates/incident_77378/candidate_5/incident_77378_candidate_5_mask.tif
candidates/incident_77378/candidate_6/incident_77378_candidate_6_slope.tif
candidates/incident_77378/candidate_6/incident_77378_candidate_6_mask.tif
candidates/incident_77378/candidate_7/incident_77378_candidate_7_mask.tif
candidates/incident_77378/candidate_7/incident_77378_candidate_7_slope.tif
candidates/incident_77378/candidate_8/incident_77378_candidate_8_mask.tif
candidates/incident_77378/candidate_7/incident_77378_candidate_7_before.tif
candidates/incident_77378/candidate_6/incident_77378_candidate_6_before.tif
candidates/incident_77378/candidate_8/incident_77378_candidate_8_before.tif
candidates/incident_77378/candidate_8/incident_77378_candidate_8_slope.tif
candidates/incident_77378/candidate_7/incident_77378_candidate_7_after.tif
candidates/incident_77378/candidate_8/incident_77378_candidate_8_after.tif
candidates/incident_77378/candidate_9/incident_77378_candidate_9_mask.tif
candidates/incident_77378/candidate_9/incident_77378_candidate_9_slope.tif
candidates/incident_77378/candidate_9/incident_77378_candidate_9_before.tif
candidates/incident_77625/candidate_1/incident_77625_candidate_1_slope.tif
candidates/incident_77378/candidate_9/incident_77378_candidate_9_after.tif
candidates/incident_77625/candidate_1/incident_77625_candidate_1_mask.tif
candidates/incident_77625/candidate_1/incident_77625_candidate_1_after.tif
candidates/incident_77625/candidate_10/incident_77625_candidate_10_mask.tif
candidates/incident_77625/candidate_10/incident_77625_candidate_10_slope.tif
candidates/incident_77625/candidate_1/incident_77625_candidate_1_before.tif
candidates/incident_77625/candidate_10/incident_77625_candidate_10_after.tif
candidates/incident_77625/candidate_10/incident_77625_candidate_10_before.tif
candidates/incident_77625/candidate_11/incident_77625_candidate_11_after.tif
candidates/incident_77625/candidate_11/incident_77625_candidate_11_mask.tif
candidates/incident_77625/candidate_11/incident_77625_candidate_11_slope.tif
candidates/incident_77625/candidate_12/incident_77625_candidate_12_mask.tif
candidates/incident_77625/candidate_12/incident_77625_candidate_12_slope.tif
candidates/incident_77625/candidate_11/incident_77625_candidate_11_before.tif
candidates/incident_77625/candidate_12/incident_77625_candidate_12_after.tif
candidates/incident_77625/candidate_12/incident_77625_candidate_12_before.tif
candidates/incident_77625/candidate_13/incident_77625_candidate_13_mask.tif
candidates/incident_77625/candidate_13/incident_77625_candidate_13_slope.tif
candidates/incident_77625/candidate_13/incident_77625_candidate_13_after.tif
candidates/incident_77625/candidate_13/incident_77625_candidate_13_before.tif
candidates/incident_77625/candidate_14/incident_77625_candidate_14_mask.tif
candidates/incident_77625/candidate_14/incident_77625_candidate_14_slope.tif
candidates/incident_77625/candidate_14/incident_77625_candidate_14_after.tif
candidates/incident_77625/candidate_2/incident_77625_candidate_2_mask.tif
candidates/incident_77625/candidate_2/incident_77625_candidate_2_slope.tif
candidates/incident_77625/candidate_14/incident_77625_candidate_14_before.tif
candidates/incident_77625/candidate_3/incident_77625_candidate_3_mask.tif
candidates/incident_77625/candidate_2/incident_77625_candidate_2_after.tif
candidates/incident_77625/candidate_2/incident_77625_candidate_2_before.tif
candidates/incident_77625/candidate_3/incident_77625_candidate_3_after.tif
candidates/incident_77625/candidate_3/incident_77625_candidate_3_slope.tif
candidates/incident_77625/candidate_4/incident_77625_candidate_4_mask.tif
candidates/incident_77625/candidate_4/incident_77625_candidate_4_slope.tif
candidates/incident_77625/candidate_4/incident_77625_candidate_4_after.tif
candidates/incident_77625/candidate_4/incident_77625_candidate_4_before.tif
candidates/incident_77625/candidate_3/incident_77625_candidate_3_before.tif
candidates/incident_77625/candidate_5/incident_77625_candidate_5_mask.tif
candidates/incident_77625/candidate_5/incident_77625_candidate_5_before.tif
candidates/incident_77625/candidate_5/incident_77625_candidate_5_after.tif
candidates/incident_77625/candidate_5/incident_77625_candidate_5_slope.tif
candidates/incident_77625/candidate_6/incident_77625_candidate_6_slope.tif
candidates/incident_77625/candidate_6/incident_77625_candidate_6_after.tif
candidates/incident_77625/candidate_6/incident_77625_candidate_6_mask.tif
candidates/incident_77625/candidate_6/incident_77625_candidate_6_before.tif
candidates/incident_77625/candidate_7/incident_77625_candidate_7_mask.tif
candidates/incident_77625/candidate_7/incident_77625_candidate_7_slope.tif
candidates/incident_77625/candidate_7/incident_77625_candidate_7_after.tif
candidates/incident_77625/candidate_8/incident_77625_candidate_8_mask.tif
candidates/incident_77625/candidate_8/incident_77625_candidate_8_slope.tif
candidates/incident_77625/candidate_9/incident_77625_candidate_9_mask.tif
candidates/incident_77625/candidate_7/incident_77625_candidate_7_before.tif
candidates/incident_77625/candidate_8/incident_77625_candidate_8_before.tif
candidates/incident_77625/candidate_9/incident_77625_candidate_9_before.tif
candidates/incident_77625/candidate_9/incident_77625_candidate_9_slope.tif
candidates/incident_77625/candidate_8/incident_77625_candidate_8_after.tif
candidates/incident_77731/candidate_1/incident_77731_candidate_1_slope.tif
candidates/incident_77731/candidate_1/incident_77731_candidate_1_mask.tif
candidates/incident_77625/candidate_9/incident_77625_candidate_9_after.tif
candidates/incident_77731/candidate_10/incident_77731_candidate_10_mask.tif
candidates/incident_77731/candidate_1/incident_77731_candidate_1_after.tif
candidates/incident_77731/candidate_10/incident_77731_candidate_10_slope.tif
candidates/incident_77731/candidate_1/incident_77731_candidate_1_before.tif
candidates/incident_77731/candidate_10/incident_77731_candidate_10_before.tif
candidates/incident_77731/candidate_10/incident_77731_candidate_10_after.tif
candidates/incident_77731/candidate_11/incident_77731_candidate_11_mask.tif
candidates/incident_77731/candidate_11/incident_77731_candidate_11_before.tif
candidates/incident_77731/candidate_11/incident_77731_candidate_11_slope.tif
candidates/incident_77731/candidate_11/incident_77731_candidate_11_after.tif
candidates/incident_77731/candidate_12/incident_77731_candidate_12_slope.tif
candidates/incident_77731/candidate_12/incident_77731_candidate_12_mask.tif
candidates/incident_77731/candidate_13/incident_77731_candidate_13_mask.tif
candidates/incident_77731/candidate_12/incident_77731_candidate_12_before.tif
candidates/incident_77731/candidate_13/incident_77731_candidate_13_slope.tif
candidates/incident_77731/candidate_13/incident_77731_candidate_13_after.tif
candidates/incident_77731/candidate_12/incident_77731_candidate_12_after.tif
candidates/incident_77731/candidate_13/incident_77731_candidate_13_before.tif
candidates/incident_77731/candidate_14/incident_77731_candidate_14_mask.tif
candidates/incident_77731/candidate_14/incident_77731_candidate_14_slope.tif
candidates/incident_77731/candidate_14/incident_77731_candidate_14_before.tif
candidates/incident_77731/candidate_15/incident_77731_candidate_15_slope.tif
candidates/incident_77731/candidate_15/incident_77731_candidate_15_after.tif
candidates/incident_77731/candidate_15/incident_77731_candidate_15_before.tif
candidates/incident_77731/candidate_15/incident_77731_candidate_15_mask.tif
candidates/incident_77731/candidate_16/incident_77731_candidate_16_slope.tif
candidates/incident_77731/candidate_16/incident_77731_candidate_16_mask.tif
candidates/incident_77731/candidate_16/incident_77731_candidate_16_before.tif
candidates/incident_77731/candidate_14/incident_77731_candidate_14_after.tif
candidates/incident_77731/candidate_17/incident_77731_candidate_17_mask.tif
candidates/incident_77731/candidate_17/incident_77731_candidate_17_slope.tif
candidates/incident_77731/candidate_17/incident_77731_candidate_17_before.tif
candidates/incident_77731/candidate_16/incident_77731_candidate_16_after.tif
candidates/incident_77731/candidate_17/incident_77731_candidate_17_after.tif
candidates/incident_77731/candidate_18/incident_77731_candidate_18_mask.tif
candidates/incident_77731/candidate_18/incident_77731_candidate_18_slope.tif
candidates/incident_77731/candidate_18/incident_77731_candidate_18_after.tif
candidates/incident_77731/candidate_19/incident_77731_candidate_19_mask.tif
candidates/incident_77731/candidate_19/incident_77731_candidate_19_slope.tif
candidates/incident_77731/candidate_18/incident_77731_candidate_18_before.tif
candidates/incident_77731/candidate_19/incident_77731_candidate_19_after.tif
candidates/incident_77731/candidate_2/incident_77731_candidate_2_mask.tif
candidates/incident_77731/candidate_2/incident_77731_candidate_2_after.tif
candidates/incident_77731/candidate_19/incident_77731_candidate_19_before.tif
candidates/incident_77731/candidate_2/incident_77731_candidate_2_slope.tif
candidates/incident_77731/candidate_2/incident_77731_candidate_2_before.tif
candidates/incident_77731/candidate_20/incident_77731_candidate_20_mask.tif
candidates/incident_77731/candidate_20/incident_77731_candidate_20_slope.tif
candidates/incident_77731/candidate_20/incident_77731_candidate_20_after.tif
candidates/incident_77731/candidate_21/incident_77731_candidate_21_mask.tif
candidates/incident_77731/candidate_20/incident_77731_candidate_20_before.tif
candidates/incident_77731/candidate_21/incident_77731_candidate_21_slope.tif
candidates/incident_77731/candidate_21/incident_77731_candidate_21_after.tif
candidates/incident_77731/candidate_21/incident_77731_candidate_21_before.tif
candidates/incident_77731/candidate_22/incident_77731_candidate_22_mask.tif
candidates/incident_77731/candidate_22/incident_77731_candidate_22_slope.tif
candidates/incident_77731/candidate_22/incident_77731_candidate_22_before.tif
candidates/incident_77731/candidate_23/incident_77731_candidate_23_mask.tif
candidates/incident_77731/candidate_22/incident_77731_candidate_22_after.tif
candidates/incident_77731/candidate_23/incident_77731_candidate_23_slope.tif
candidates/incident_77731/candidate_23/incident_77731_candidate_23_after.tif
candidates/incident_77731/candidate_24/incident_77731_candidate_24_slope.tif
candidates/incident_77731/candidate_24/incident_77731_candidate_24_mask.tif
candidates/incident_77731/candidate_24/incident_77731_candidate_24_after.tif
candidates/incident_77731/candidate_24/incident_77731_candidate_24_before.tif
candidates/incident_77731/candidate_23/incident_77731_candidate_23_before.tif
candidates/incident_77731/candidate_25/incident_77731_candidate_25_mask.tif
candidates/incident_77731/candidate_25/incident_77731_candidate_25_slope.tif
candidates/incident_77731/candidate_26/incident_77731_candidate_26_mask.tif
candidates/incident_77731/candidate_26/incident_77731_candidate_26_slope.tif
candidates/incident_77731/candidate_26/incident_77731_candidate_26_after.tif
candidates/incident_77731/candidate_25/incident_77731_candidate_25_after.tif
candidates/incident_77731/candidate_26/incident_77731_candidate_26_before.tif
candidates/incident_77731/candidate_27/incident_77731_candidate_27_mask.tif
candidates/incident_77731/candidate_27/incident_77731_candidate_27_before.tif
candidates/incident_77731/candidate_27/incident_77731_candidate_27_slope.tif
candidates/incident_77731/candidate_25/incident_77731_candidate_25_before.tif
candidates/incident_77731/candidate_28/incident_77731_candidate_28_after.tif
candidates/incident_77731/candidate_28/incident_77731_candidate_28_before.tif
candidates/incident_77731/candidate_28/incident_77731_candidate_28_mask.tif
candidates/incident_77731/candidate_27/incident_77731_candidate_27_after.tif
candidates/incident_77731/candidate_28/incident_77731_candidate_28_slope.tif
candidates/incident_77731/candidate_29/incident_77731_candidate_29_mask.tif
candidates/incident_77731/candidate_29/incident_77731_candidate_29_after.tif
candidates/incident_77731/candidate_29/incident_77731_candidate_29_slope.tif
candidates/incident_77731/candidate_3/incident_77731_candidate_3_mask.tif
candidates/incident_77731/candidate_29/incident_77731_candidate_29_before.tif
candidates/incident_77731/candidate_3/incident_77731_candidate_3_slope.tif
candidates/incident_77731/candidate_3/incident_77731_candidate_3_after.tif
candidates/incident_77731/candidate_30/incident_77731_candidate_30_mask.tif
candidates/incident_77731/candidate_3/incident_77731_candidate_3_before.tif
candidates/incident_77731/candidate_30/incident_77731_candidate_30_slope.tif
candidates/incident_77731/candidate_30/incident_77731_candidate_30_after.tif
candidates/incident_77731/candidate_30/incident_77731_candidate_30_before.tif
candidates/incident_77731/candidate_31/incident_77731_candidate_31_before.tif
candidates/incident_77731/candidate_31/incident_77731_candidate_31_mask.tif
candidates/incident_77731/candidate_31/incident_77731_candidate_31_slope.tif
candidates/incident_77731/candidate_31/incident_77731_candidate_31_after.tif
candidates/incident_77731/candidate_32/incident_77731_candidate_32_mask.tif
candidates/incident_77731/candidate_32/incident_77731_candidate_32_slope.tif
candidates/incident_77731/candidate_32/incident_77731_candidate_32_after.tif
candidates/incident_77731/candidate_33/incident_77731_candidate_33_slope.tif
candidates/incident_77731/candidate_33/incident_77731_candidate_33_mask.tif
candidates/incident_77731/candidate_33/incident_77731_candidate_33_before.tif
candidates/incident_77731/candidate_33/incident_77731_candidate_33_after.tif
candidates/incident_77731/candidate_32/incident_77731_candidate_32_before.tif
candidates/incident_77731/candidate_34/incident_77731_candidate_34_mask.tif
candidates/incident_77731/candidate_34/incident_77731_candidate_34_slope.tif
candidates/incident_77731/candidate_35/incident_77731_candidate_35_mask.tif
candidates/incident_77731/candidate_35/incident_77731_candidate_35_slope.tif
candidates/incident_77731/candidate_34/incident_77731_candidate_34_after.tif
candidates/incident_77731/candidate_34/incident_77731_candidate_34_before.tif
candidates/incident_77731/candidate_35/incident_77731_candidate_35_before.tif
candidates/incident_77731/candidate_35/incident_77731_candidate_35_after.tif
candidates/incident_77731/candidate_36/incident_77731_candidate_36_mask.tif
candidates/incident_77731/candidate_36/incident_77731_candidate_36_slope.tif
candidates/incident_77731/candidate_36/incident_77731_candidate_36_before.tif
candidates/incident_77731/candidate_37/incident_77731_candidate_37_slope.tif
candidates/incident_77731/candidate_37/incident_77731_candidate_37_mask.tif
candidates/incident_77731/candidate_36/incident_77731_candidate_36_after.tif
candidates/incident_77731/candidate_37/incident_77731_candidate_37_before.tif
candidates/incident_77731/candidate_38/incident_77731_candidate_38_mask.tif
candidates/incident_77731/candidate_38/incident_77731_candidate_38_slope.tif
candidates/incident_77731/candidate_37/incident_77731_candidate_37_after.tif
candidates/incident_77731/candidate_38/incident_77731_candidate_38_after.tif
candidates/incident_77731/candidate_39/incident_77731_candidate_39_slope.tif
candidates/incident_77731/candidate_38/incident_77731_candidate_38_before.tif
candidates/incident_77731/candidate_39/incident_77731_candidate_39_mask.tif
candidates/incident_77731/candidate_39/incident_77731_candidate_39_before.tif
candidates/incident_77731/candidate_39/incident_77731_candidate_39_after.tif
candidates/incident_77731/candidate_4/incident_77731_candidate_4_mask.tif
candidates/incident_77731/candidate_4/incident_77731_candidate_4_slope.tif
candidates/incident_77731/candidate_4/incident_77731_candidate_4_after.tif
candidates/incident_77731/candidate_40/incident_77731_candidate_40_mask.tif
candidates/incident_77731/candidate_40/incident_77731_candidate_40_slope.tif
candidates/incident_77731/candidate_4/incident_77731_candidate_4_before.tif
candidates/incident_77731/candidate_40/incident_77731_candidate_40_after.tif
candidates/incident_77731/candidate_40/incident_77731_candidate_40_before.tif
candidates/incident_77731/candidate_41/incident_77731_candidate_41_mask.tif
candidates/incident_77731/candidate_41/incident_77731_candidate_41_slope.tif
candidates/incident_77731/candidate_41/incident_77731_candidate_41_after.tif
candidates/incident_77731/candidate_42/incident_77731_candidate_42_mask.tif
candidates/incident_77731/candidate_41/incident_77731_candidate_41_before.tif
candidates/incident_77731/candidate_42/incident_77731_candidate_42_slope.tif
candidates/incident_77731/candidate_42/incident_77731_candidate_42_after.tif
candidates/incident_77731/candidate_42/incident_77731_candidate_42_before.tif
candidates/incident_77731/candidate_43/incident_77731_candidate_43_mask.tif
candidates/incident_77731/candidate_43/incident_77731_candidate_43_slope.tif
candidates/incident_77731/candidate_44/incident_77731_candidate_44_mask.tif
candidates/incident_77731/candidate_44/incident_77731_candidate_44_slope.tif
candidates/incident_77731/candidate_44/incident_77731_candidate_44_after.tif
candidates/incident_77731/candidate_43/incident_77731_candidate_43_before.tif
candidates/incident_77731/candidate_43/incident_77731_candidate_43_after.tif
candidates/incident_77731/candidate_44/incident_77731_candidate_44_before.tif
candidates/incident_77731/candidate_45/incident_77731_candidate_45_after.tif
candidates/incident_77731/candidate_45/incident_77731_candidate_45_mask.tif
candidates/incident_77731/candidate_45/incident_77731_candidate_45_slope.tif
candidates/incident_77731/candidate_45/incident_77731_candidate_45_before.tif
candidates/incident_77731/candidate_46/incident_77731_candidate_46_mask.tif
candidates/incident_77731/candidate_46/incident_77731_candidate_46_after.tif
candidates/incident_77731/candidate_46/incident_77731_candidate_46_slope.tif
candidates/incident_77731/candidate_47/incident_77731_candidate_47_mask.tif
candidates/incident_77731/candidate_47/incident_77731_candidate_47_slope.tif
candidates/incident_77731/candidate_46/incident_77731_candidate_46_before.tif
candidates/incident_77731/candidate_47/incident_77731_candidate_47_before.tif
candidates/incident_77731/candidate_47/incident_77731_candidate_47_after.tif
candidates/incident_77731/candidate_48/incident_77731_candidate_48_mask.tif
candidates/incident_77731/candidate_48/incident_77731_candidate_48_after.tif
candidates/incident_77731/candidate_48/incident_77731_candidate_48_slope.tif
candidates/incident_77731/candidate_48/incident_77731_candidate_48_before.tif
candidates/incident_77731/candidate_49/incident_77731_candidate_49_mask.tif
candidates/incident_77731/candidate_49/incident_77731_candidate_49_slope.tif
candidates/incident_77731/candidate_49/incident_77731_candidate_49_after.tif
candidates/incident_77731/candidate_5/incident_77731_candidate_5_mask.tif
candidates/incident_77731/candidate_5/incident_77731_candidate_5_slope.tif
candidates/incident_77731/candidate_50/incident_77731_candidate_50_mask.tif
candidates/incident_77731/candidate_5/incident_77731_candidate_5_before.tif
candidates/incident_77731/candidate_50/incident_77731_candidate_50_slope.tif
candidates/incident_77731/candidate_49/incident_77731_candidate_49_before.tif
candidates/incident_77731/candidate_50/incident_77731_candidate_50_before.tif
candidates/incident_77731/candidate_50/incident_77731_candidate_50_after.tif
candidates/incident_77731/candidate_51/incident_77731_candidate_51_mask.tif
candidates/incident_77731/candidate_5/incident_77731_candidate_5_after.tif
candidates/incident_77731/candidate_51/incident_77731_candidate_51_slope.tif
candidates/incident_77731/candidate_51/incident_77731_candidate_51_before.tif
candidates/incident_77731/candidate_52/incident_77731_candidate_52_after.tif
candidates/incident_77731/candidate_51/incident_77731_candidate_51_after.tif
candidates/incident_77731/candidate_52/incident_77731_candidate_52_before.tif
candidates/incident_77731/candidate_52/incident_77731_candidate_52_mask.tif
candidates/incident_77731/candidate_52/incident_77731_candidate_52_slope.tif
candidates/incident_77731/candidate_53/incident_77731_candidate_53_mask.tif
candidates/incident_77731/candidate_53/incident_77731_candidate_53_slope.tif
candidates/incident_77731/candidate_53/incident_77731_candidate_53_before.tif
candidates/incident_77731/candidate_53/incident_77731_candidate_53_after.tif
candidates/incident_77731/candidate_54/incident_77731_candidate_54_mask.tif
candidates/incident_77731/candidate_54/incident_77731_candidate_54_slope.tif
candidates/incident_77731/candidate_54/incident_77731_candidate_54_after.tif
candidates/incident_77731/candidate_55/incident_77731_candidate_55_mask.tif
candidates/incident_77731/candidate_55/incident_77731_candidate_55_slope.tif
candidates/incident_77731/candidate_55/incident_77731_candidate_55_after.tif
candidates/incident_77731/candidate_54/incident_77731_candidate_54_before.tif
candidates/incident_77731/candidate_55/incident_77731_candidate_55_before.tif
candidates/incident_77731/candidate_56/incident_77731_candidate_56_after.tif
candidates/incident_77731/candidate_56/incident_77731_candidate_56_mask.tif
candidates/incident_77731/candidate_56/incident_77731_candidate_56_slope.tif
candidates/incident_77731/candidate_56/incident_77731_candidate_56_before.tif
candidates/incident_77731/candidate_57/incident_77731_candidate_57_mask.tif
candidates/incident_77731/candidate_57/incident_77731_candidate_57_after.tif
candidates/incident_77731/candidate_57/incident_77731_candidate_57_slope.tif
candidates/incident_77731/candidate_58/incident_77731_candidate_58_mask.tif
candidates/incident_77731/candidate_58/incident_77731_candidate_58_slope.tif
candidates/incident_77731/candidate_58/incident_77731_candidate_58_before.tif
candidates/incident_77731/candidate_58/incident_77731_candidate_58_after.tif
candidates/incident_77731/candidate_59/incident_77731_candidate_59_mask.tif
candidates/incident_77731/candidate_57/incident_77731_candidate_57_before.tif
candidates/incident_77731/candidate_59/incident_77731_candidate_59_slope.tif
candidates/incident_77731/candidate_59/incident_77731_candidate_59_after.tif
candidates/incident_77731/candidate_6/incident_77731_candidate_6_mask.tif
candidates/incident_77731/candidate_6/incident_77731_candidate_6_slope.tif
candidates/incident_77731/candidate_60/incident_77731_candidate_60_mask.tif
candidates/incident_77731/candidate_59/incident_77731_candidate_59_before.tif
candidates/incident_77731/candidate_60/incident_77731_candidate_60_slope.tif
candidates/incident_77731/candidate_60/incident_77731_candidate_60_after.tif
candidates/incident_77731/candidate_6/incident_77731_candidate_6_after.tif
candidates/incident_77731/candidate_60/incident_77731_candidate_60_before.tif
candidates/incident_77731/candidate_61/incident_77731_candidate_61_after.tif
candidates/incident_77731/candidate_61/incident_77731_candidate_61_mask.tif
candidates/incident_77731/candidate_61/incident_77731_candidate_61_slope.tif
candidates/incident_77731/candidate_6/incident_77731_candidate_6_before.tif
candidates/incident_77731/candidate_62/incident_77731_candidate_62_mask.tif
candidates/incident_77731/candidate_62/incident_77731_candidate_62_slope.tif
candidates/incident_77731/candidate_62/incident_77731_candidate_62_after.tif
candidates/incident_77731/candidate_61/incident_77731_candidate_61_before.tif
candidates/incident_77731/candidate_62/incident_77731_candidate_62_before.tif
candidates/incident_77731/candidate_63/incident_77731_candidate_63_mask.tif
candidates/incident_77731/candidate_63/incident_77731_candidate_63_slope.tif
candidates/incident_77731/candidate_63/incident_77731_candidate_63_before.tif
candidates/incident_77731/candidate_63/incident_77731_candidate_63_after.tif
candidates/incident_77731/candidate_64/incident_77731_candidate_64_mask.tif
candidates/incident_77731/candidate_64/incident_77731_candidate_64_slope.tif
candidates/incident_77731/candidate_64/incident_77731_candidate_64_after.tif
candidates/incident_77731/candidate_65/incident_77731_candidate_65_mask.tif
candidates/incident_77731/candidate_65/incident_77731_candidate_65_after.tif
candidates/incident_77731/candidate_65/incident_77731_candidate_65_slope.tif
candidates/incident_77731/candidate_65/incident_77731_candidate_65_before.tif
candidates/incident_77731/candidate_64/incident_77731_candidate_64_before.tif
candidates/incident_77731/candidate_66/incident_77731_candidate_66_mask.tif
candidates/incident_77731/candidate_66/incident_77731_candidate_66_slope.tif
candidates/incident_77731/candidate_66/incident_77731_candidate_66_before.tif
candidates/incident_77731/candidate_67/incident_77731_candidate_67_mask.tif
candidates/incident_77731/candidate_67/incident_77731_candidate_67_slope.tif
candidates/incident_77731/candidate_67/incident_77731_candidate_67_before.tif
candidates/incident_77731/candidate_66/incident_77731_candidate_66_after.tif
candidates/incident_77731/candidate_68/incident_77731_candidate_68_mask.tif
candidates/incident_77731/candidate_68/incident_77731_candidate_68_slope.tif
candidates/incident_77731/candidate_67/incident_77731_candidate_67_after.tif
candidates/incident_77731/candidate_68/incident_77731_candidate_68_after.tif
candidates/incident_77731/candidate_68/incident_77731_candidate_68_before.tif
candidates/incident_77731/candidate_69/incident_77731_candidate_69_mask.tif
candidates/incident_77731/candidate_69/incident_77731_candidate_69_slope.tif
candidates/incident_77731/candidate_69/incident_77731_candidate_69_before.tif
candidates/incident_77731/candidate_7/incident_77731_candidate_7_slope.tif
candidates/incident_77731/candidate_7/incident_77731_candidate_7_mask.tif
candidates/incident_77731/candidate_69/incident_77731_candidate_69_after.tif
candidates/incident_77731/candidate_7/incident_77731_candidate_7_after.tif
candidates/incident_77731/candidate_7/incident_77731_candidate_7_before.tif
candidates/incident_77731/candidate_70/incident_77731_candidate_70_mask.tif
candidates/incident_77731/candidate_70/incident_77731_candidate_70_after.tif
candidates/incident_77731/candidate_70/incident_77731_candidate_70_slope.tif
candidates/incident_77731/candidate_70/incident_77731_candidate_70_before.tif
candidates/incident_77731/candidate_71/incident_77731_candidate_71_slope.tif
candidates/incident_77731/candidate_71/incident_77731_candidate_71_mask.tif
candidates/incident_77731/candidate_71/incident_77731_candidate_71_after.tif
candidates/incident_77731/candidate_71/incident_77731_candidate_71_before.tif
candidates/incident_77731/candidate_72/incident_77731_candidate_72_mask.tif
candidates/incident_77731/candidate_72/incident_77731_candidate_72_slope.tif
candidates/incident_77731/candidate_73/incident_77731_candidate_73_mask.tif
candidates/incident_77731/candidate_73/incident_77731_candidate_73_slope.tif
candidates/incident_77731/candidate_72/incident_77731_candidate_72_before.tif
candidates/incident_77731/candidate_73/incident_77731_candidate_73_before.tif
candidates/incident_77731/candidate_73/incident_77731_candidate_73_after.tif
candidates/incident_77731/candidate_72/incident_77731_candidate_72_after.tif
candidates/incident_77731/candidate_74/incident_77731_candidate_74_after.tif
candidates/incident_77731/candidate_74/incident_77731_candidate_74_before.tif
candidates/incident_77731/candidate_74/incident_77731_candidate_74_mask.tif
candidates/incident_77731/candidate_74/incident_77731_candidate_74_slope.tif
candidates/incident_77731/candidate_75/incident_77731_candidate_75_slope.tif
candidates/incident_77731/candidate_75/incident_77731_candidate_75_mask.tif
candidates/incident_77731/candidate_75/incident_77731_candidate_75_after.tif
candidates/incident_77731/candidate_76/incident_77731_candidate_76_slope.tif
candidates/incident_77731/candidate_76/incident_77731_candidate_76_mask.tif
candidates/incident_77731/candidate_75/incident_77731_candidate_75_before.tif
candidates/incident_77731/candidate_76/incident_77731_candidate_76_after.tif
candidates/incident_77731/candidate_77/incident_77731_candidate_77_mask.tif
candidates/incident_77731/candidate_77/incident_77731_candidate_77_slope.tif
candidates/incident_77731/candidate_76/incident_77731_candidate_76_before.tif
candidates/incident_77731/candidate_77/incident_77731_candidate_77_after.tif
candidates/incident_77731/candidate_78/incident_77731_candidate_78_after.tif
candidates/incident_77731/candidate_77/incident_77731_candidate_77_before.tif
candidates/incident_77731/candidate_78/incident_77731_candidate_78_slope.tif
candidates/incident_77731/candidate_78/incident_77731_candidate_78_mask.tif
candidates/incident_77731/candidate_78/incident_77731_candidate_78_before.tif
candidates/incident_77731/candidate_8/incident_77731_candidate_8_mask.tif
candidates/incident_77731/candidate_8/incident_77731_candidate_8_after.tif
candidates/incident_77731/candidate_8/incident_77731_candidate_8_before.tif
candidates/incident_77731/candidate_8/incident_77731_candidate_8_slope.tif
candidates/incident_77731/candidate_9/incident_77731_candidate_9_mask.tif
candidates/incident_77731/candidate_9/incident_77731_candidate_9_slope.tif
candidates/incident_77731/candidate_9/incident_77731_candidate_9_after.tif
candidates/incident_77748/candidate_1/incident_77748_candidate_1_mask.tif
candidates/incident_77748/candidate_1/incident_77748_candidate_1_slope.tif
candidates/incident_77731/candidate_9/incident_77731_candidate_9_before.tif
candidates/incident_77748/candidate_1/incident_77748_candidate_1_after.tif
candidates/incident_77748/candidate_10/incident_77748_candidate_10_mask.tif
candidates/incident_77748/candidate_10/incident_77748_candidate_10_slope.tif
candidates/incident_77748/candidate_10/incident_77748_candidate_10_before.tif
candidates/incident_77748/candidate_10/incident_77748_candidate_10_after.tif
candidates/incident_77748/candidate_1/incident_77748_candidate_1_before.tif
candidates/incident_77748/candidate_11/incident_77748_candidate_11_after.tif
candidates/incident_77748/candidate_11/incident_77748_candidate_11_mask.tif
candidates/incident_77748/candidate_11/incident_77748_candidate_11_slope.tif
candidates/incident_77748/candidate_12/incident_77748_candidate_12_mask.tif
candidates/incident_77748/candidate_12/incident_77748_candidate_12_before.tif
candidates/incident_77748/candidate_12/incident_77748_candidate_12_slope.tif
candidates/incident_77748/candidate_11/incident_77748_candidate_11_before.tif
candidates/incident_77748/candidate_13/incident_77748_candidate_13_mask.tif
candidates/incident_77748/candidate_12/incident_77748_candidate_12_after.tif
candidates/incident_77748/candidate_13/incident_77748_candidate_13_slope.tif
candidates/incident_77748/candidate_13/incident_77748_candidate_13_after.tif
candidates/incident_77748/candidate_14/incident_77748_candidate_14_mask.tif
candidates/incident_77748/candidate_14/incident_77748_candidate_14_slope.tif
candidates/incident_77748/candidate_14/incident_77748_candidate_14_after.tif
candidates/incident_77748/candidate_13/incident_77748_candidate_13_before.tif
candidates/incident_77748/candidate_14/incident_77748_candidate_14_before.tif
candidates/incident_77748/candidate_15/incident_77748_candidate_15_mask.tif
candidates/incident_77748/candidate_15/incident_77748_candidate_15_slope.tif
candidates/incident_77748/candidate_15/incident_77748_candidate_15_after.tif
candidates/incident_77748/candidate_16/incident_77748_candidate_16_after.tif
candidates/incident_77748/candidate_16/incident_77748_candidate_16_mask.tif
candidates/incident_77748/candidate_15/incident_77748_candidate_15_before.tif
candidates/incident_77748/candidate_16/incident_77748_candidate_16_before.tif
candidates/incident_77748/candidate_16/incident_77748_candidate_16_slope.tif
candidates/incident_77748/candidate_17/incident_77748_candidate_17_after.tif
candidates/incident_77748/candidate_17/incident_77748_candidate_17_mask.tif
candidates/incident_77748/candidate_17/incident_77748_candidate_17_before.tif
candidates/incident_77748/candidate_17/incident_77748_candidate_17_slope.tif
candidates/incident_77748/candidate_18/incident_77748_candidate_18_slope.tif
candidates/incident_77748/candidate_18/incident_77748_candidate_18_mask.tif
candidates/incident_77748/candidate_18/incident_77748_candidate_18_after.tif
candidates/incident_77748/candidate_18/incident_77748_candidate_18_before.tif
candidates/incident_77748/candidate_19/incident_77748_candidate_19_mask.tif
candidates/incident_77748/candidate_19/incident_77748_candidate_19_slope.tif
candidates/incident_77748/candidate_19/incident_77748_candidate_19_after.tif
candidates/incident_77748/candidate_19/incident_77748_candidate_19_before.tif
candidates/incident_77748/candidate_2/incident_77748_candidate_2_slope.tif
candidates/incident_77748/candidate_2/incident_77748_candidate_2_mask.tif
candidates/incident_77748/candidate_2/incident_77748_candidate_2_before.tif
candidates/incident_77748/candidate_20/incident_77748_candidate_20_mask.tif
candidates/incident_77748/candidate_20/incident_77748_candidate_20_slope.tif
candidates/incident_77748/candidate_20/incident_77748_candidate_20_before.tif
candidates/incident_77748/candidate_20/incident_77748_candidate_20_after.tif
candidates/incident_77748/candidate_21/incident_77748_candidate_21_mask.tif
candidates/incident_77748/candidate_21/incident_77748_candidate_21_after.tif
candidates/incident_77748/candidate_2/incident_77748_candidate_2_after.tif
candidates/incident_77748/candidate_21/incident_77748_candidate_21_slope.tif
candidates/incident_77748/candidate_3/incident_77748_candidate_3_mask.tif
candidates/incident_77748/candidate_3/incident_77748_candidate_3_slope.tif
candidates/incident_77748/candidate_3/incident_77748_candidate_3_before.tif
candidates/incident_77748/candidate_21/incident_77748_candidate_21_before.tif
candidates/incident_77748/candidate_3/incident_77748_candidate_3_after.tif
candidates/incident_77748/candidate_4/incident_77748_candidate_4_mask.tif
candidates/incident_77748/candidate_4/incident_77748_candidate_4_after.tif
candidates/incident_77748/candidate_4/incident_77748_candidate_4_slope.tif
candidates/incident_77748/candidate_5/incident_77748_candidate_5_mask.tif
candidates/incident_77748/candidate_4/incident_77748_candidate_4_before.tif
candidates/incident_77748/candidate_5/incident_77748_candidate_5_slope.tif
candidates/incident_77748/candidate_5/incident_77748_candidate_5_before.tif
candidates/incident_77748/candidate_6/incident_77748_candidate_6_mask.tif
candidates/incident_77748/candidate_5/incident_77748_candidate_5_after.tif
candidates/incident_77748/candidate_6/incident_77748_candidate_6_slope.tif
candidates/incident_77748/candidate_6/incident_77748_candidate_6_before.tif
candidates/incident_77748/candidate_6/incident_77748_candidate_6_after.tif
candidates/incident_77748/candidate_7/incident_77748_candidate_7_mask.tif
candidates/incident_77748/candidate_7/incident_77748_candidate_7_before.tif
candidates/incident_77748/candidate_7/incident_77748_candidate_7_slope.tif
candidates/incident_77748/candidate_7/incident_77748_candidate_7_after.tif
candidates/incident_77748/candidate_8/incident_77748_candidate_8_mask.tif
candidates/incident_77748/candidate_8/incident_77748_candidate_8_slope.tif
candidates/incident_77748/candidate_8/incident_77748_candidate_8_after.tif
candidates/incident_77748/candidate_9/incident_77748_candidate_9_slope.tif
candidates/incident_77748/candidate_8/incident_77748_candidate_8_before.tif
candidates/incident_77748/candidate_9/incident_77748_candidate_9_mask.tif
candidates/incident_77748/candidate_9/incident_77748_candidate_9_after.tif
candidates/incident_77748/candidate_9/incident_77748_candidate_9_before.tif
candidates/incident_77801/candidate_1/incident_77801_candidate_1_mask.tif
candidates/incident_77801/candidate_1/incident_77801_candidate_1_slope.tif
candidates/incident_77801/candidate_10/incident_77801_candidate_10_mask.tif
candidates/incident_77801/candidate_10/incident_77801_candidate_10_slope.tif
candidates/incident_77801/candidate_1/incident_77801_candidate_1_before.tif
candidates/incident_77801/candidate_1/incident_77801_candidate_1_after.tif
candidates/incident_77801/candidate_10/incident_77801_candidate_10_after.tif
candidates/incident_77801/candidate_11/incident_77801_candidate_11_mask.tif
candidates/incident_77801/candidate_11/incident_77801_candidate_11_slope.tif
candidates/incident_77801/candidate_11/incident_77801_candidate_11_before.tif
candidates/incident_77801/candidate_10/incident_77801_candidate_10_before.tif
candidates/incident_77801/candidate_12/incident_77801_candidate_12_after.tif
candidates/incident_77801/candidate_12/incident_77801_candidate_12_mask.tif
candidates/incident_77801/candidate_12/incident_77801_candidate_12_slope.tif
candidates/incident_77801/candidate_11/incident_77801_candidate_11_after.tif
candidates/incident_77801/candidate_13/incident_77801_candidate_13_after.tif
candidates/incident_77801/candidate_13/incident_77801_candidate_13_mask.tif
candidates/incident_77801/candidate_12/incident_77801_candidate_12_before.tif
candidates/incident_77801/candidate_13/incident_77801_candidate_13_before.tif
candidates/incident_77801/candidate_13/incident_77801_candidate_13_slope.tif
candidates/incident_77801/candidate_14/incident_77801_candidate_14_mask.tif
candidates/incident_77801/candidate_14/incident_77801_candidate_14_before.tif
candidates/incident_77801/candidate_14/incident_77801_candidate_14_slope.tif
candidates/incident_77801/candidate_14/incident_77801_candidate_14_after.tif
candidates/incident_77801/candidate_15/incident_77801_candidate_15_mask.tif
candidates/incident_77801/candidate_15/incident_77801_candidate_15_slope.tif
candidates/incident_77801/candidate_15/incident_77801_candidate_15_before.tif
candidates/incident_77801/candidate_16/incident_77801_candidate_16_mask.tif
candidates/incident_77801/candidate_16/incident_77801_candidate_16_slope.tif
candidates/incident_77801/candidate_16/incident_77801_candidate_16_after.tif
candidates/incident_77801/candidate_17/incident_77801_candidate_17_mask.tif
candidates/incident_77801/candidate_17/incident_77801_candidate_17_slope.tif
candidates/incident_77801/candidate_17/incident_77801_candidate_17_before.tif
candidates/incident_77801/candidate_16/incident_77801_candidate_16_before.tif
candidates/incident_77801/candidate_15/incident_77801_candidate_15_after.tif
candidates/incident_77801/candidate_18/incident_77801_candidate_18_mask.tif
candidates/incident_77801/candidate_18/incident_77801_candidate_18_slope.tif
candidates/incident_77801/candidate_18/incident_77801_candidate_18_after.tif
candidates/incident_77801/candidate_19/incident_77801_candidate_19_mask.tif
candidates/incident_77801/candidate_19/incident_77801_candidate_19_slope.tif
candidates/incident_77801/candidate_19/incident_77801_candidate_19_after.tif
candidates/incident_77801/candidate_19/incident_77801_candidate_19_before.tif
candidates/incident_77801/candidate_17/incident_77801_candidate_17_after.tif
candidates/incident_77801/candidate_18/incident_77801_candidate_18_before.tif
candidates/incident_77801/candidate_2/incident_77801_candidate_2_after.tif
candidates/incident_77801/candidate_2/incident_77801_candidate_2_mask.tif
candidates/incident_77801/candidate_2/incident_77801_candidate_2_slope.tif
candidates/incident_77801/candidate_2/incident_77801_candidate_2_before.tif
candidates/incident_77801/candidate_20/incident_77801_candidate_20_mask.tif
candidates/incident_77801/candidate_20/incident_77801_candidate_20_slope.tif
candidates/incident_77801/candidate_20/incident_77801_candidate_20_before.tif
candidates/incident_77801/candidate_20/incident_77801_candidate_20_after.tif
candidates/incident_77801/candidate_21/incident_77801_candidate_21_mask.tif
candidates/incident_77801/candidate_21/incident_77801_candidate_21_slope.tif
candidates/incident_77801/candidate_21/incident_77801_candidate_21_after.tif
candidates/incident_77801/candidate_21/incident_77801_candidate_21_before.tif
candidates/incident_77801/candidate_22/incident_77801_candidate_22_mask.tif
candidates/incident_77801/candidate_22/incident_77801_candidate_22_after.tif
candidates/incident_77801/candidate_22/incident_77801_candidate_22_slope.tif
candidates/incident_77801/candidate_23/incident_77801_candidate_23_mask.tif
candidates/incident_77801/candidate_23/incident_77801_candidate_23_slope.tif
candidates/incident_77801/candidate_22/incident_77801_candidate_22_before.tif
candidates/incident_77801/candidate_23/incident_77801_candidate_23_after.tif
candidates/incident_77801/candidate_24/incident_77801_candidate_24_mask.tif
candidates/incident_77801/candidate_23/incident_77801_candidate_23_before.tif
candidates/incident_77801/candidate_24/incident_77801_candidate_24_slope.tif
candidates/incident_77801/candidate_24/incident_77801_candidate_24_before.tif
candidates/incident_77801/candidate_25/incident_77801_candidate_25_mask.tif
candidates/incident_77801/candidate_25/incident_77801_candidate_25_slope.tif
candidates/incident_77801/candidate_25/incident_77801_candidate_25_before.tif
candidates/incident_77801/candidate_25/incident_77801_candidate_25_after.tif
candidates/incident_77801/candidate_26/incident_77801_candidate_26_mask.tif
candidates/incident_77801/candidate_24/incident_77801_candidate_24_after.tif
candidates/incident_77801/candidate_26/incident_77801_candidate_26_slope.tif
candidates/incident_77801/candidate_27/incident_77801_candidate_27_mask.tif
candidates/incident_77801/candidate_26/incident_77801_candidate_26_after.tif
candidates/incident_77801/candidate_26/incident_77801_candidate_26_before.tif
candidates/incident_77801/candidate_27/incident_77801_candidate_27_slope.tif
candidates/incident_77801/candidate_27/incident_77801_candidate_27_before.tif
candidates/incident_77801/candidate_28/incident_77801_candidate_28_mask.tif
candidates/incident_77801/candidate_28/incident_77801_candidate_28_after.tif
candidates/incident_77801/candidate_28/incident_77801_candidate_28_before.tif
candidates/incident_77801/candidate_28/incident_77801_candidate_28_slope.tif
candidates/incident_77801/candidate_29/incident_77801_candidate_29_mask.tif
candidates/incident_77801/candidate_27/incident_77801_candidate_27_after.tif
candidates/incident_77801/candidate_29/incident_77801_candidate_29_before.tif
candidates/incident_77801/candidate_29/incident_77801_candidate_29_slope.tif
candidates/incident_77801/candidate_29/incident_77801_candidate_29_after.tif
candidates/incident_77801/candidate_3/incident_77801_candidate_3_mask.tif
candidates/incident_77801/candidate_3/incident_77801_candidate_3_slope.tif
candidates/incident_77801/candidate_30/incident_77801_candidate_30_mask.tif
candidates/incident_77801/candidate_30/incident_77801_candidate_30_slope.tif
candidates/incident_77801/candidate_3/incident_77801_candidate_3_before.tif
candidates/incident_77801/candidate_31/incident_77801_candidate_31_after.tif
candidates/incident_77801/candidate_30/incident_77801_candidate_30_after.tif
candidates/incident_77801/candidate_31/incident_77801_candidate_31_slope.tif
candidates/incident_77801/candidate_30/incident_77801_candidate_30_before.tif
candidates/incident_77801/candidate_31/incident_77801_candidate_31_before.tif
candidates/incident_77801/candidate_3/incident_77801_candidate_3_after.tif
candidates/incident_77801/candidate_31/incident_77801_candidate_31_mask.tif
candidates/incident_77801/candidate_32/incident_77801_candidate_32_mask.tif
candidates/incident_77801/candidate_32/incident_77801_candidate_32_slope.tif
candidates/incident_77801/candidate_32/incident_77801_candidate_32_after.tif
candidates/incident_77801/candidate_33/incident_77801_candidate_33_mask.tif
candidates/incident_77801/candidate_33/incident_77801_candidate_33_slope.tif
candidates/incident_77801/candidate_32/incident_77801_candidate_32_before.tif
candidates/incident_77801/candidate_33/incident_77801_candidate_33_after.tif
candidates/incident_77801/candidate_33/incident_77801_candidate_33_before.tif
candidates/incident_77801/candidate_34/incident_77801_candidate_34_mask.tif
candidates/incident_77801/candidate_34/incident_77801_candidate_34_slope.tif
candidates/incident_77801/candidate_34/incident_77801_candidate_34_after.tif
candidates/incident_77801/candidate_34/incident_77801_candidate_34_before.tif
candidates/incident_77801/candidate_35/incident_77801_candidate_35_mask.tif
candidates/incident_77801/candidate_35/incident_77801_candidate_35_slope.tif
candidates/incident_77801/candidate_35/incident_77801_candidate_35_after.tif
candidates/incident_77801/candidate_35/incident_77801_candidate_35_before.tif
candidates/incident_77801/candidate_36/incident_77801_candidate_36_mask.tif
candidates/incident_77801/candidate_36/incident_77801_candidate_36_slope.tif
candidates/incident_77801/candidate_36/incident_77801_candidate_36_after.tif
candidates/incident_77801/candidate_37/incident_77801_candidate_37_mask.tif
candidates/incident_77801/candidate_37/incident_77801_candidate_37_slope.tif
candidates/incident_77801/candidate_36/incident_77801_candidate_36_before.tif
candidates/incident_77801/candidate_37/incident_77801_candidate_37_after.tif
candidates/incident_77801/candidate_37/incident_77801_candidate_37_before.tif
candidates/incident_77801/candidate_38/incident_77801_candidate_38_mask.tif
candidates/incident_77801/candidate_38/incident_77801_candidate_38_slope.tif
candidates/incident_77801/candidate_38/incident_77801_candidate_38_before.tif
candidates/incident_77801/candidate_39/incident_77801_candidate_39_slope.tif
candidates/incident_77801/candidate_39/incident_77801_candidate_39_mask.tif
candidates/incident_77801/candidate_39/incident_77801_candidate_39_after.tif
candidates/incident_77801/candidate_4/incident_77801_candidate_4_mask.tif
candidates/incident_77801/candidate_38/incident_77801_candidate_38_after.tif
candidates/incident_77801/candidate_4/incident_77801_candidate_4_slope.tif
candidates/incident_77801/candidate_39/incident_77801_candidate_39_before.tif
candidates/incident_77801/candidate_40/incident_77801_candidate_40_after.tif
candidates/incident_77801/candidate_40/incident_77801_candidate_40_mask.tif
candidates/incident_77801/candidate_40/incident_77801_candidate_40_slope.tif
candidates/incident_77801/candidate_40/incident_77801_candidate_40_before.tif
candidates/incident_77801/candidate_4/incident_77801_candidate_4_after.tif
candidates/incident_77801/candidate_41/incident_77801_candidate_41_mask.tif
candidates/incident_77801/candidate_41/incident_77801_candidate_41_slope.tif
candidates/incident_77801/candidate_41/incident_77801_candidate_41_after.tif
candidates/incident_77801/candidate_41/incident_77801_candidate_41_before.tif
candidates/incident_77801/candidate_4/incident_77801_candidate_4_before.tif
candidates/incident_77801/candidate_42/incident_77801_candidate_42_after.tif
candidates/incident_77801/candidate_42/incident_77801_candidate_42_mask.tif
candidates/incident_77801/candidate_42/incident_77801_candidate_42_slope.tif
candidates/incident_77801/candidate_43/incident_77801_candidate_43_mask.tif
candidates/incident_77801/candidate_43/incident_77801_candidate_43_slope.tif
candidates/incident_77801/candidate_43/incident_77801_candidate_43_after.tif
candidates/incident_77801/candidate_42/incident_77801_candidate_42_before.tif
candidates/incident_77801/candidate_44/incident_77801_candidate_44_mask.tif
candidates/incident_77801/candidate_44/incident_77801_candidate_44_after.tif
candidates/incident_77801/candidate_44/incident_77801_candidate_44_slope.tif
candidates/incident_77801/candidate_44/incident_77801_candidate_44_before.tif
candidates/incident_77801/candidate_45/incident_77801_candidate_45_mask.tif
candidates/incident_77801/candidate_43/incident_77801_candidate_43_before.tif
candidates/incident_77801/candidate_45/incident_77801_candidate_45_slope.tif
candidates/incident_77801/candidate_45/incident_77801_candidate_45_after.tif
candidates/incident_77801/candidate_45/incident_77801_candidate_45_before.tif
candidates/incident_77801/candidate_46/incident_77801_candidate_46_mask.tif
candidates/incident_77801/candidate_46/incident_77801_candidate_46_after.tif
candidates/incident_77801/candidate_46/incident_77801_candidate_46_slope.tif
candidates/incident_77801/candidate_47/incident_77801_candidate_47_slope.tif
candidates/incident_77801/candidate_47/incident_77801_candidate_47_mask.tif
candidates/incident_77801/candidate_47/incident_77801_candidate_47_after.tif
candidates/incident_77801/candidate_47/incident_77801_candidate_47_before.tif
candidates/incident_77801/candidate_46/incident_77801_candidate_46_before.tif
candidates/incident_77801/candidate_48/incident_77801_candidate_48_mask.tif
candidates/incident_77801/candidate_48/incident_77801_candidate_48_after.tif
candidates/incident_77801/candidate_48/incident_77801_candidate_48_slope.tif
candidates/incident_77801/candidate_48/incident_77801_candidate_48_before.tif
candidates/incident_77801/candidate_49/incident_77801_candidate_49_mask.tif
candidates/incident_77801/candidate_49/incident_77801_candidate_49_slope.tif
candidates/incident_77801/candidate_49/incident_77801_candidate_49_before.tif
candidates/incident_77801/candidate_5/incident_77801_candidate_5_mask.tif
candidates/incident_77801/candidate_5/incident_77801_candidate_5_slope.tif
candidates/incident_77801/candidate_5/incident_77801_candidate_5_after.tif
candidates/incident_77801/candidate_5/incident_77801_candidate_5_before.tif
candidates/incident_77801/candidate_50/incident_77801_candidate_50_mask.tif
candidates/incident_77801/candidate_50/incident_77801_candidate_50_after.tif
candidates/incident_77801/candidate_49/incident_77801_candidate_49_after.tif
candidates/incident_77801/candidate_50/incident_77801_candidate_50_slope.tif
candidates/incident_77801/candidate_50/incident_77801_candidate_50_before.tif
candidates/incident_77801/candidate_51/incident_77801_candidate_51_mask.tif
candidates/incident_77801/candidate_51/incident_77801_candidate_51_slope.tif
candidates/incident_77801/candidate_51/incident_77801_candidate_51_after.tif
candidates/incident_77801/candidate_52/incident_77801_candidate_52_slope.tif
candidates/incident_77801/candidate_52/incident_77801_candidate_52_mask.tif
candidates/incident_77801/candidate_52/incident_77801_candidate_52_before.tif
candidates/incident_77801/candidate_53/incident_77801_candidate_53_mask.tif
candidates/incident_77801/candidate_53/incident_77801_candidate_53_after.tif
candidates/incident_77801/candidate_52/incident_77801_candidate_52_after.tif
candidates/incident_77801/candidate_53/incident_77801_candidate_53_slope.tif
candidates/incident_77801/candidate_51/incident_77801_candidate_51_before.tif
candidates/incident_77801/candidate_53/incident_77801_candidate_53_before.tif
candidates/incident_77801/candidate_54/incident_77801_candidate_54_after.tif
candidates/incident_77801/candidate_54/incident_77801_candidate_54_slope.tif
candidates/incident_77801/candidate_54/incident_77801_candidate_54_mask.tif
candidates/incident_77801/candidate_55/incident_77801_candidate_55_mask.tif
candidates/incident_77801/candidate_55/incident_77801_candidate_55_slope.tif
candidates/incident_77801/candidate_54/incident_77801_candidate_54_before.tif
candidates/incident_77801/candidate_55/incident_77801_candidate_55_after.tif
candidates/incident_77801/candidate_56/incident_77801_candidate_56_mask.tif
candidates/incident_77801/candidate_55/incident_77801_candidate_55_before.tif
candidates/incident_77801/candidate_56/incident_77801_candidate_56_slope.tif
candidates/incident_77801/candidate_56/incident_77801_candidate_56_after.tif
candidates/incident_77801/candidate_57/incident_77801_candidate_57_mask.tif
candidates/incident_77801/candidate_56/incident_77801_candidate_56_before.tif
candidates/incident_77801/candidate_57/incident_77801_candidate_57_after.tif
candidates/incident_77801/candidate_57/incident_77801_candidate_57_before.tif
candidates/incident_77801/candidate_57/incident_77801_candidate_57_slope.tif
candidates/incident_77801/candidate_58/incident_77801_candidate_58_mask.tif
candidates/incident_77801/candidate_58/incident_77801_candidate_58_slope.tif
candidates/incident_77801/candidate_58/incident_77801_candidate_58_after.tif
candidates/incident_77801/candidate_58/incident_77801_candidate_58_before.tif
candidates/incident_77801/candidate_59/incident_77801_candidate_59_mask.tif
candidates/incident_77801/candidate_59/incident_77801_candidate_59_before.tif
candidates/incident_77801/candidate_59/incident_77801_candidate_59_slope.tif
candidates/incident_77801/candidate_59/incident_77801_candidate_59_after.tif
candidates/incident_77801/candidate_6/incident_77801_candidate_6_mask.tif
candidates/incident_77801/candidate_6/incident_77801_candidate_6_slope.tif
candidates/incident_77801/candidate_6/incident_77801_candidate_6_after.tif
candidates/incident_77801/candidate_6/incident_77801_candidate_6_before.tif
candidates/incident_77801/candidate_60/incident_77801_candidate_60_mask.tif
candidates/incident_77801/candidate_60/incident_77801_candidate_60_slope.tif
candidates/incident_77801/candidate_60/incident_77801_candidate_60_after.tif
candidates/incident_77801/candidate_60/incident_77801_candidate_60_before.tif
candidates/incident_77801/candidate_61/incident_77801_candidate_61_mask.tif
candidates/incident_77801/candidate_61/incident_77801_candidate_61_after.tif
candidates/incident_77801/candidate_61/incident_77801_candidate_61_slope.tif
candidates/incident_77801/candidate_62/incident_77801_candidate_62_mask.tif
candidates/incident_77801/candidate_62/incident_77801_candidate_62_slope.tif
candidates/incident_77801/candidate_62/incident_77801_candidate_62_before.tif
candidates/incident_77801/candidate_61/incident_77801_candidate_61_before.tif
candidates/incident_77801/candidate_63/incident_77801_candidate_63_mask.tif
candidates/incident_77801/candidate_63/incident_77801_candidate_63_slope.tif
candidates/incident_77801/candidate_63/incident_77801_candidate_63_after.tif
candidates/incident_77801/candidate_63/incident_77801_candidate_63_before.tif
candidates/incident_77801/candidate_62/incident_77801_candidate_62_after.tif
candidates/incident_77801/candidate_64/incident_77801_candidate_64_mask.tif
candidates/incident_77801/candidate_64/incident_77801_candidate_64_slope.tif
candidates/incident_77801/candidate_65/incident_77801_candidate_65_mask.tif
candidates/incident_77801/candidate_65/incident_77801_candidate_65_slope.tif
candidates/incident_77801/candidate_64/incident_77801_candidate_64_after.tif
candidates/incident_77801/candidate_64/incident_77801_candidate_64_before.tif
candidates/incident_77801/candidate_65/incident_77801_candidate_65_before.tif
candidates/incident_77801/candidate_66/incident_77801_candidate_66_mask.tif
candidates/incident_77801/candidate_66/incident_77801_candidate_66_slope.tif
candidates/incident_77801/candidate_66/incident_77801_candidate_66_before.tif
candidates/incident_77801/candidate_66/incident_77801_candidate_66_after.tif
candidates/incident_77801/candidate_65/incident_77801_candidate_65_after.tif
candidates/incident_77801/candidate_67/incident_77801_candidate_67_mask.tif
candidates/incident_77801/candidate_67/incident_77801_candidate_67_slope.tif
candidates/incident_77801/candidate_67/incident_77801_candidate_67_before.tif
candidates/incident_77801/candidate_67/incident_77801_candidate_67_after.tif
candidates/incident_77801/candidate_68/incident_77801_candidate_68_mask.tif
candidates/incident_77801/candidate_68/incident_77801_candidate_68_slope.tif
candidates/incident_77801/candidate_68/incident_77801_candidate_68_after.tif
candidates/incident_77801/candidate_69/incident_77801_candidate_69_mask.tif
candidates/incident_77801/candidate_69/incident_77801_candidate_69_slope.tif
candidates/incident_77801/candidate_68/incident_77801_candidate_68_before.tif
candidates/incident_77801/candidate_69/incident_77801_candidate_69_after.tif
candidates/incident_77801/candidate_7/incident_77801_candidate_7_mask.tif
candidates/incident_77801/candidate_69/incident_77801_candidate_69_before.tif
candidates/incident_77801/candidate_7/incident_77801_candidate_7_slope.tif
candidates/incident_77801/candidate_70/incident_77801_candidate_70_mask.tif
candidates/incident_77801/candidate_70/incident_77801_candidate_70_slope.tif
candidates/incident_77801/candidate_7/incident_77801_candidate_7_after.tif
candidates/incident_77801/candidate_70/incident_77801_candidate_70_after.tif
candidates/incident_77801/candidate_70/incident_77801_candidate_70_before.tif
candidates/incident_77801/candidate_71/incident_77801_candidate_71_after.tif
candidates/incident_77801/candidate_71/incident_77801_candidate_71_mask.tif
candidates/incident_77801/candidate_71/incident_77801_candidate_71_slope.tif
candidates/incident_77801/candidate_71/incident_77801_candidate_71_before.tif
candidates/incident_77801/candidate_72/incident_77801_candidate_72_mask.tif
candidates/incident_77801/candidate_7/incident_77801_candidate_7_before.tif
candidates/incident_77801/candidate_72/incident_77801_candidate_72_after.tif
candidates/incident_77801/candidate_72/incident_77801_candidate_72_slope.tif
candidates/incident_77801/candidate_72/incident_77801_candidate_72_before.tif
candidates/incident_77801/candidate_73/incident_77801_candidate_73_mask.tif
candidates/incident_77801/candidate_73/incident_77801_candidate_73_slope.tif
candidates/incident_77801/candidate_73/incident_77801_candidate_73_before.tif
candidates/incident_77801/candidate_73/incident_77801_candidate_73_after.tif
candidates/incident_77801/candidate_74/incident_77801_candidate_74_slope.tif
candidates/incident_77801/candidate_74/incident_77801_candidate_74_mask.tif
candidates/incident_77801/candidate_74/incident_77801_candidate_74_after.tif
candidates/incident_77801/candidate_75/incident_77801_candidate_75_mask.tif
candidates/incident_77801/candidate_75/incident_77801_candidate_75_slope.tif
candidates/incident_77801/candidate_75/incident_77801_candidate_75_after.tif
candidates/incident_77801/candidate_75/incident_77801_candidate_75_before.tif
candidates/incident_77801/candidate_74/incident_77801_candidate_74_before.tif
candidates/incident_77801/candidate_76/incident_77801_candidate_76_mask.tif
candidates/incident_77801/candidate_76/incident_77801_candidate_76_before.tif
candidates/incident_77801/candidate_77/incident_77801_candidate_77_mask.tif
candidates/incident_77801/candidate_76/incident_77801_candidate_76_slope.tif
candidates/incident_77801/candidate_77/incident_77801_candidate_77_slope.tif
candidates/incident_77801/candidate_77/incident_77801_candidate_77_before.tif
candidates/incident_77801/candidate_76/incident_77801_candidate_76_after.tif
candidates/incident_77801/candidate_78/incident_77801_candidate_78_mask.tif
candidates/incident_77801/candidate_78/incident_77801_candidate_78_after.tif
candidates/incident_77801/candidate_78/incident_77801_candidate_78_slope.tif
candidates/incident_77801/candidate_77/incident_77801_candidate_77_after.tif
candidates/incident_77801/candidate_78/incident_77801_candidate_78_before.tif
candidates/incident_77801/candidate_79/incident_77801_candidate_79_mask.tif
candidates/incident_77801/candidate_79/incident_77801_candidate_79_slope.tif
candidates/incident_77801/candidate_79/incident_77801_candidate_79_after.tif
candidates/incident_77801/candidate_79/incident_77801_candidate_79_before.tif
candidates/incident_77801/candidate_8/incident_77801_candidate_8_mask.tif
candidates/incident_77801/candidate_8/incident_77801_candidate_8_slope.tif
candidates/incident_77801/candidate_8/incident_77801_candidate_8_after.tif
candidates/incident_77801/candidate_8/incident_77801_candidate_8_before.tif
candidates/incident_77801/candidate_80/incident_77801_candidate_80_mask.tif
candidates/incident_77801/candidate_80/incident_77801_candidate_80_slope.tif
candidates/incident_77801/candidate_9/incident_77801_candidate_9_mask.tif
candidates/incident_77801/candidate_9/incident_77801_candidate_9_slope.tif
candidates/incident_77801/candidate_9/incident_77801_candidate_9_after.tif
candidates/incident_77801/candidate_80/incident_77801_candidate_80_after.tif
candidates/incident_77801/candidate_80/incident_77801_candidate_80_before.tif
candidates/incident_77801/candidate_9/incident_77801_candidate_9_before.tif
candidates/incident_78671/candidate_1/incident_78671_candidate_1_mask.tif
candidates/incident_78671/candidate_1/incident_78671_candidate_1_slope.tif
candidates/incident_78671/candidate_10/incident_78671_candidate_10_mask.tif
candidates/incident_78671/candidate_1/incident_78671_candidate_1_before.tif
candidates/incident_78671/candidate_10/incident_78671_candidate_10_slope.tif
candidates/incident_78671/candidate_10/incident_78671_candidate_10_before.tif
candidates/incident_78671/candidate_10/incident_78671_candidate_10_after.tif
candidates/incident_78671/candidate_2/incident_78671_candidate_2_mask.tif
candidates/incident_78671/candidate_2/incident_78671_candidate_2_after.tif
candidates/incident_78671/candidate_2/incident_78671_candidate_2_slope.tif
candidates/incident_78671/candidate_2/incident_78671_candidate_2_before.tif
candidates/incident_78671/candidate_3/incident_78671_candidate_3_mask.tif
candidates/incident_78671/candidate_1/incident_78671_candidate_1_after.tif
candidates/incident_78671/candidate_3/incident_78671_candidate_3_slope.tif
candidates/incident_78671/candidate_3/incident_78671_candidate_3_before.tif
candidates/incident_78671/candidate_4/incident_78671_candidate_4_mask.tif
candidates/incident_78671/candidate_3/incident_78671_candidate_3_after.tif
candidates/incident_78671/candidate_4/incident_78671_candidate_4_slope.tif
candidates/incident_78671/candidate_4/incident_78671_candidate_4_after.tif
candidates/incident_78671/candidate_4/incident_78671_candidate_4_before.tif
candidates/incident_78671/candidate_5/incident_78671_candidate_5_mask.tif
candidates/incident_78671/candidate_5/incident_78671_candidate_5_before.tif
candidates/incident_78671/candidate_5/incident_78671_candidate_5_slope.tif
candidates/incident_78671/candidate_5/incident_78671_candidate_5_after.tif
candidates/incident_78671/candidate_6/incident_78671_candidate_6_mask.tif
candidates/incident_78671/candidate_6/incident_78671_candidate_6_slope.tif
candidates/incident_78671/candidate_6/incident_78671_candidate_6_after.tif
candidates/incident_78671/candidate_7/incident_78671_candidate_7_mask.tif
candidates/incident_78671/candidate_6/incident_78671_candidate_6_before.tif
candidates/incident_78671/candidate_7/incident_78671_candidate_7_slope.tif
candidates/incident_78671/candidate_8/incident_78671_candidate_8_mask.tif
candidates/incident_78671/candidate_7/incident_78671_candidate_7_before.tif
candidates/incident_78671/candidate_7/incident_78671_candidate_7_after.tif
candidates/incident_78671/candidate_8/incident_78671_candidate_8_after.tif
candidates/incident_78671/candidate_8/incident_78671_candidate_8_before.tif
candidates/incident_78671/candidate_8/incident_78671_candidate_8_slope.tif
candidates/incident_78671/candidate_9/incident_78671_candidate_9_mask.tif
candidates/incident_78671/candidate_9/incident_78671_candidate_9_after.tif
candidates/incident_78671/candidate_9/incident_78671_candidate_9_slope.tif
candidates/incident_78671/candidate_9/incident_78671_candidate_9_before.tif
candidates/incident_78747/candidate_1/incident_78747_candidate_1_mask.tif
candidates/incident_78747/candidate_1/incident_78747_candidate_1_slope.tif
candidates/incident_78747/candidate_10/incident_78747_candidate_10_slope.tif
candidates/incident_78747/candidate_10/incident_78747_candidate_10_mask.tif
candidates/incident_78747/candidate_1/incident_78747_candidate_1_after.tif
candidates/incident_78747/candidate_1/incident_78747_candidate_1_before.tif
candidates/incident_78747/candidate_10/incident_78747_candidate_10_after.tif
candidates/incident_78747/candidate_11/incident_78747_candidate_11_before.tif
candidates/incident_78747/candidate_11/incident_78747_candidate_11_mask.tif
candidates/incident_78747/candidate_11/incident_78747_candidate_11_slope.tif
candidates/incident_78747/candidate_12/incident_78747_candidate_12_mask.tif
candidates/incident_78747/candidate_11/incident_78747_candidate_11_after.tif
candidates/incident_78747/candidate_12/incident_78747_candidate_12_before.tif
candidates/incident_78747/candidate_12/incident_78747_candidate_12_slope.tif
candidates/incident_78747/candidate_10/incident_78747_candidate_10_before.tif
candidates/incident_78747/candidate_13/incident_78747_candidate_13_mask.tif
candidates/incident_78747/candidate_13/incident_78747_candidate_13_before.tif
candidates/incident_78747/candidate_13/incident_78747_candidate_13_slope.tif
candidates/incident_78747/candidate_12/incident_78747_candidate_12_after.tif
candidates/incident_78747/candidate_14/incident_78747_candidate_14_mask.tif
candidates/incident_78747/candidate_13/incident_78747_candidate_13_after.tif
candidates/incident_78747/candidate_14/incident_78747_candidate_14_slope.tif
candidates/incident_78747/candidate_14/incident_78747_candidate_14_before.tif
candidates/incident_78747/candidate_15/incident_78747_candidate_15_mask.tif
candidates/incident_78747/candidate_15/incident_78747_candidate_15_slope.tif
candidates/incident_78747/candidate_14/incident_78747_candidate_14_after.tif
candidates/incident_78747/candidate_15/incident_78747_candidate_15_after.tif
candidates/incident_78747/candidate_15/incident_78747_candidate_15_before.tif
candidates/incident_78747/candidate_16/incident_78747_candidate_16_mask.tif
candidates/incident_78747/candidate_16/incident_78747_candidate_16_slope.tif
candidates/incident_78747/candidate_16/incident_78747_candidate_16_after.tif
candidates/incident_78747/candidate_16/incident_78747_candidate_16_before.tif
candidates/incident_78747/candidate_17/incident_78747_candidate_17_mask.tif
candidates/incident_78747/candidate_17/incident_78747_candidate_17_slope.tif
candidates/incident_78747/candidate_17/incident_78747_candidate_17_after.tif
candidates/incident_78747/candidate_17/incident_78747_candidate_17_before.tif
candidates/incident_78747/candidate_18/incident_78747_candidate_18_mask.tif
candidates/incident_78747/candidate_18/incident_78747_candidate_18_slope.tif
candidates/incident_78747/candidate_18/incident_78747_candidate_18_before.tif
candidates/incident_78747/candidate_19/incident_78747_candidate_19_mask.tif
candidates/incident_78747/candidate_19/incident_78747_candidate_19_slope.tif
candidates/incident_78747/candidate_19/incident_78747_candidate_19_after.tif
candidates/incident_78747/candidate_19/incident_78747_candidate_19_before.tif
candidates/incident_78747/candidate_2/incident_78747_candidate_2_mask.tif
candidates/incident_78747/candidate_2/incident_78747_candidate_2_after.tif
candidates/incident_78747/candidate_2/incident_78747_candidate_2_slope.tif
candidates/incident_78747/candidate_2/incident_78747_candidate_2_before.tif
candidates/incident_78747/candidate_18/incident_78747_candidate_18_after.tif
candidates/incident_78747/candidate_20/incident_78747_candidate_20_mask.tif
candidates/incident_78747/candidate_20/incident_78747_candidate_20_slope.tif
candidates/incident_78747/candidate_20/incident_78747_candidate_20_before.tif
candidates/incident_78747/candidate_21/incident_78747_candidate_21_mask.tif
candidates/incident_78747/candidate_21/incident_78747_candidate_21_slope.tif
candidates/incident_78747/candidate_21/incident_78747_candidate_21_before.tif
candidates/incident_78747/candidate_20/incident_78747_candidate_20_after.tif
candidates/incident_78747/candidate_22/incident_78747_candidate_22_mask.tif
candidates/incident_78747/candidate_21/incident_78747_candidate_21_after.tif
candidates/incident_78747/candidate_22/incident_78747_candidate_22_slope.tif
candidates/incident_78747/candidate_22/incident_78747_candidate_22_after.tif
candidates/incident_78747/candidate_22/incident_78747_candidate_22_before.tif
candidates/incident_78747/candidate_23/incident_78747_candidate_23_mask.tif
candidates/incident_78747/candidate_23/incident_78747_candidate_23_slope.tif
candidates/incident_78747/candidate_23/incident_78747_candidate_23_before.tif
candidates/incident_78747/candidate_24/incident_78747_candidate_24_mask.tif
candidates/incident_78747/candidate_24/incident_78747_candidate_24_slope.tif
candidates/incident_78747/candidate_23/incident_78747_candidate_23_after.tif
candidates/incident_78747/candidate_24/incident_78747_candidate_24_after.tif
candidates/incident_78747/candidate_24/incident_78747_candidate_24_before.tif
candidates/incident_78747/candidate_25/incident_78747_candidate_25_mask.tif
candidates/incident_78747/candidate_25/incident_78747_candidate_25_slope.tif
candidates/incident_78747/candidate_25/incident_78747_candidate_25_after.tif
candidates/incident_78747/candidate_25/incident_78747_candidate_25_before.tif
candidates/incident_78747/candidate_26/incident_78747_candidate_26_mask.tif
candidates/incident_78747/candidate_26/incident_78747_candidate_26_slope.tif
candidates/incident_78747/candidate_26/incident_78747_candidate_26_after.tif
candidates/incident_78747/candidate_26/incident_78747_candidate_26_before.tif
candidates/incident_78747/candidate_27/incident_78747_candidate_27_mask.tif
candidates/incident_78747/candidate_27/incident_78747_candidate_27_slope.tif
candidates/incident_78747/candidate_27/incident_78747_candidate_27_after.tif
candidates/incident_78747/candidate_27/incident_78747_candidate_27_before.tif
candidates/incident_78747/candidate_28/incident_78747_candidate_28_mask.tif
candidates/incident_78747/candidate_28/incident_78747_candidate_28_slope.tif
candidates/incident_78747/candidate_28/incident_78747_candidate_28_after.tif
candidates/incident_78747/candidate_28/incident_78747_candidate_28_before.tif
candidates/incident_78747/candidate_29/incident_78747_candidate_29_mask.tif
candidates/incident_78747/candidate_29/incident_78747_candidate_29_slope.tif
candidates/incident_78747/candidate_3/incident_78747_candidate_3_mask.tif
candidates/incident_78747/candidate_29/incident_78747_candidate_29_before.tif
candidates/incident_78747/candidate_29/incident_78747_candidate_29_after.tif
candidates/incident_78747/candidate_3/incident_78747_candidate_3_slope.tif
candidates/incident_78747/candidate_3/incident_78747_candidate_3_after.tif
candidates/incident_78747/candidate_30/incident_78747_candidate_30_mask.tif
candidates/incident_78747/candidate_30/incident_78747_candidate_30_slope.tif
candidates/incident_78747/candidate_31/incident_78747_candidate_31_mask.tif
candidates/incident_78747/candidate_3/incident_78747_candidate_3_before.tif
candidates/incident_78747/candidate_31/incident_78747_candidate_31_after.tif
candidates/incident_78747/candidate_31/incident_78747_candidate_31_before.tif
candidates/incident_78747/candidate_30/incident_78747_candidate_30_after.tif
candidates/incident_78747/candidate_30/incident_78747_candidate_30_before.tif
candidates/incident_78747/candidate_31/incident_78747_candidate_31_slope.tif
candidates/incident_78747/candidate_32/incident_78747_candidate_32_mask.tif
candidates/incident_78747/candidate_32/incident_78747_candidate_32_after.tif
candidates/incident_78747/candidate_32/incident_78747_candidate_32_slope.tif
candidates/incident_78747/candidate_33/incident_78747_candidate_33_mask.tif
candidates/incident_78747/candidate_32/incident_78747_candidate_32_before.tif
candidates/incident_78747/candidate_33/incident_78747_candidate_33_slope.tif
candidates/incident_78747/candidate_33/incident_78747_candidate_33_after.tif
candidates/incident_78747/candidate_33/incident_78747_candidate_33_before.tif
candidates/incident_78747/candidate_34/incident_78747_candidate_34_mask.tif
candidates/incident_78747/candidate_34/incident_78747_candidate_34_slope.tif
candidates/incident_78747/candidate_34/incident_78747_candidate_34_before.tif
candidates/incident_78747/candidate_35/incident_78747_candidate_35_mask.tif
candidates/incident_78747/candidate_35/incident_78747_candidate_35_after.tif
candidates/incident_78747/candidate_35/incident_78747_candidate_35_before.tif
candidates/incident_78747/candidate_34/incident_78747_candidate_34_after.tif
candidates/incident_78747/candidate_35/incident_78747_candidate_35_slope.tif
candidates/incident_78747/candidate_36/incident_78747_candidate_36_mask.tif
candidates/incident_78747/candidate_36/incident_78747_candidate_36_after.tif
candidates/incident_78747/candidate_36/incident_78747_candidate_36_before.tif
candidates/incident_78747/candidate_36/incident_78747_candidate_36_slope.tif
candidates/incident_78747/candidate_37/incident_78747_candidate_37_mask.tif
candidates/incident_78747/candidate_37/incident_78747_candidate_37_slope.tif
candidates/incident_78747/candidate_37/incident_78747_candidate_37_after.tif
candidates/incident_78747/candidate_37/incident_78747_candidate_37_before.tif
candidates/incident_78747/candidate_4/incident_78747_candidate_4_mask.tif
candidates/incident_78747/candidate_4/incident_78747_candidate_4_slope.tif
candidates/incident_78747/candidate_4/incident_78747_candidate_4_before.tif
candidates/incident_78747/candidate_4/incident_78747_candidate_4_after.tif
candidates/incident_78747/candidate_5/incident_78747_candidate_5_mask.tif
candidates/incident_78747/candidate_5/incident_78747_candidate_5_slope.tif
candidates/incident_78747/candidate_5/incident_78747_candidate_5_after.tif
candidates/incident_78747/candidate_5/incident_78747_candidate_5_before.tif
candidates/incident_78747/candidate_6/incident_78747_candidate_6_mask.tif
candidates/incident_78747/candidate_6/incident_78747_candidate_6_before.tif
candidates/incident_78747/candidate_6/incident_78747_candidate_6_slope.tif
candidates/incident_78747/candidate_6/incident_78747_candidate_6_after.tif
candidates/incident_78747/candidate_7/incident_78747_candidate_7_mask.tif
candidates/incident_78747/candidate_7/incident_78747_candidate_7_slope.tif
candidates/incident_78747/candidate_7/incident_78747_candidate_7_before.tif
candidates/incident_78747/candidate_7/incident_78747_candidate_7_after.tif
candidates/incident_78747/candidate_8/incident_78747_candidate_8_slope.tif
candidates/incident_78747/candidate_8/incident_78747_candidate_8_mask.tif
candidates/incident_78747/candidate_8/incident_78747_candidate_8_before.tif
candidates/incident_78747/candidate_9/incident_78747_candidate_9_mask.tif
candidates/incident_78747/candidate_9/incident_78747_candidate_9_after.tif
candidates/incident_78747/candidate_9/incident_78747_candidate_9_slope.tif
candidates/incident_78747/candidate_8/incident_78747_candidate_8_after.tif
candidates/incident_78747/candidate_9/incident_78747_candidate_9_before.tif
candidates/incident_78748/candidate_1/incident_78748_candidate_1_mask.tif
candidates/incident_78748/candidate_1/incident_78748_candidate_1_slope.tif
candidates/incident_78748/candidate_1/incident_78748_candidate_1_before.tif
candidates/incident_78748/candidate_10/incident_78748_candidate_10_mask.tif
candidates/incident_78748/candidate_10/incident_78748_candidate_10_slope.tif
candidates/incident_78748/candidate_10/incident_78748_candidate_10_after.tif
candidates/incident_78748/candidate_1/incident_78748_candidate_1_after.tif
candidates/incident_78748/candidate_11/incident_78748_candidate_11_slope.tif
candidates/incident_78748/candidate_11/incident_78748_candidate_11_mask.tif
candidates/incident_78748/candidate_11/incident_78748_candidate_11_before.tif
candidates/incident_78748/candidate_12/incident_78748_candidate_12_mask.tif
candidates/incident_78748/candidate_12/incident_78748_candidate_12_after.tif
candidates/incident_78748/candidate_12/incident_78748_candidate_12_before.tif
candidates/incident_78748/candidate_10/incident_78748_candidate_10_before.tif
candidates/incident_78748/candidate_11/incident_78748_candidate_11_after.tif
candidates/incident_78748/candidate_12/incident_78748_candidate_12_slope.tif
candidates/incident_78748/candidate_13/incident_78748_candidate_13_mask.tif
candidates/incident_78748/candidate_13/incident_78748_candidate_13_slope.tif
candidates/incident_78748/candidate_13/incident_78748_candidate_13_before.tif
candidates/incident_78748/candidate_13/incident_78748_candidate_13_after.tif
candidates/incident_78748/candidate_14/incident_78748_candidate_14_slope.tif
candidates/incident_78748/candidate_14/incident_78748_candidate_14_mask.tif
candidates/incident_78748/candidate_14/incident_78748_candidate_14_after.tif
candidates/incident_78748/candidate_14/incident_78748_candidate_14_before.tif
candidates/incident_78748/candidate_15/incident_78748_candidate_15_slope.tif
candidates/incident_78748/candidate_15/incident_78748_candidate_15_mask.tif
candidates/incident_78748/candidate_15/incident_78748_candidate_15_after.tif
candidates/incident_78748/candidate_15/incident_78748_candidate_15_before.tif
candidates/incident_78748/candidate_16/incident_78748_candidate_16_mask.tif
candidates/incident_78748/candidate_16/incident_78748_candidate_16_slope.tif
candidates/incident_78748/candidate_16/incident_78748_candidate_16_after.tif
candidates/incident_78748/candidate_16/incident_78748_candidate_16_before.tif
candidates/incident_78748/candidate_17/incident_78748_candidate_17_mask.tif
candidates/incident_78748/candidate_17/incident_78748_candidate_17_slope.tif
candidates/incident_78748/candidate_17/incident_78748_candidate_17_after.tif
candidates/incident_78748/candidate_17/incident_78748_candidate_17_before.tif
candidates/incident_78748/candidate_18/incident_78748_candidate_18_mask.tif
candidates/incident_78748/candidate_18/incident_78748_candidate_18_slope.tif
candidates/incident_78748/candidate_18/incident_78748_candidate_18_after.tif
candidates/incident_78748/candidate_18/incident_78748_candidate_18_before.tif
candidates/incident_78748/candidate_19/incident_78748_candidate_19_mask.tif
candidates/incident_78748/candidate_19/incident_78748_candidate_19_slope.tif
candidates/incident_78748/candidate_19/incident_78748_candidate_19_before.tif
candidates/incident_78748/candidate_19/incident_78748_candidate_19_after.tif
candidates/incident_78748/candidate_2/incident_78748_candidate_2_slope.tif
candidates/incident_78748/candidate_2/incident_78748_candidate_2_mask.tif
candidates/incident_78748/candidate_2/incident_78748_candidate_2_after.tif
candidates/incident_78748/candidate_2/incident_78748_candidate_2_before.tif
candidates/incident_78748/candidate_20/incident_78748_candidate_20_mask.tif
candidates/incident_78748/candidate_20/incident_78748_candidate_20_after.tif
candidates/incident_78748/candidate_20/incident_78748_candidate_20_slope.tif
candidates/incident_78748/candidate_21/incident_78748_candidate_21_mask.tif
candidates/incident_78748/candidate_21/incident_78748_candidate_21_slope.tif
candidates/incident_78748/candidate_20/incident_78748_candidate_20_before.tif
candidates/incident_78748/candidate_21/incident_78748_candidate_21_after.tif
candidates/incident_78748/candidate_21/incident_78748_candidate_21_before.tif
candidates/incident_78748/candidate_22/incident_78748_candidate_22_slope.tif
candidates/incident_78748/candidate_22/incident_78748_candidate_22_mask.tif
candidates/incident_78748/candidate_22/incident_78748_candidate_22_before.tif
candidates/incident_78748/candidate_23/incident_78748_candidate_23_mask.tif
candidates/incident_78748/candidate_23/incident_78748_candidate_23_slope.tif
candidates/incident_78748/candidate_22/incident_78748_candidate_22_after.tif
candidates/incident_78748/candidate_23/incident_78748_candidate_23_before.tif
candidates/incident_78748/candidate_23/incident_78748_candidate_23_after.tif
candidates/incident_78748/candidate_24/incident_78748_candidate_24_mask.tif
candidates/incident_78748/candidate_24/incident_78748_candidate_24_slope.tif
candidates/incident_78748/candidate_24/incident_78748_candidate_24_after.tif
candidates/incident_78748/candidate_25/incident_78748_candidate_25_mask.tif
candidates/incident_78748/candidate_25/incident_78748_candidate_25_slope.tif
candidates/incident_78748/candidate_25/incident_78748_candidate_25_after.tif
candidates/incident_78748/candidate_24/incident_78748_candidate_24_before.tif
candidates/incident_78748/candidate_25/incident_78748_candidate_25_before.tif
candidates/incident_78748/candidate_26/incident_78748_candidate_26_mask.tif
candidates/incident_78748/candidate_26/incident_78748_candidate_26_before.tif
candidates/incident_78748/candidate_26/incident_78748_candidate_26_slope.tif
candidates/incident_78748/candidate_27/incident_78748_candidate_27_mask.tif
candidates/incident_78748/candidate_26/incident_78748_candidate_26_after.tif
candidates/incident_78748/candidate_27/incident_78748_candidate_27_slope.tif
candidates/incident_78748/candidate_27/incident_78748_candidate_27_after.tif
candidates/incident_78748/candidate_28/incident_78748_candidate_28_mask.tif
candidates/incident_78748/candidate_28/incident_78748_candidate_28_slope.tif
candidates/incident_78748/candidate_28/incident_78748_candidate_28_after.tif
candidates/incident_78748/candidate_27/incident_78748_candidate_27_before.tif
candidates/incident_78748/candidate_3/incident_78748_candidate_3_mask.tif
candidates/incident_78748/candidate_3/incident_78748_candidate_3_after.tif
candidates/incident_78748/candidate_28/incident_78748_candidate_28_before.tif
candidates/incident_78748/candidate_3/incident_78748_candidate_3_slope.tif
candidates/incident_78748/candidate_4/incident_78748_candidate_4_mask.tif
candidates/incident_78748/candidate_3/incident_78748_candidate_3_before.tif
candidates/incident_78748/candidate_4/incident_78748_candidate_4_slope.tif
candidates/incident_78748/candidate_4/incident_78748_candidate_4_before.tif
candidates/incident_78748/candidate_4/incident_78748_candidate_4_after.tif
candidates/incident_78748/candidate_5/incident_78748_candidate_5_mask.tif
candidates/incident_78748/candidate_5/incident_78748_candidate_5_slope.tif
candidates/incident_78748/candidate_5/incident_78748_candidate_5_before.tif
candidates/incident_78748/candidate_6/incident_78748_candidate_6_slope.tif
candidates/incident_78748/candidate_6/incident_78748_candidate_6_mask.tif
candidates/incident_78748/candidate_6/incident_78748_candidate_6_before.tif
candidates/incident_78748/candidate_7/incident_78748_candidate_7_mask.tif
candidates/incident_78748/candidate_5/incident_78748_candidate_5_after.tif
candidates/incident_78748/candidate_7/incident_78748_candidate_7_slope.tif
candidates/incident_78748/candidate_7/incident_78748_candidate_7_after.tif
candidates/incident_78748/candidate_6/incident_78748_candidate_6_after.tif
candidates/incident_78748/candidate_8/incident_78748_candidate_8_mask.tif
candidates/incident_78748/candidate_8/incident_78748_candidate_8_after.tif
candidates/incident_78748/candidate_8/incident_78748_candidate_8_slope.tif
candidates/incident_78748/candidate_7/incident_78748_candidate_7_before.tif
candidates/incident_78748/candidate_8/incident_78748_candidate_8_before.tif
candidates/incident_78748/candidate_9/incident_78748_candidate_9_after.tif
candidates/incident_78748/candidate_9/incident_78748_candidate_9_mask.tif
candidates/incident_78748/candidate_9/incident_78748_candidate_9_slope.tif
candidates/incident_78844/candidate_1/incident_78844_candidate_1_mask.tif
candidates/incident_78748/candidate_9/incident_78748_candidate_9_before.tif
candidates/incident_78844/candidate_1/incident_78844_candidate_1_slope.tif
candidates/incident_78844/candidate_10/incident_78844_candidate_10_mask.tif
candidates/incident_78844/candidate_10/incident_78844_candidate_10_slope.tif
candidates/incident_78844/candidate_10/incident_78844_candidate_10_before.tif
candidates/incident_78844/candidate_1/incident_78844_candidate_1_before.tif
candidates/incident_78844/candidate_1/incident_78844_candidate_1_after.tif
candidates/incident_78844/candidate_11/incident_78844_candidate_11_mask.tif
candidates/incident_78844/candidate_11/incident_78844_candidate_11_slope.tif
candidates/incident_78844/candidate_10/incident_78844_candidate_10_after.tif
candidates/incident_78844/candidate_11/incident_78844_candidate_11_after.tif
candidates/incident_78844/candidate_2/incident_78844_candidate_2_mask.tif
candidates/incident_78844/candidate_11/incident_78844_candidate_11_before.tif
candidates/incident_78844/candidate_2/incident_78844_candidate_2_slope.tif
candidates/incident_78844/candidate_2/incident_78844_candidate_2_before.tif
candidates/incident_78844/candidate_3/incident_78844_candidate_3_mask.tif
candidates/incident_78844/candidate_2/incident_78844_candidate_2_after.tif
candidates/incident_78844/candidate_3/incident_78844_candidate_3_slope.tif
candidates/incident_78844/candidate_3/incident_78844_candidate_3_after.tif
candidates/incident_78844/candidate_4/incident_78844_candidate_4_mask.tif
candidates/incident_78844/candidate_4/incident_78844_candidate_4_slope.tif
candidates/incident_78844/candidate_3/incident_78844_candidate_3_before.tif
candidates/incident_78844/candidate_5/incident_78844_candidate_5_mask.tif
candidates/incident_78844/candidate_5/incident_78844_candidate_5_slope.tif
candidates/incident_78844/candidate_5/incident_78844_candidate_5_before.tif
candidates/incident_78844/candidate_5/incident_78844_candidate_5_after.tif
candidates/incident_78844/candidate_4/incident_78844_candidate_4_before.tif
candidates/incident_78844/candidate_6/incident_78844_candidate_6_mask.tif
candidates/incident_78844/candidate_6/incident_78844_candidate_6_slope.tif
candidates/incident_78844/candidate_6/incident_78844_candidate_6_before.tif
candidates/incident_78844/candidate_4/incident_78844_candidate_4_after.tif
candidates/incident_78844/candidate_6/incident_78844_candidate_6_after.tif
candidates/incident_78844/candidate_7/incident_78844_candidate_7_mask.tif
candidates/incident_78844/candidate_7/incident_78844_candidate_7_slope.tif
candidates/incident_78844/candidate_7/incident_78844_candidate_7_after.tif
candidates/incident_78844/candidate_8/incident_78844_candidate_8_mask.tif
candidates/incident_78844/candidate_8/incident_78844_candidate_8_slope.tif
candidates/incident_78844/candidate_8/incident_78844_candidate_8_before.tif
candidates/incident_78844/candidate_7/incident_78844_candidate_7_before.tif
candidates/incident_78844/candidate_9/incident_78844_candidate_9_after.tif
candidates/incident_78844/candidate_9/incident_78844_candidate_9_mask.tif
candidates/incident_78844/candidate_9/incident_78844_candidate_9_slope.tif
candidates/incident_78844/candidate_9/incident_78844_candidate_9_before.tif
candidates/incident_78844/candidate_8/incident_78844_candidate_8_after.tif
candidates/incident_78920/candidate_1/incident_78920_candidate_1_mask.tif
candidates/incident_78920/candidate_1/incident_78920_candidate_1_slope.tif
candidates/incident_78920/candidate_2/incident_78920_candidate_2_mask.tif
candidates/incident_78920/candidate_2/incident_78920_candidate_2_slope.tif
candidates/incident_78920/candidate_1/incident_78920_candidate_1_after.tif
candidates/incident_78920/candidate_2/incident_78920_candidate_2_after.tif
candidates/incident_78920/candidate_1/incident_78920_candidate_1_before.tif
candidates/incident_78920/candidate_2/incident_78920_candidate_2_before.tif
candidates/incident_78920/candidate_3/incident_78920_candidate_3_mask.tif
candidates/incident_78920/candidate_3/incident_78920_candidate_3_slope.tif
candidates/incident_78921/candidate_1/incident_78921_candidate_1_slope.tif
candidates/incident_78920/candidate_3/incident_78920_candidate_3_after.tif
candidates/incident_78921/candidate_1/incident_78921_candidate_1_mask.tif
candidates/incident_78921/candidate_1/incident_78921_candidate_1_before.tif
candidates/incident_78921/candidate_1/incident_78921_candidate_1_after.tif
candidates/incident_78921/candidate_10/incident_78921_candidate_10_mask.tif
candidates/incident_78921/candidate_10/incident_78921_candidate_10_slope.tif
candidates/incident_78921/candidate_10/incident_78921_candidate_10_after.tif
candidates/incident_78921/candidate_10/incident_78921_candidate_10_before.tif
candidates/incident_78921/candidate_11/incident_78921_candidate_11_after.tif
candidates/incident_78921/candidate_11/incident_78921_candidate_11_mask.tif
candidates/incident_78920/candidate_3/incident_78920_candidate_3_before.tif
candidates/incident_78921/candidate_11/incident_78921_candidate_11_slope.tif
candidates/incident_78921/candidate_12/incident_78921_candidate_12_mask.tif
candidates/incident_78921/candidate_11/incident_78921_candidate_11_before.tif
candidates/incident_78921/candidate_12/incident_78921_candidate_12_slope.tif
candidates/incident_78921/candidate_12/incident_78921_candidate_12_after.tif
candidates/incident_78921/candidate_13/incident_78921_candidate_13_mask.tif
candidates/incident_78921/candidate_12/incident_78921_candidate_12_before.tif
candidates/incident_78921/candidate_13/incident_78921_candidate_13_slope.tif
candidates/incident_78921/candidate_13/incident_78921_candidate_13_after.tif
candidates/incident_78921/candidate_14/incident_78921_candidate_14_mask.tif
candidates/incident_78921/candidate_14/incident_78921_candidate_14_slope.tif
candidates/incident_78921/candidate_14/incident_78921_candidate_14_after.tif
candidates/incident_78921/candidate_15/incident_78921_candidate_15_mask.tif
candidates/incident_78921/candidate_14/incident_78921_candidate_14_before.tif
candidates/incident_78921/candidate_13/incident_78921_candidate_13_before.tif
candidates/incident_78921/candidate_15/incident_78921_candidate_15_slope.tif
candidates/incident_78921/candidate_15/incident_78921_candidate_15_after.tif
candidates/incident_78921/candidate_15/incident_78921_candidate_15_before.tif
candidates/incident_78921/candidate_16/incident_78921_candidate_16_slope.tif
candidates/incident_78921/candidate_16/incident_78921_candidate_16_mask.tif
candidates/incident_78921/candidate_16/incident_78921_candidate_16_after.tif
candidates/incident_78921/candidate_16/incident_78921_candidate_16_before.tif
candidates/incident_78921/candidate_17/incident_78921_candidate_17_mask.tif
candidates/incident_78921/candidate_17/incident_78921_candidate_17_slope.tif
candidates/incident_78921/candidate_17/incident_78921_candidate_17_after.tif
candidates/incident_78921/candidate_17/incident_78921_candidate_17_before.tif
candidates/incident_78921/candidate_18/incident_78921_candidate_18_mask.tif
candidates/incident_78921/candidate_18/incident_78921_candidate_18_slope.tif
candidates/incident_78921/candidate_18/incident_78921_candidate_18_after.tif
candidates/incident_78921/candidate_18/incident_78921_candidate_18_before.tif
candidates/incident_78921/candidate_19/incident_78921_candidate_19_mask.tif
candidates/incident_78921/candidate_19/incident_78921_candidate_19_after.tif
candidates/incident_78921/candidate_19/incident_78921_candidate_19_slope.tif
candidates/incident_78921/candidate_19/incident_78921_candidate_19_before.tif
candidates/incident_78921/candidate_2/incident_78921_candidate_2_mask.tif
candidates/incident_78921/candidate_2/incident_78921_candidate_2_slope.tif
candidates/incident_78921/candidate_20/incident_78921_candidate_20_mask.tif
candidates/incident_78921/candidate_2/incident_78921_candidate_2_after.tif
candidates/incident_78921/candidate_20/incident_78921_candidate_20_slope.tif
candidates/incident_78921/candidate_20/incident_78921_candidate_20_after.tif
candidates/incident_78921/candidate_20/incident_78921_candidate_20_before.tif
candidates/incident_78921/candidate_2/incident_78921_candidate_2_before.tif
candidates/incident_78921/candidate_21/incident_78921_candidate_21_mask.tif
candidates/incident_78921/candidate_21/incident_78921_candidate_21_before.tif
candidates/incident_78921/candidate_21/incident_78921_candidate_21_slope.tif
candidates/incident_78921/candidate_3/incident_78921_candidate_3_mask.tif
candidates/incident_78921/candidate_3/incident_78921_candidate_3_slope.tif
candidates/incident_78921/candidate_21/incident_78921_candidate_21_after.tif
candidates/incident_78921/candidate_3/incident_78921_candidate_3_after.tif
candidates/incident_78921/candidate_4/incident_78921_candidate_4_mask.tif
candidates/incident_78921/candidate_3/incident_78921_candidate_3_before.tif
candidates/incident_78921/candidate_4/incident_78921_candidate_4_after.tif
candidates/incident_78921/candidate_4/incident_78921_candidate_4_slope.tif
candidates/incident_78921/candidate_5/incident_78921_candidate_5_mask.tif
candidates/incident_78921/candidate_5/incident_78921_candidate_5_slope.tif
candidates/incident_78921/candidate_5/incident_78921_candidate_5_after.tif
candidates/incident_78921/candidate_6/incident_78921_candidate_6_mask.tif
candidates/incident_78921/candidate_4/incident_78921_candidate_4_before.tif
candidates/incident_78921/candidate_6/incident_78921_candidate_6_slope.tif
candidates/incident_78921/candidate_6/incident_78921_candidate_6_after.tif
candidates/incident_78921/candidate_5/incident_78921_candidate_5_before.tif
candidates/incident_78921/candidate_6/incident_78921_candidate_6_before.tif
candidates/incident_78921/candidate_7/incident_78921_candidate_7_mask.tif
candidates/incident_78921/candidate_7/incident_78921_candidate_7_slope.tif
candidates/incident_78921/candidate_8/incident_78921_candidate_8_mask.tif
candidates/incident_78921/candidate_7/incident_78921_candidate_7_before.tif
candidates/incident_78921/candidate_7/incident_78921_candidate_7_after.tif
candidates/incident_78921/candidate_8/incident_78921_candidate_8_before.tif
candidates/incident_78921/candidate_8/incident_78921_candidate_8_slope.tif
candidates/incident_78921/candidate_8/incident_78921_candidate_8_after.tif
candidates/incident_78921/candidate_9/incident_78921_candidate_9_mask.tif
candidates/incident_78921/candidate_9/incident_78921_candidate_9_slope.tif
candidates/incident_78933/candidate_1/incident_78933_candidate_1_slope.tif
candidates/incident_78921/candidate_9/incident_78921_candidate_9_before.tif
candidates/incident_78933/candidate_1/incident_78933_candidate_1_mask.tif
candidates/incident_78921/candidate_9/incident_78921_candidate_9_after.tif
candidates/incident_78933/candidate_10/incident_78933_candidate_10_slope.tif
candidates/incident_78933/candidate_1/incident_78933_candidate_1_before.tif
candidates/incident_78933/candidate_10/incident_78933_candidate_10_mask.tif
candidates/incident_78933/candidate_1/incident_78933_candidate_1_after.tif
candidates/incident_78933/candidate_11/incident_78933_candidate_11_after.tif
candidates/incident_78933/candidate_11/incident_78933_candidate_11_mask.tif
candidates/incident_78933/candidate_11/incident_78933_candidate_11_slope.tif
candidates/incident_78933/candidate_10/incident_78933_candidate_10_before.tif
candidates/incident_78933/candidate_10/incident_78933_candidate_10_after.tif
candidates/incident_78933/candidate_11/incident_78933_candidate_11_before.tif
candidates/incident_78933/candidate_12/incident_78933_candidate_12_mask.tif
candidates/incident_78933/candidate_12/incident_78933_candidate_12_slope.tif
candidates/incident_78933/candidate_12/incident_78933_candidate_12_before.tif
candidates/incident_78933/candidate_13/incident_78933_candidate_13_mask.tif
candidates/incident_78933/candidate_13/incident_78933_candidate_13_slope.tif
candidates/incident_78933/candidate_13/incident_78933_candidate_13_before.tif
candidates/incident_78933/candidate_12/incident_78933_candidate_12_after.tif
candidates/incident_78933/candidate_13/incident_78933_candidate_13_after.tif
candidates/incident_78933/candidate_14/incident_78933_candidate_14_slope.tif
candidates/incident_78933/candidate_14/incident_78933_candidate_14_mask.tif
candidates/incident_78933/candidate_15/incident_78933_candidate_15_after.tif
candidates/incident_78933/candidate_14/incident_78933_candidate_14_before.tif
candidates/incident_78933/candidate_15/incident_78933_candidate_15_mask.tif
candidates/incident_78933/candidate_15/incident_78933_candidate_15_before.tif
candidates/incident_78933/candidate_15/incident_78933_candidate_15_slope.tif
candidates/incident_78933/candidate_14/incident_78933_candidate_14_after.tif
candidates/incident_78933/candidate_16/incident_78933_candidate_16_before.tif
candidates/incident_78933/candidate_16/incident_78933_candidate_16_after.tif
candidates/incident_78933/candidate_16/incident_78933_candidate_16_mask.tif
candidates/incident_78933/candidate_16/incident_78933_candidate_16_slope.tif
candidates/incident_78933/candidate_17/incident_78933_candidate_17_mask.tif
candidates/incident_78933/candidate_17/incident_78933_candidate_17_slope.tif
candidates/incident_78933/candidate_17/incident_78933_candidate_17_before.tif
candidates/incident_78933/candidate_18/incident_78933_candidate_18_slope.tif
candidates/incident_78933/candidate_18/incident_78933_candidate_18_mask.tif
candidates/incident_78933/candidate_18/incident_78933_candidate_18_before.tif
candidates/incident_78933/candidate_17/incident_78933_candidate_17_after.tif
candidates/incident_78933/candidate_18/incident_78933_candidate_18_after.tif
candidates/incident_78933/candidate_19/incident_78933_candidate_19_mask.tif
candidates/incident_78933/candidate_19/incident_78933_candidate_19_slope.tif
candidates/incident_78933/candidate_19/incident_78933_candidate_19_before.tif
candidates/incident_78933/candidate_19/incident_78933_candidate_19_after.tif
candidates/incident_78933/candidate_2/incident_78933_candidate_2_mask.tif
candidates/incident_78933/candidate_2/incident_78933_candidate_2_after.tif
candidates/incident_78933/candidate_2/incident_78933_candidate_2_before.tif
candidates/incident_78933/candidate_2/incident_78933_candidate_2_slope.tif
candidates/incident_78933/candidate_20/incident_78933_candidate_20_mask.tif
candidates/incident_78933/candidate_20/incident_78933_candidate_20_slope.tif
candidates/incident_78933/candidate_20/incident_78933_candidate_20_after.tif
candidates/incident_78933/candidate_20/incident_78933_candidate_20_before.tif
candidates/incident_78933/candidate_21/incident_78933_candidate_21_mask.tif
candidates/incident_78933/candidate_21/incident_78933_candidate_21_slope.tif
candidates/incident_78933/candidate_22/incident_78933_candidate_22_mask.tif
candidates/incident_78933/candidate_22/incident_78933_candidate_22_slope.tif
candidates/incident_78933/candidate_21/incident_78933_candidate_21_before.tif
candidates/incident_78933/candidate_22/incident_78933_candidate_22_after.tif
candidates/incident_78933/candidate_22/incident_78933_candidate_22_before.tif
candidates/incident_78933/candidate_21/incident_78933_candidate_21_after.tif
candidates/incident_78933/candidate_23/incident_78933_candidate_23_mask.tif
candidates/incident_78933/candidate_23/incident_78933_candidate_23_slope.tif
candidates/incident_78933/candidate_23/incident_78933_candidate_23_after.tif
candidates/incident_78933/candidate_23/incident_78933_candidate_23_before.tif
candidates/incident_78933/candidate_24/incident_78933_candidate_24_mask.tif
candidates/incident_78933/candidate_24/incident_78933_candidate_24_slope.tif
candidates/incident_78933/candidate_24/incident_78933_candidate_24_after.tif
candidates/incident_78933/candidate_24/incident_78933_candidate_24_before.tif
candidates/incident_78933/candidate_25/incident_78933_candidate_25_mask.tif
candidates/incident_78933/candidate_25/incident_78933_candidate_25_slope.tif
candidates/incident_78933/candidate_26/incident_78933_candidate_26_mask.tif
candidates/incident_78933/candidate_26/incident_78933_candidate_26_slope.tif
candidates/incident_78933/candidate_26/incident_78933_candidate_26_after.tif
candidates/incident_78933/candidate_25/incident_78933_candidate_25_after.tif
candidates/incident_78933/candidate_27/incident_78933_candidate_27_mask.tif
candidates/incident_78933/candidate_25/incident_78933_candidate_25_before.tif
candidates/incident_78933/candidate_26/incident_78933_candidate_26_before.tif
candidates/incident_78933/candidate_27/incident_78933_candidate_27_before.tif
candidates/incident_78933/candidate_27/incident_78933_candidate_27_slope.tif
candidates/incident_78933/candidate_27/incident_78933_candidate_27_after.tif
candidates/incident_78933/candidate_28/incident_78933_candidate_28_before.tif
candidates/incident_78933/candidate_28/incident_78933_candidate_28_after.tif
candidates/incident_78933/candidate_28/incident_78933_candidate_28_mask.tif
candidates/incident_78933/candidate_28/incident_78933_candidate_28_slope.tif
candidates/incident_78933/candidate_3/incident_78933_candidate_3_mask.tif
candidates/incident_78933/candidate_3/incident_78933_candidate_3_slope.tif
candidates/incident_78933/candidate_3/incident_78933_candidate_3_after.tif
candidates/incident_78933/candidate_4/incident_78933_candidate_4_mask.tif
candidates/incident_78933/candidate_3/incident_78933_candidate_3_before.tif
candidates/incident_78933/candidate_4/incident_78933_candidate_4_slope.tif
candidates/incident_78933/candidate_4/incident_78933_candidate_4_after.tif
candidates/incident_78933/candidate_5/incident_78933_candidate_5_mask.tif
candidates/incident_78933/candidate_5/incident_78933_candidate_5_slope.tif
candidates/incident_78933/candidate_5/incident_78933_candidate_5_before.tif
candidates/incident_78933/candidate_4/incident_78933_candidate_4_before.tif
candidates/incident_78933/candidate_6/incident_78933_candidate_6_mask.tif
candidates/incident_78933/candidate_5/incident_78933_candidate_5_after.tif
candidates/incident_78933/candidate_6/incident_78933_candidate_6_slope.tif
candidates/incident_78933/candidate_7/incident_78933_candidate_7_before.tif
candidates/incident_78933/candidate_7/incident_78933_candidate_7_mask.tif
candidates/incident_78933/candidate_7/incident_78933_candidate_7_after.tif
candidates/incident_78933/candidate_7/incident_78933_candidate_7_slope.tif
candidates/incident_78933/candidate_6/incident_78933_candidate_6_after.tif
candidates/incident_78933/candidate_6/incident_78933_candidate_6_before.tif
candidates/incident_78933/candidate_8/incident_78933_candidate_8_before.tif
candidates/incident_78933/candidate_8/incident_78933_candidate_8_mask.tif
candidates/incident_78933/candidate_8/incident_78933_candidate_8_slope.tif
candidates/incident_78933/candidate_9/incident_78933_candidate_9_mask.tif
candidates/incident_78933/candidate_9/incident_78933_candidate_9_slope.tif
candidates/incident_78933/candidate_8/incident_78933_candidate_8_after.tif
candidates/incident_78933/candidate_9/incident_78933_candidate_9_after.tif
candidates/incident_78933/candidate_9/incident_78933_candidate_9_before.tif
candidates/incident_78936/candidate_1/incident_78936_candidate_1_mask.tif
candidates/incident_78936/candidate_1/incident_78936_candidate_1_slope.tif
candidates/incident_78936/candidate_10/incident_78936_candidate_10_mask.tif
candidates/incident_78936/candidate_10/incident_78936_candidate_10_slope.tif
candidates/incident_78936/candidate_10/incident_78936_candidate_10_after.tif
candidates/incident_78936/candidate_1/incident_78936_candidate_1_after.tif
candidates/incident_78936/candidate_1/incident_78936_candidate_1_before.tif
candidates/incident_78936/candidate_100/incident_78936_candidate_100_mask.tif
candidates/incident_78936/candidate_10/incident_78936_candidate_10_before.tif
candidates/incident_78936/candidate_100/incident_78936_candidate_100_slope.tif
candidates/incident_78936/candidate_100/incident_78936_candidate_100_after.tif
candidates/incident_78936/candidate_11/incident_78936_candidate_11_mask.tif
candidates/incident_78936/candidate_11/incident_78936_candidate_11_slope.tif
candidates/incident_78936/candidate_100/incident_78936_candidate_100_before.tif
candidates/incident_78936/candidate_11/incident_78936_candidate_11_before.tif
candidates/incident_78936/candidate_12/incident_78936_candidate_12_slope.tif
candidates/incident_78936/candidate_12/incident_78936_candidate_12_mask.tif
candidates/incident_78936/candidate_13/incident_78936_candidate_13_mask.tif
candidates/incident_78936/candidate_12/incident_78936_candidate_12_before.tif
candidates/incident_78936/candidate_12/incident_78936_candidate_12_after.tif
candidates/incident_78936/candidate_11/incident_78936_candidate_11_after.tif
candidates/incident_78936/candidate_13/incident_78936_candidate_13_slope.tif
candidates/incident_78936/candidate_13/incident_78936_candidate_13_before.tif
candidates/incident_78936/candidate_13/incident_78936_candidate_13_after.tif
candidates/incident_78936/candidate_14/incident_78936_candidate_14_mask.tif
candidates/incident_78936/candidate_14/incident_78936_candidate_14_slope.tif
candidates/incident_78936/candidate_15/incident_78936_candidate_15_mask.tif
candidates/incident_78936/candidate_15/incident_78936_candidate_15_slope.tif
candidates/incident_78936/candidate_15/incident_78936_candidate_15_after.tif
candidates/incident_78936/candidate_14/incident_78936_candidate_14_before.tif
candidates/incident_78936/candidate_14/incident_78936_candidate_14_after.tif
candidates/incident_78936/candidate_15/incident_78936_candidate_15_before.tif
candidates/incident_78936/candidate_16/incident_78936_candidate_16_after.tif
candidates/incident_78936/candidate_16/incident_78936_candidate_16_mask.tif
candidates/incident_78936/candidate_16/incident_78936_candidate_16_before.tif
candidates/incident_78936/candidate_16/incident_78936_candidate_16_slope.tif
candidates/incident_78936/candidate_17/incident_78936_candidate_17_mask.tif
candidates/incident_78936/candidate_17/incident_78936_candidate_17_slope.tif
candidates/incident_78936/candidate_17/incident_78936_candidate_17_after.tif
candidates/incident_78936/candidate_18/incident_78936_candidate_18_mask.tif
candidates/incident_78936/candidate_18/incident_78936_candidate_18_slope.tif
candidates/incident_78936/candidate_17/incident_78936_candidate_17_before.tif
candidates/incident_78936/candidate_18/incident_78936_candidate_18_after.tif
candidates/incident_78936/candidate_19/incident_78936_candidate_19_mask.tif
candidates/incident_78936/candidate_19/incident_78936_candidate_19_slope.tif
candidates/incident_78936/candidate_19/incident_78936_candidate_19_after.tif
candidates/incident_78936/candidate_19/incident_78936_candidate_19_before.tif
candidates/incident_78936/candidate_2/incident_78936_candidate_2_mask.tif
candidates/incident_78936/candidate_18/incident_78936_candidate_18_before.tif
candidates/incident_78936/candidate_2/incident_78936_candidate_2_slope.tif
candidates/incident_78936/candidate_2/incident_78936_candidate_2_after.tif
candidates/incident_78936/candidate_2/incident_78936_candidate_2_before.tif
candidates/incident_78936/candidate_20/incident_78936_candidate_20_mask.tif
candidates/incident_78936/candidate_20/incident_78936_candidate_20_slope.tif
candidates/incident_78936/candidate_20/incident_78936_candidate_20_after.tif
candidates/incident_78936/candidate_20/incident_78936_candidate_20_before.tif
candidates/incident_78936/candidate_21/incident_78936_candidate_21_mask.tif
candidates/incident_78936/candidate_21/incident_78936_candidate_21_slope.tif
candidates/incident_78936/candidate_22/incident_78936_candidate_22_slope.tif
candidates/incident_78936/candidate_22/incident_78936_candidate_22_mask.tif
candidates/incident_78936/candidate_21/incident_78936_candidate_21_before.tif
candidates/incident_78936/candidate_22/incident_78936_candidate_22_before.tif
candidates/incident_78936/candidate_21/incident_78936_candidate_21_after.tif
candidates/incident_78936/candidate_23/incident_78936_candidate_23_after.tif
candidates/incident_78936/candidate_23/incident_78936_candidate_23_slope.tif
candidates/incident_78936/candidate_23/incident_78936_candidate_23_mask.tif
candidates/incident_78936/candidate_22/incident_78936_candidate_22_after.tif
candidates/incident_78936/candidate_24/incident_78936_candidate_24_mask.tif
candidates/incident_78936/candidate_24/incident_78936_candidate_24_slope.tif
candidates/incident_78936/candidate_24/incident_78936_candidate_24_after.tif
candidates/incident_78936/candidate_25/incident_78936_candidate_25_mask.tif
candidates/incident_78936/candidate_24/incident_78936_candidate_24_before.tif
candidates/incident_78936/candidate_23/incident_78936_candidate_23_before.tif
candidates/incident_78936/candidate_25/incident_78936_candidate_25_slope.tif
candidates/incident_78936/candidate_25/incident_78936_candidate_25_after.tif
candidates/incident_78936/candidate_25/incident_78936_candidate_25_before.tif
candidates/incident_78936/candidate_26/incident_78936_candidate_26_mask.tif
candidates/incident_78936/candidate_26/incident_78936_candidate_26_slope.tif
candidates/incident_78936/candidate_26/incident_78936_candidate_26_after.tif
candidates/incident_78936/candidate_27/incident_78936_candidate_27_mask.tif
candidates/incident_78936/candidate_27/incident_78936_candidate_27_slope.tif
candidates/incident_78936/candidate_27/incident_78936_candidate_27_after.tif
candidates/incident_78936/candidate_26/incident_78936_candidate_26_before.tif
candidates/incident_78936/candidate_28/incident_78936_candidate_28_mask.tif
candidates/incident_78936/candidate_28/incident_78936_candidate_28_before.tif
candidates/incident_78936/candidate_28/incident_78936_candidate_28_slope.tif
candidates/incident_78936/candidate_28/incident_78936_candidate_28_after.tif
candidates/incident_78936/candidate_27/incident_78936_candidate_27_before.tif
candidates/incident_78936/candidate_29/incident_78936_candidate_29_mask.tif
candidates/incident_78936/candidate_29/incident_78936_candidate_29_before.tif
candidates/incident_78936/candidate_29/incident_78936_candidate_29_slope.tif
candidates/incident_78936/candidate_3/incident_78936_candidate_3_mask.tif
candidates/incident_78936/candidate_29/incident_78936_candidate_29_after.tif
candidates/incident_78936/candidate_3/incident_78936_candidate_3_slope.tif
candidates/incident_78936/candidate_3/incident_78936_candidate_3_after.tif
candidates/incident_78936/candidate_30/incident_78936_candidate_30_mask.tif
candidates/incident_78936/candidate_30/incident_78936_candidate_30_slope.tif
candidates/incident_78936/candidate_31/incident_78936_candidate_31_mask.tif
candidates/incident_78936/candidate_3/incident_78936_candidate_3_before.tif
candidates/incident_78936/candidate_31/incident_78936_candidate_31_slope.tif
candidates/incident_78936/candidate_31/incident_78936_candidate_31_after.tif
candidates/incident_78936/candidate_30/incident_78936_candidate_30_before.tif
candidates/incident_78936/candidate_31/incident_78936_candidate_31_before.tif
candidates/incident_78936/candidate_30/incident_78936_candidate_30_after.tif
candidates/incident_78936/candidate_32/incident_78936_candidate_32_mask.tif
candidates/incident_78936/candidate_32/incident_78936_candidate_32_after.tif
candidates/incident_78936/candidate_32/incident_78936_candidate_32_slope.tif
candidates/incident_78936/candidate_32/incident_78936_candidate_32_before.tif
candidates/incident_78936/candidate_33/incident_78936_candidate_33_after.tif
candidates/incident_78936/candidate_33/incident_78936_candidate_33_mask.tif
candidates/incident_78936/candidate_33/incident_78936_candidate_33_slope.tif
candidates/incident_78936/candidate_33/incident_78936_candidate_33_before.tif
candidates/incident_78936/candidate_34/incident_78936_candidate_34_mask.tif
candidates/incident_78936/candidate_34/incident_78936_candidate_34_slope.tif
candidates/incident_78936/candidate_34/incident_78936_candidate_34_after.tif
candidates/incident_78936/candidate_34/incident_78936_candidate_34_before.tif
candidates/incident_78936/candidate_35/incident_78936_candidate_35_mask.tif
candidates/incident_78936/candidate_35/incident_78936_candidate_35_slope.tif
candidates/incident_78936/candidate_35/incident_78936_candidate_35_after.tif
candidates/incident_78936/candidate_35/incident_78936_candidate_35_before.tif
candidates/incident_78936/candidate_36/incident_78936_candidate_36_mask.tif
candidates/incident_78936/candidate_36/incident_78936_candidate_36_slope.tif
candidates/incident_78936/candidate_36/incident_78936_candidate_36_after.tif
candidates/incident_78936/candidate_37/incident_78936_candidate_37_mask.tif
candidates/incident_78936/candidate_37/incident_78936_candidate_37_slope.tif
candidates/incident_78936/candidate_36/incident_78936_candidate_36_before.tif
candidates/incident_78936/candidate_38/incident_78936_candidate_38_mask.tif
candidates/incident_78936/candidate_37/incident_78936_candidate_37_before.tif
candidates/incident_78936/candidate_38/incident_78936_candidate_38_before.tif
candidates/incident_78936/candidate_38/incident_78936_candidate_38_slope.tif
candidates/incident_78936/candidate_37/incident_78936_candidate_37_after.tif
candidates/incident_78936/candidate_39/incident_78936_candidate_39_slope.tif
candidates/incident_78936/candidate_39/incident_78936_candidate_39_mask.tif
candidates/incident_78936/candidate_38/incident_78936_candidate_38_after.tif
candidates/incident_78936/candidate_39/incident_78936_candidate_39_after.tif
candidates/incident_78936/candidate_39/incident_78936_candidate_39_before.tif
candidates/incident_78936/candidate_4/incident_78936_candidate_4_mask.tif
candidates/incident_78936/candidate_4/incident_78936_candidate_4_after.tif
candidates/incident_78936/candidate_4/incident_78936_candidate_4_slope.tif
candidates/incident_78936/candidate_40/incident_78936_candidate_40_mask.tif
candidates/incident_78936/candidate_4/incident_78936_candidate_4_before.tif
candidates/incident_78936/candidate_40/incident_78936_candidate_40_slope.tif
candidates/incident_78936/candidate_40/incident_78936_candidate_40_after.tif
candidates/incident_78936/candidate_41/incident_78936_candidate_41_mask.tif
candidates/incident_78936/candidate_40/incident_78936_candidate_40_before.tif
candidates/incident_78936/candidate_41/incident_78936_candidate_41_slope.tif
candidates/incident_78936/candidate_41/incident_78936_candidate_41_before.tif
candidates/incident_78936/candidate_41/incident_78936_candidate_41_after.tif
candidates/incident_78936/candidate_42/incident_78936_candidate_42_after.tif
candidates/incident_78936/candidate_42/incident_78936_candidate_42_mask.tif
candidates/incident_78936/candidate_42/incident_78936_candidate_42_slope.tif
candidates/incident_78936/candidate_43/incident_78936_candidate_43_mask.tif
candidates/incident_78936/candidate_43/incident_78936_candidate_43_slope.tif
candidates/incident_78936/candidate_44/incident_78936_candidate_44_mask.tif
candidates/incident_78936/candidate_42/incident_78936_candidate_42_before.tif
candidates/incident_78936/candidate_43/incident_78936_candidate_43_after.tif
candidates/incident_78936/candidate_44/incident_78936_candidate_44_slope.tif
candidates/incident_78936/candidate_43/incident_78936_candidate_43_before.tif
candidates/incident_78936/candidate_45/incident_78936_candidate_45_mask.tif
candidates/incident_78936/candidate_44/incident_78936_candidate_44_before.tif
candidates/incident_78936/candidate_45/incident_78936_candidate_45_after.tif
candidates/incident_78936/candidate_45/incident_78936_candidate_45_slope.tif
candidates/incident_78936/candidate_45/incident_78936_candidate_45_before.tif
candidates/incident_78936/candidate_44/incident_78936_candidate_44_after.tif
candidates/incident_78936/candidate_46/incident_78936_candidate_46_mask.tif
candidates/incident_78936/candidate_46/incident_78936_candidate_46_after.tif
candidates/incident_78936/candidate_46/incident_78936_candidate_46_slope.tif
candidates/incident_78936/candidate_47/incident_78936_candidate_47_mask.tif
candidates/incident_78936/candidate_47/incident_78936_candidate_47_slope.tif
candidates/incident_78936/candidate_46/incident_78936_candidate_46_before.tif
candidates/incident_78936/candidate_47/incident_78936_candidate_47_before.tif
candidates/incident_78936/candidate_48/incident_78936_candidate_48_mask.tif
candidates/incident_78936/candidate_48/incident_78936_candidate_48_slope.tif
candidates/incident_78936/candidate_47/incident_78936_candidate_47_after.tif
candidates/incident_78936/candidate_48/incident_78936_candidate_48_after.tif
candidates/incident_78936/candidate_49/incident_78936_candidate_49_mask.tif
candidates/incident_78936/candidate_49/incident_78936_candidate_49_after.tif
candidates/incident_78936/candidate_49/incident_78936_candidate_49_before.tif
candidates/incident_78936/candidate_49/incident_78936_candidate_49_slope.tif
candidates/incident_78936/candidate_5/incident_78936_candidate_5_mask.tif
candidates/incident_78936/candidate_5/incident_78936_candidate_5_slope.tif
candidates/incident_78936/candidate_48/incident_78936_candidate_48_before.tif
candidates/incident_78936/candidate_5/incident_78936_candidate_5_before.tif
candidates/incident_78936/candidate_5/incident_78936_candidate_5_after.tif
candidates/incident_78936/candidate_50/incident_78936_candidate_50_mask.tif
candidates/incident_78936/candidate_50/incident_78936_candidate_50_after.tif
candidates/incident_78936/candidate_50/incident_78936_candidate_50_slope.tif
candidates/incident_78936/candidate_50/incident_78936_candidate_50_before.tif
candidates/incident_78936/candidate_51/incident_78936_candidate_51_mask.tif
candidates/incident_78936/candidate_51/incident_78936_candidate_51_slope.tif
candidates/incident_78936/candidate_51/incident_78936_candidate_51_before.tif
candidates/incident_78936/candidate_52/incident_78936_candidate_52_mask.tif
candidates/incident_78936/candidate_51/incident_78936_candidate_51_after.tif
candidates/incident_78936/candidate_52/incident_78936_candidate_52_after.tif
candidates/incident_78936/candidate_52/incident_78936_candidate_52_slope.tif
candidates/incident_78936/candidate_53/incident_78936_candidate_53_mask.tif
candidates/incident_78936/candidate_53/incident_78936_candidate_53_after.tif
candidates/incident_78936/candidate_53/incident_78936_candidate_53_before.tif
candidates/incident_78936/candidate_52/incident_78936_candidate_52_before.tif
candidates/incident_78936/candidate_53/incident_78936_candidate_53_slope.tif
candidates/incident_78936/candidate_54/incident_78936_candidate_54_mask.tif
candidates/incident_78936/candidate_54/incident_78936_candidate_54_after.tif
candidates/incident_78936/candidate_54/incident_78936_candidate_54_before.tif
candidates/incident_78936/candidate_54/incident_78936_candidate_54_slope.tif
candidates/incident_78936/candidate_55/incident_78936_candidate_55_mask.tif
candidates/incident_78936/candidate_55/incident_78936_candidate_55_slope.tif
candidates/incident_78936/candidate_55/incident_78936_candidate_55_after.tif
candidates/incident_78936/candidate_56/incident_78936_candidate_56_slope.tif
candidates/incident_78936/candidate_56/incident_78936_candidate_56_mask.tif
candidates/incident_78936/candidate_56/incident_78936_candidate_56_after.tif
candidates/incident_78936/candidate_57/incident_78936_candidate_57_mask.tif
candidates/incident_78936/candidate_55/incident_78936_candidate_55_before.tif
candidates/incident_78936/candidate_56/incident_78936_candidate_56_before.tif
candidates/incident_78936/candidate_57/incident_78936_candidate_57_slope.tif
candidates/incident_78936/candidate_57/incident_78936_candidate_57_before.tif
candidates/incident_78936/candidate_58/incident_78936_candidate_58_after.tif
candidates/incident_78936/candidate_57/incident_78936_candidate_57_after.tif
candidates/incident_78936/candidate_58/incident_78936_candidate_58_before.tif
candidates/incident_78936/candidate_58/incident_78936_candidate_58_mask.tif
candidates/incident_78936/candidate_58/incident_78936_candidate_58_slope.tif
candidates/incident_78936/candidate_59/incident_78936_candidate_59_mask.tif
candidates/incident_78936/candidate_59/incident_78936_candidate_59_slope.tif
candidates/incident_78936/candidate_59/incident_78936_candidate_59_before.tif
candidates/incident_78936/candidate_6/incident_78936_candidate_6_mask.tif
candidates/incident_78936/candidate_6/incident_78936_candidate_6_slope.tif
candidates/incident_78936/candidate_6/incident_78936_candidate_6_after.tif
candidates/incident_78936/candidate_60/incident_78936_candidate_60_after.tif
candidates/incident_78936/candidate_59/incident_78936_candidate_59_after.tif
candidates/incident_78936/candidate_60/incident_78936_candidate_60_slope.tif
candidates/incident_78936/candidate_60/incident_78936_candidate_60_mask.tif
candidates/incident_78936/candidate_60/incident_78936_candidate_60_before.tif
candidates/incident_78936/candidate_6/incident_78936_candidate_6_before.tif
candidates/incident_78936/candidate_61/incident_78936_candidate_61_mask.tif
candidates/incident_78936/candidate_61/incident_78936_candidate_61_slope.tif
candidates/incident_78936/candidate_61/incident_78936_candidate_61_before.tif
candidates/incident_78936/candidate_61/incident_78936_candidate_61_after.tif
candidates/incident_78936/candidate_62/incident_78936_candidate_62_after.tif
candidates/incident_78936/candidate_62/incident_78936_candidate_62_mask.tif
candidates/incident_78936/candidate_62/incident_78936_candidate_62_before.tif
candidates/incident_78936/candidate_62/incident_78936_candidate_62_slope.tif
candidates/incident_78936/candidate_63/incident_78936_candidate_63_mask.tif
candidates/incident_78936/candidate_63/incident_78936_candidate_63_before.tif
candidates/incident_78936/candidate_63/incident_78936_candidate_63_slope.tif
candidates/incident_78936/candidate_64/incident_78936_candidate_64_mask.tif
candidates/incident_78936/candidate_64/incident_78936_candidate_64_slope.tif
candidates/incident_78936/candidate_63/incident_78936_candidate_63_after.tif
candidates/incident_78936/candidate_64/incident_78936_candidate_64_after.tif
candidates/incident_78936/candidate_64/incident_78936_candidate_64_before.tif
candidates/incident_78936/candidate_65/incident_78936_candidate_65_mask.tif
candidates/incident_78936/candidate_65/incident_78936_candidate_65_slope.tif
candidates/incident_78936/candidate_65/incident_78936_candidate_65_after.tif
candidates/incident_78936/candidate_66/incident_78936_candidate_66_mask.tif
candidates/incident_78936/candidate_65/incident_78936_candidate_65_before.tif
candidates/incident_78936/candidate_66/incident_78936_candidate_66_slope.tif
candidates/incident_78936/candidate_66/incident_78936_candidate_66_before.tif
candidates/incident_78936/candidate_67/incident_78936_candidate_67_mask.tif
candidates/incident_78936/candidate_67/incident_78936_candidate_67_after.tif
candidates/incident_78936/candidate_67/incident_78936_candidate_67_slope.tif
candidates/incident_78936/candidate_68/incident_78936_candidate_68_mask.tif
candidates/incident_78936/candidate_67/incident_78936_candidate_67_before.tif
candidates/incident_78936/candidate_68/incident_78936_candidate_68_before.tif
candidates/incident_78936/candidate_68/incident_78936_candidate_68_slope.tif
candidates/incident_78936/candidate_68/incident_78936_candidate_68_after.tif
candidates/incident_78936/candidate_66/incident_78936_candidate_66_after.tif
candidates/incident_78936/candidate_69/incident_78936_candidate_69_mask.tif
candidates/incident_78936/candidate_69/incident_78936_candidate_69_slope.tif
candidates/incident_78936/candidate_69/incident_78936_candidate_69_after.tif
candidates/incident_78936/candidate_7/incident_78936_candidate_7_mask.tif
candidates/incident_78936/candidate_69/incident_78936_candidate_69_before.tif
candidates/incident_78936/candidate_7/incident_78936_candidate_7_slope.tif
candidates/incident_78936/candidate_7/incident_78936_candidate_7_after.tif
candidates/incident_78936/candidate_70/incident_78936_candidate_70_mask.tif
candidates/incident_78936/candidate_70/incident_78936_candidate_70_slope.tif
candidates/incident_78936/candidate_70/incident_78936_candidate_70_before.tif
candidates/incident_78936/candidate_71/incident_78936_candidate_71_mask.tif
candidates/incident_78936/candidate_7/incident_78936_candidate_7_before.tif
candidates/incident_78936/candidate_71/incident_78936_candidate_71_after.tif
candidates/incident_78936/candidate_71/incident_78936_candidate_71_slope.tif
candidates/incident_78936/candidate_71/incident_78936_candidate_71_before.tif
candidates/incident_78936/candidate_72/incident_78936_candidate_72_mask.tif
candidates/incident_78936/candidate_70/incident_78936_candidate_70_after.tif
candidates/incident_78936/candidate_72/incident_78936_candidate_72_slope.tif
candidates/incident_78936/candidate_72/incident_78936_candidate_72_before.tif
candidates/incident_78936/candidate_72/incident_78936_candidate_72_after.tif
candidates/incident_78936/candidate_73/incident_78936_candidate_73_mask.tif
candidates/incident_78936/candidate_73/incident_78936_candidate_73_slope.tif
candidates/incident_78936/candidate_73/incident_78936_candidate_73_after.tif
candidates/incident_78936/candidate_74/incident_78936_candidate_74_mask.tif
candidates/incident_78936/candidate_73/incident_78936_candidate_73_before.tif
candidates/incident_78936/candidate_74/incident_78936_candidate_74_slope.tif
candidates/incident_78936/candidate_74/incident_78936_candidate_74_after.tif
candidates/incident_78936/candidate_74/incident_78936_candidate_74_before.tif
candidates/incident_78936/candidate_75/incident_78936_candidate_75_mask.tif
candidates/incident_78936/candidate_75/incident_78936_candidate_75_slope.tif
candidates/incident_78936/candidate_75/incident_78936_candidate_75_after.tif
candidates/incident_78936/candidate_76/incident_78936_candidate_76_mask.tif
candidates/incident_78936/candidate_76/incident_78936_candidate_76_after.tif
candidates/incident_78936/candidate_76/incident_78936_candidate_76_slope.tif
candidates/incident_78936/candidate_76/incident_78936_candidate_76_before.tif
candidates/incident_78936/candidate_77/incident_78936_candidate_77_mask.tif
candidates/incident_78936/candidate_75/incident_78936_candidate_75_before.tif
candidates/incident_78936/candidate_77/incident_78936_candidate_77_after.tif
candidates/incident_78936/candidate_77/incident_78936_candidate_77_slope.tif
candidates/incident_78936/candidate_77/incident_78936_candidate_77_before.tif
candidates/incident_78936/candidate_78/incident_78936_candidate_78_mask.tif
candidates/incident_78936/candidate_78/incident_78936_candidate_78_slope.tif
candidates/incident_78936/candidate_78/incident_78936_candidate_78_before.tif
candidates/incident_78936/candidate_78/incident_78936_candidate_78_after.tif
candidates/incident_78936/candidate_79/incident_78936_candidate_79_mask.tif
candidates/incident_78936/candidate_79/incident_78936_candidate_79_slope.tif
candidates/incident_78936/candidate_79/incident_78936_candidate_79_after.tif
candidates/incident_78936/candidate_79/incident_78936_candidate_79_before.tif
candidates/incident_78936/candidate_8/incident_78936_candidate_8_mask.tif
candidates/incident_78936/candidate_8/incident_78936_candidate_8_after.tif
candidates/incident_78936/candidate_8/incident_78936_candidate_8_slope.tif
candidates/incident_78936/candidate_80/incident_78936_candidate_80_mask.tif
candidates/incident_78936/candidate_80/incident_78936_candidate_80_slope.tif
candidates/incident_78936/candidate_80/incident_78936_candidate_80_after.tif
candidates/incident_78936/candidate_80/incident_78936_candidate_80_before.tif
candidates/incident_78936/candidate_81/incident_78936_candidate_81_mask.tif
candidates/incident_78936/candidate_81/incident_78936_candidate_81_before.tif
candidates/incident_78936/candidate_81/incident_78936_candidate_81_slope.tif
candidates/incident_78936/candidate_8/incident_78936_candidate_8_before.tif
candidates/incident_78936/candidate_82/incident_78936_candidate_82_mask.tif
candidates/incident_78936/candidate_81/incident_78936_candidate_81_after.tif
candidates/incident_78936/candidate_82/incident_78936_candidate_82_slope.tif
candidates/incident_78936/candidate_82/incident_78936_candidate_82_before.tif
candidates/incident_78936/candidate_83/incident_78936_candidate_83_mask.tif
candidates/incident_78936/candidate_83/incident_78936_candidate_83_slope.tif
candidates/incident_78936/candidate_82/incident_78936_candidate_82_after.tif
candidates/incident_78936/candidate_83/incident_78936_candidate_83_after.tif
candidates/incident_78936/candidate_83/incident_78936_candidate_83_before.tif
candidates/incident_78936/candidate_84/incident_78936_candidate_84_mask.tif
candidates/incident_78936/candidate_84/incident_78936_candidate_84_slope.tif
candidates/incident_78936/candidate_84/incident_78936_candidate_84_after.tif
candidates/incident_78936/candidate_84/incident_78936_candidate_84_before.tif
candidates/incident_78936/candidate_85/incident_78936_candidate_85_mask.tif
candidates/incident_78936/candidate_85/incident_78936_candidate_85_slope.tif
candidates/incident_78936/candidate_85/incident_78936_candidate_85_after.tif
candidates/incident_78936/candidate_85/incident_78936_candidate_85_before.tif
candidates/incident_78936/candidate_86/incident_78936_candidate_86_mask.tif
candidates/incident_78936/candidate_86/incident_78936_candidate_86_slope.tif
candidates/incident_78936/candidate_86/incident_78936_candidate_86_after.tif
candidates/incident_78936/candidate_87/incident_78936_candidate_87_slope.tif
candidates/incident_78936/candidate_87/incident_78936_candidate_87_mask.tif
candidates/incident_78936/candidate_87/incident_78936_candidate_87_after.tif
candidates/incident_78936/candidate_87/incident_78936_candidate_87_before.tif
candidates/incident_78936/candidate_88/incident_78936_candidate_88_mask.tif
candidates/incident_78936/candidate_86/incident_78936_candidate_86_before.tif
candidates/incident_78936/candidate_88/incident_78936_candidate_88_after.tif
candidates/incident_78936/candidate_88/incident_78936_candidate_88_slope.tif
candidates/incident_78936/candidate_89/incident_78936_candidate_89_mask.tif
candidates/incident_78936/candidate_88/incident_78936_candidate_88_before.tif
candidates/incident_78936/candidate_89/incident_78936_candidate_89_after.tif
candidates/incident_78936/candidate_89/incident_78936_candidate_89_slope.tif
candidates/incident_78936/candidate_89/incident_78936_candidate_89_before.tif
candidates/incident_78936/candidate_9/incident_78936_candidate_9_mask.tif
candidates/incident_78936/candidate_9/incident_78936_candidate_9_slope.tif
candidates/incident_78936/candidate_9/incident_78936_candidate_9_after.tif
candidates/incident_78936/candidate_9/incident_78936_candidate_9_before.tif
candidates/incident_78936/candidate_90/incident_78936_candidate_90_mask.tif
candidates/incident_78936/candidate_90/incident_78936_candidate_90_slope.tif
candidates/incident_78936/candidate_90/incident_78936_candidate_90_after.tif
candidates/incident_78936/candidate_90/incident_78936_candidate_90_before.tif
candidates/incident_78936/candidate_91/incident_78936_candidate_91_mask.tif
candidates/incident_78936/candidate_91/incident_78936_candidate_91_after.tif
candidates/incident_78936/candidate_91/incident_78936_candidate_91_slope.tif
candidates/incident_78936/candidate_91/incident_78936_candidate_91_before.tif
candidates/incident_78936/candidate_92/incident_78936_candidate_92_slope.tif
candidates/incident_78936/candidate_92/incident_78936_candidate_92_mask.tif
candidates/incident_78936/candidate_92/incident_78936_candidate_92_after.tif
candidates/incident_78936/candidate_92/incident_78936_candidate_92_before.tif
candidates/incident_78936/candidate_93/incident_78936_candidate_93_mask.tif
candidates/incident_78936/candidate_93/incident_78936_candidate_93_slope.tif
candidates/incident_78936/candidate_94/incident_78936_candidate_94_mask.tif
candidates/incident_78936/candidate_94/incident_78936_candidate_94_slope.tif
candidates/incident_78936/candidate_94/incident_78936_candidate_94_after.tif
candidates/incident_78936/candidate_94/incident_78936_candidate_94_before.tif
candidates/incident_78936/candidate_93/incident_78936_candidate_93_after.tif
candidates/incident_78936/candidate_93/incident_78936_candidate_93_before.tif
candidates/incident_78936/candidate_95/incident_78936_candidate_95_mask.tif
candidates/incident_78936/candidate_95/incident_78936_candidate_95_slope.tif
candidates/incident_78936/candidate_95/incident_78936_candidate_95_after.tif
candidates/incident_78936/candidate_95/incident_78936_candidate_95_before.tif
candidates/incident_78936/candidate_96/incident_78936_candidate_96_mask.tif
candidates/incident_78936/candidate_96/incident_78936_candidate_96_slope.tif
candidates/incident_78936/candidate_97/incident_78936_candidate_97_mask.tif
candidates/incident_78936/candidate_96/incident_78936_candidate_96_before.tif
candidates/incident_78936/candidate_97/incident_78936_candidate_97_slope.tif
candidates/incident_78936/candidate_97/incident_78936_candidate_97_after.tif
candidates/incident_78936/candidate_96/incident_78936_candidate_96_after.tif
candidates/incident_78936/candidate_97/incident_78936_candidate_97_before.tif
candidates/incident_78936/candidate_98/incident_78936_candidate_98_mask.tif
candidates/incident_78936/candidate_98/incident_78936_candidate_98_slope.tif
candidates/incident_78936/candidate_98/incident_78936_candidate_98_after.tif
candidates/incident_78936/candidate_98/incident_78936_candidate_98_before.tif
candidates/incident_78936/candidate_99/incident_78936_candidate_99_mask.tif
candidates/incident_78936/candidate_99/incident_78936_candidate_99_slope.tif
candidates/incident_78936/candidate_99/incident_78936_candidate_99_after.tif
candidates/incident_78936/candidate_99/incident_78936_candidate_99_before.tif
candidates/incident_78964/candidate_1/incident_78964_candidate_1_mask.tif
candidates/incident_78964/candidate_1/incident_78964_candidate_1_slope.tif
candidates/incident_78964/candidate_10/incident_78964_candidate_10_mask.tif
candidates/incident_78964/candidate_10/incident_78964_candidate_10_slope.tif
candidates/incident_78964/candidate_1/incident_78964_candidate_1_after.tif
candidates/incident_78964/candidate_1/incident_78964_candidate_1_before.tif
candidates/incident_78964/candidate_10/incident_78964_candidate_10_before.tif
candidates/incident_78964/candidate_10/incident_78964_candidate_10_after.tif
candidates/incident_78964/candidate_11/incident_78964_candidate_11_mask.tif
candidates/incident_78964/candidate_11/incident_78964_candidate_11_slope.tif
candidates/incident_78964/candidate_11/incident_78964_candidate_11_before.tif
candidates/incident_78964/candidate_11/incident_78964_candidate_11_after.tif
candidates/incident_78964/candidate_12/incident_78964_candidate_12_mask.tif
candidates/incident_78964/candidate_12/incident_78964_candidate_12_slope.tif
candidates/incident_78964/candidate_12/incident_78964_candidate_12_after.tif
candidates/incident_78964/candidate_13/incident_78964_candidate_13_mask.tif
candidates/incident_78964/candidate_13/incident_78964_candidate_13_slope.tif
candidates/incident_78964/candidate_13/incident_78964_candidate_13_before.tif
candidates/incident_78964/candidate_13/incident_78964_candidate_13_after.tif
candidates/incident_78964/candidate_12/incident_78964_candidate_12_before.tif
candidates/incident_78964/candidate_14/incident_78964_candidate_14_mask.tif
candidates/incident_78964/candidate_14/incident_78964_candidate_14_after.tif
candidates/incident_78964/candidate_14/incident_78964_candidate_14_before.tif
candidates/incident_78964/candidate_15/incident_78964_candidate_15_mask.tif
candidates/incident_78964/candidate_14/incident_78964_candidate_14_slope.tif
candidates/incident_78964/candidate_15/incident_78964_candidate_15_slope.tif
candidates/incident_78964/candidate_16/incident_78964_candidate_16_mask.tif
candidates/incident_78964/candidate_15/incident_78964_candidate_15_before.tif
candidates/incident_78964/candidate_16/incident_78964_candidate_16_after.tif
candidates/incident_78964/candidate_15/incident_78964_candidate_15_after.tif
candidates/incident_78964/candidate_16/incident_78964_candidate_16_before.tif
candidates/incident_78964/candidate_16/incident_78964_candidate_16_slope.tif
candidates/incident_78964/candidate_17/incident_78964_candidate_17_slope.tif
candidates/incident_78964/candidate_17/incident_78964_candidate_17_after.tif
candidates/incident_78964/candidate_17/incident_78964_candidate_17_mask.tif
candidates/incident_78964/candidate_17/incident_78964_candidate_17_before.tif
candidates/incident_78964/candidate_18/incident_78964_candidate_18_mask.tif
candidates/incident_78964/candidate_18/incident_78964_candidate_18_slope.tif
candidates/incident_78964/candidate_19/incident_78964_candidate_19_mask.tif
candidates/incident_78964/candidate_19/incident_78964_candidate_19_slope.tif
candidates/incident_78964/candidate_19/incident_78964_candidate_19_before.tif
candidates/incident_78964/candidate_2/incident_78964_candidate_2_mask.tif
candidates/incident_78964/candidate_18/incident_78964_candidate_18_before.tif
candidates/incident_78964/candidate_18/incident_78964_candidate_18_after.tif
candidates/incident_78964/candidate_2/incident_78964_candidate_2_after.tif
candidates/incident_78964/candidate_2/incident_78964_candidate_2_slope.tif
candidates/incident_78964/candidate_19/incident_78964_candidate_19_after.tif
candidates/incident_78964/candidate_20/incident_78964_candidate_20_mask.tif
candidates/incident_78964/candidate_2/incident_78964_candidate_2_before.tif
candidates/incident_78964/candidate_20/incident_78964_candidate_20_after.tif
candidates/incident_78964/candidate_20/incident_78964_candidate_20_slope.tif
candidates/incident_78964/candidate_21/incident_78964_candidate_21_mask.tif
candidates/incident_78964/candidate_21/incident_78964_candidate_21_slope.tif
candidates/incident_78964/candidate_21/incident_78964_candidate_21_after.tif
candidates/incident_78964/candidate_21/incident_78964_candidate_21_before.tif
candidates/incident_78964/candidate_3/incident_78964_candidate_3_mask.tif
candidates/incident_78964/candidate_3/incident_78964_candidate_3_before.tif
candidates/incident_78964/candidate_20/incident_78964_candidate_20_before.tif
candidates/incident_78964/candidate_3/incident_78964_candidate_3_slope.tif
candidates/incident_78964/candidate_4/incident_78964_candidate_4_mask.tif
candidates/incident_78964/candidate_4/incident_78964_candidate_4_slope.tif
candidates/incident_78964/candidate_4/incident_78964_candidate_4_after.tif
candidates/incident_78964/candidate_4/incident_78964_candidate_4_before.tif
candidates/incident_78964/candidate_5/incident_78964_candidate_5_mask.tif
candidates/incident_78964/candidate_3/incident_78964_candidate_3_after.tif
candidates/incident_78964/candidate_5/incident_78964_candidate_5_after.tif
candidates/incident_78964/candidate_5/incident_78964_candidate_5_slope.tif
candidates/incident_78964/candidate_5/incident_78964_candidate_5_before.tif
candidates/incident_78964/candidate_6/incident_78964_candidate_6_mask.tif
candidates/incident_78964/candidate_6/incident_78964_candidate_6_slope.tif
candidates/incident_78964/candidate_7/incident_78964_candidate_7_mask.tif
candidates/incident_78964/candidate_6/incident_78964_candidate_6_before.tif
candidates/incident_78964/candidate_7/incident_78964_candidate_7_slope.tif
candidates/incident_78964/candidate_7/incident_78964_candidate_7_after.tif
candidates/incident_78964/candidate_7/incident_78964_candidate_7_before.tif
candidates/incident_78964/candidate_6/incident_78964_candidate_6_after.tif
candidates/incident_78964/candidate_8/incident_78964_candidate_8_mask.tif
candidates/incident_78964/candidate_8/incident_78964_candidate_8_slope.tif
candidates/incident_78964/candidate_8/incident_78964_candidate_8_after.tif
candidates/incident_78964/candidate_8/incident_78964_candidate_8_before.tif
candidates/incident_78964/candidate_9/incident_78964_candidate_9_mask.tif
candidates/incident_78964/candidate_9/incident_78964_candidate_9_after.tif
candidates/incident_78964/candidate_9/incident_78964_candidate_9_slope.tif
candidates/incident_78967/candidate_1/incident_78967_candidate_1_slope.tif
candidates/incident_78967/candidate_1/incident_78967_candidate_1_mask.tif
candidates/incident_78967/candidate_10/incident_78967_candidate_10_mask.tif
candidates/incident_78964/candidate_9/incident_78964_candidate_9_before.tif
candidates/incident_78967/candidate_1/incident_78967_candidate_1_after.tif
candidates/incident_78967/candidate_10/incident_78967_candidate_10_slope.tif
candidates/incident_78967/candidate_11/incident_78967_candidate_11_mask.tif
candidates/incident_78967/candidate_11/incident_78967_candidate_11_before.tif
candidates/incident_78967/candidate_11/incident_78967_candidate_11_slope.tif
candidates/incident_78967/candidate_1/incident_78967_candidate_1_before.tif
candidates/incident_78967/candidate_10/incident_78967_candidate_10_after.tif
candidates/incident_78967/candidate_10/incident_78967_candidate_10_before.tif
candidates/incident_78967/candidate_12/incident_78967_candidate_12_mask.tif
candidates/incident_78967/candidate_12/incident_78967_candidate_12_slope.tif
candidates/incident_78967/candidate_13/incident_78967_candidate_13_mask.tif
candidates/incident_78967/candidate_11/incident_78967_candidate_11_after.tif
candidates/incident_78967/candidate_12/incident_78967_candidate_12_after.tif
candidates/incident_78967/candidate_12/incident_78967_candidate_12_before.tif
candidates/incident_78967/candidate_13/incident_78967_candidate_13_before.tif
candidates/incident_78967/candidate_13/incident_78967_candidate_13_slope.tif
candidates/incident_78967/candidate_14/incident_78967_candidate_14_mask.tif
candidates/incident_78967/candidate_13/incident_78967_candidate_13_after.tif
candidates/incident_78967/candidate_14/incident_78967_candidate_14_before.tif
candidates/incident_78967/candidate_14/incident_78967_candidate_14_slope.tif
candidates/incident_78967/candidate_15/incident_78967_candidate_15_mask.tif
candidates/incident_78967/candidate_15/incident_78967_candidate_15_after.tif
candidates/incident_78967/candidate_15/incident_78967_candidate_15_slope.tif
candidates/incident_78967/candidate_14/incident_78967_candidate_14_after.tif
candidates/incident_78967/candidate_15/incident_78967_candidate_15_before.tif
candidates/incident_78967/candidate_16/incident_78967_candidate_16_mask.tif
candidates/incident_78967/candidate_16/incident_78967_candidate_16_slope.tif
candidates/incident_78967/candidate_16/incident_78967_candidate_16_after.tif
candidates/incident_78967/candidate_17/incident_78967_candidate_17_mask.tif
candidates/incident_78967/candidate_17/incident_78967_candidate_17_slope.tif
candidates/incident_78967/candidate_17/incident_78967_candidate_17_after.tif
candidates/incident_78967/candidate_16/incident_78967_candidate_16_before.tif
candidates/incident_78967/candidate_17/incident_78967_candidate_17_before.tif
candidates/incident_78967/candidate_18/incident_78967_candidate_18_mask.tif
candidates/incident_78967/candidate_18/incident_78967_candidate_18_after.tif
candidates/incident_78967/candidate_18/incident_78967_candidate_18_slope.tif
candidates/incident_78967/candidate_18/incident_78967_candidate_18_before.tif
candidates/incident_78967/candidate_19/incident_78967_candidate_19_mask.tif
candidates/incident_78967/candidate_19/incident_78967_candidate_19_slope.tif
candidates/incident_78967/candidate_19/incident_78967_candidate_19_after.tif
candidates/incident_78967/candidate_2/incident_78967_candidate_2_mask.tif
candidates/incident_78967/candidate_2/incident_78967_candidate_2_slope.tif
candidates/incident_78967/candidate_19/incident_78967_candidate_19_before.tif
candidates/incident_78967/candidate_2/incident_78967_candidate_2_before.tif
candidates/incident_78967/candidate_2/incident_78967_candidate_2_after.tif
candidates/incident_78967/candidate_20/incident_78967_candidate_20_mask.tif
candidates/incident_78967/candidate_20/incident_78967_candidate_20_after.tif
candidates/incident_78967/candidate_20/incident_78967_candidate_20_slope.tif
candidates/incident_78967/candidate_21/incident_78967_candidate_21_mask.tif
candidates/incident_78967/candidate_21/incident_78967_candidate_21_slope.tif
candidates/incident_78967/candidate_21/incident_78967_candidate_21_before.tif
candidates/incident_78967/candidate_21/incident_78967_candidate_21_after.tif
candidates/incident_78967/candidate_22/incident_78967_candidate_22_mask.tif
candidates/incident_78967/candidate_20/incident_78967_candidate_20_before.tif
candidates/incident_78967/candidate_22/incident_78967_candidate_22_slope.tif
candidates/incident_78967/candidate_23/incident_78967_candidate_23_mask.tif
candidates/incident_78967/candidate_22/incident_78967_candidate_22_before.tif
candidates/incident_78967/candidate_23/incident_78967_candidate_23_slope.tif
candidates/incident_78967/candidate_22/incident_78967_candidate_22_after.tif
candidates/incident_78967/candidate_23/incident_78967_candidate_23_before.tif
candidates/incident_78967/candidate_24/incident_78967_candidate_24_mask.tif
candidates/incident_78967/candidate_24/incident_78967_candidate_24_slope.tif
candidates/incident_78967/candidate_24/incident_78967_candidate_24_before.tif
candidates/incident_78967/candidate_25/incident_78967_candidate_25_mask.tif
candidates/incident_78967/candidate_23/incident_78967_candidate_23_after.tif
candidates/incident_78967/candidate_25/incident_78967_candidate_25_slope.tif
candidates/incident_78967/candidate_24/incident_78967_candidate_24_after.tif
candidates/incident_78967/candidate_25/incident_78967_candidate_25_before.tif
candidates/incident_78967/candidate_26/incident_78967_candidate_26_mask.tif
candidates/incident_78967/candidate_26/incident_78967_candidate_26_slope.tif
candidates/incident_78967/candidate_25/incident_78967_candidate_25_after.tif
candidates/incident_78967/candidate_26/incident_78967_candidate_26_before.tif
candidates/incident_78967/candidate_27/incident_78967_candidate_27_mask.tif
candidates/incident_78967/candidate_27/incident_78967_candidate_27_slope.tif
candidates/incident_78967/candidate_27/incident_78967_candidate_27_before.tif
candidates/incident_78967/candidate_27/incident_78967_candidate_27_after.tif
candidates/incident_78967/candidate_26/incident_78967_candidate_26_after.tif
candidates/incident_78967/candidate_28/incident_78967_candidate_28_mask.tif
candidates/incident_78967/candidate_28/incident_78967_candidate_28_after.tif
candidates/incident_78967/candidate_28/incident_78967_candidate_28_before.tif
candidates/incident_78967/candidate_28/incident_78967_candidate_28_slope.tif
candidates/incident_78967/candidate_29/incident_78967_candidate_29_mask.tif
candidates/incident_78967/candidate_29/incident_78967_candidate_29_slope.tif
candidates/incident_78967/candidate_29/incident_78967_candidate_29_after.tif
candidates/incident_78967/candidate_3/incident_78967_candidate_3_mask.tif
candidates/incident_78967/candidate_3/incident_78967_candidate_3_slope.tif
candidates/incident_78967/candidate_3/incident_78967_candidate_3_after.tif
candidates/incident_78967/candidate_30/incident_78967_candidate_30_mask.tif
candidates/incident_78967/candidate_29/incident_78967_candidate_29_before.tif
candidates/incident_78967/candidate_30/incident_78967_candidate_30_before.tif
candidates/incident_78967/candidate_30/incident_78967_candidate_30_slope.tif
candidates/incident_78967/candidate_3/incident_78967_candidate_3_before.tif
candidates/incident_78967/candidate_31/incident_78967_candidate_31_mask.tif
candidates/incident_78967/candidate_31/incident_78967_candidate_31_after.tif
candidates/incident_78967/candidate_31/incident_78967_candidate_31_slope.tif
candidates/incident_78967/candidate_31/incident_78967_candidate_31_before.tif
candidates/incident_78967/candidate_30/incident_78967_candidate_30_after.tif
candidates/incident_78967/candidate_32/incident_78967_candidate_32_after.tif
candidates/incident_78967/candidate_32/incident_78967_candidate_32_mask.tif
candidates/incident_78967/candidate_32/incident_78967_candidate_32_slope.tif
candidates/incident_78967/candidate_32/incident_78967_candidate_32_before.tif
candidates/incident_78967/candidate_33/incident_78967_candidate_33_mask.tif
candidates/incident_78967/candidate_33/incident_78967_candidate_33_slope.tif
candidates/incident_78967/candidate_33/incident_78967_candidate_33_before.tif
candidates/incident_78967/candidate_33/incident_78967_candidate_33_after.tif
candidates/incident_78967/candidate_34/incident_78967_candidate_34_mask.tif
candidates/incident_78967/candidate_34/incident_78967_candidate_34_slope.tif
candidates/incident_78967/candidate_34/incident_78967_candidate_34_after.tif
candidates/incident_78967/candidate_35/incident_78967_candidate_35_mask.tif
candidates/incident_78967/candidate_34/incident_78967_candidate_34_before.tif
candidates/incident_78967/candidate_35/incident_78967_candidate_35_slope.tif
candidates/incident_78967/candidate_35/incident_78967_candidate_35_after.tif
candidates/incident_78967/candidate_35/incident_78967_candidate_35_before.tif
candidates/incident_78967/candidate_36/incident_78967_candidate_36_mask.tif
candidates/incident_78967/candidate_36/incident_78967_candidate_36_slope.tif
candidates/incident_78967/candidate_37/incident_78967_candidate_37_slope.tif
candidates/incident_78967/candidate_37/incident_78967_candidate_37_mask.tif
candidates/incident_78967/candidate_37/incident_78967_candidate_37_after.tif
candidates/incident_78967/candidate_36/incident_78967_candidate_36_after.tif
candidates/incident_78967/candidate_36/incident_78967_candidate_36_before.tif
candidates/incident_78967/candidate_37/incident_78967_candidate_37_before.tif
candidates/incident_78967/candidate_38/incident_78967_candidate_38_mask.tif
candidates/incident_78967/candidate_38/incident_78967_candidate_38_slope.tif
candidates/incident_78967/candidate_38/incident_78967_candidate_38_after.tif
candidates/incident_78967/candidate_38/incident_78967_candidate_38_before.tif
candidates/incident_78967/candidate_39/incident_78967_candidate_39_mask.tif
candidates/incident_78967/candidate_39/incident_78967_candidate_39_slope.tif
candidates/incident_78967/candidate_39/incident_78967_candidate_39_before.tif
candidates/incident_78967/candidate_4/incident_78967_candidate_4_mask.tif
candidates/incident_78967/candidate_4/incident_78967_candidate_4_slope.tif
candidates/incident_78967/candidate_39/incident_78967_candidate_39_after.tif
candidates/incident_78967/candidate_40/incident_78967_candidate_40_mask.tif
candidates/incident_78967/candidate_40/incident_78967_candidate_40_before.tif
candidates/incident_78967/candidate_4/incident_78967_candidate_4_after.tif
candidates/incident_78967/candidate_40/incident_78967_candidate_40_slope.tif
candidates/incident_78967/candidate_4/incident_78967_candidate_4_before.tif
candidates/incident_78967/candidate_40/incident_78967_candidate_40_after.tif
candidates/incident_78967/candidate_41/incident_78967_candidate_41_mask.tif
candidates/incident_78967/candidate_41/incident_78967_candidate_41_after.tif
candidates/incident_78967/candidate_41/incident_78967_candidate_41_slope.tif
candidates/incident_78967/candidate_42/incident_78967_candidate_42_mask.tif
candidates/incident_78967/candidate_42/incident_78967_candidate_42_slope.tif
candidates/incident_78967/candidate_42/incident_78967_candidate_42_after.tif
candidates/incident_78967/candidate_42/incident_78967_candidate_42_before.tif
candidates/incident_78967/candidate_43/incident_78967_candidate_43_mask.tif
candidates/incident_78967/candidate_41/incident_78967_candidate_41_before.tif
candidates/incident_78967/candidate_43/incident_78967_candidate_43_after.tif
candidates/incident_78967/candidate_43/incident_78967_candidate_43_slope.tif
candidates/incident_78967/candidate_44/incident_78967_candidate_44_mask.tif
candidates/incident_78967/candidate_44/incident_78967_candidate_44_slope.tif
candidates/incident_78967/candidate_44/incident_78967_candidate_44_before.tif
candidates/incident_78967/candidate_43/incident_78967_candidate_43_before.tif
candidates/incident_78967/candidate_44/incident_78967_candidate_44_after.tif
candidates/incident_78967/candidate_45/incident_78967_candidate_45_mask.tif
candidates/incident_78967/candidate_45/incident_78967_candidate_45_slope.tif
candidates/incident_78967/candidate_45/incident_78967_candidate_45_before.tif
candidates/incident_78967/candidate_46/incident_78967_candidate_46_slope.tif
candidates/incident_78967/candidate_46/incident_78967_candidate_46_mask.tif
candidates/incident_78967/candidate_45/incident_78967_candidate_45_after.tif
candidates/incident_78967/candidate_46/incident_78967_candidate_46_after.tif
candidates/incident_78967/candidate_47/incident_78967_candidate_47_after.tif
candidates/incident_78967/candidate_47/incident_78967_candidate_47_mask.tif
candidates/incident_78967/candidate_46/incident_78967_candidate_46_before.tif
candidates/incident_78967/candidate_47/incident_78967_candidate_47_slope.tif
candidates/incident_78967/candidate_48/incident_78967_candidate_48_mask.tif
candidates/incident_78967/candidate_48/incident_78967_candidate_48_slope.tif
candidates/incident_78967/candidate_48/incident_78967_candidate_48_after.tif
candidates/incident_78967/candidate_48/incident_78967_candidate_48_before.tif
candidates/incident_78967/candidate_49/incident_78967_candidate_49_mask.tif
candidates/incident_78967/candidate_47/incident_78967_candidate_47_before.tif
candidates/incident_78967/candidate_49/incident_78967_candidate_49_slope.tif
candidates/incident_78967/candidate_49/incident_78967_candidate_49_after.tif
candidates/incident_78967/candidate_49/incident_78967_candidate_49_before.tif
candidates/incident_78967/candidate_5/incident_78967_candidate_5_mask.tif
candidates/incident_78967/candidate_5/incident_78967_candidate_5_slope.tif
candidates/incident_78967/candidate_50/incident_78967_candidate_50_mask.tif
candidates/incident_78967/candidate_5/incident_78967_candidate_5_before.tif
candidates/incident_78967/candidate_50/incident_78967_candidate_50_slope.tif
candidates/incident_78967/candidate_51/incident_78967_candidate_51_slope.tif
candidates/incident_78967/candidate_51/incident_78967_candidate_51_mask.tif
candidates/incident_78967/candidate_5/incident_78967_candidate_5_after.tif
candidates/incident_78967/candidate_52/incident_78967_candidate_52_mask.tif
candidates/incident_78967/candidate_52/incident_78967_candidate_52_slope.tif
candidates/incident_78967/candidate_53/incident_78967_candidate_53_mask.tif
candidates/incident_78967/candidate_53/incident_78967_candidate_53_slope.tif
candidates/incident_78967/candidate_54/incident_78967_candidate_54_mask.tif
candidates/incident_78967/candidate_54/incident_78967_candidate_54_slope.tif
candidates/incident_78967/candidate_55/incident_78967_candidate_55_slope.tif
candidates/incident_78967/candidate_55/incident_78967_candidate_55_mask.tif
candidates/incident_78967/candidate_56/incident_78967_candidate_56_mask.tif
candidates/incident_78967/candidate_56/incident_78967_candidate_56_slope.tif
candidates/incident_78967/candidate_57/incident_78967_candidate_57_mask.tif
candidates/incident_78967/candidate_57/incident_78967_candidate_57_slope.tif
candidates/incident_78967/candidate_58/incident_78967_candidate_58_mask.tif
candidates/incident_78967/candidate_58/incident_78967_candidate_58_slope.tif
candidates/incident_78967/candidate_59/incident_78967_candidate_59_mask.tif
candidates/incident_78967/candidate_59/incident_78967_candidate_59_slope.tif
candidates/incident_78967/candidate_6/incident_78967_candidate_6_slope.tif
candidates/incident_78967/candidate_6/incident_78967_candidate_6_mask.tif
candidates/incident_78967/candidate_60/incident_78967_candidate_60_mask.tif
candidates/incident_78967/candidate_60/incident_78967_candidate_60_slope.tif
candidates/incident_78967/candidate_61/incident_78967_candidate_61_mask.tif
candidates/incident_78967/candidate_61/incident_78967_candidate_61_slope.tif
candidates/incident_78967/candidate_62/incident_78967_candidate_62_mask.tif
candidates/incident_78967/candidate_62/incident_78967_candidate_62_slope.tif
candidates/incident_78967/candidate_63/incident_78967_candidate_63_mask.tif
candidates/incident_78967/candidate_63/incident_78967_candidate_63_slope.tif
candidates/incident_78967/candidate_64/incident_78967_candidate_64_mask.tif
candidates/incident_78967/candidate_64/incident_78967_candidate_64_slope.tif
candidates/incident_78967/candidate_65/incident_78967_candidate_65_mask.tif
candidates/incident_78967/candidate_65/incident_78967_candidate_65_slope.tif
candidates/incident_78967/candidate_66/incident_78967_candidate_66_mask.tif
candidates/incident_78967/candidate_66/incident_78967_candidate_66_slope.tif
candidates/incident_78967/candidate_67/incident_78967_candidate_67_slope.tif
candidates/incident_78967/candidate_67/incident_78967_candidate_67_mask.tif
candidates/incident_78967/candidate_68/incident_78967_candidate_68_mask.tif
candidates/incident_78967/candidate_68/incident_78967_candidate_68_slope.tif
candidates/incident_78967/candidate_69/incident_78967_candidate_69_mask.tif
candidates/incident_78967/candidate_69/incident_78967_candidate_69_slope.tif
candidates/incident_78967/candidate_7/incident_78967_candidate_7_mask.tif
candidates/incident_78967/candidate_7/incident_78967_candidate_7_slope.tif
candidates/incident_78967/candidate_70/incident_78967_candidate_70_slope.tif
candidates/incident_78967/candidate_70/incident_78967_candidate_70_mask.tif
candidates/incident_78967/candidate_71/incident_78967_candidate_71_mask.tif
candidates/incident_78967/candidate_71/incident_78967_candidate_71_slope.tif
candidates/incident_78967/candidate_72/incident_78967_candidate_72_mask.tif
candidates/incident_78967/candidate_72/incident_78967_candidate_72_slope.tif
candidates/incident_78967/candidate_73/incident_78967_candidate_73_mask.tif
candidates/incident_78967/candidate_73/incident_78967_candidate_73_slope.tif
candidates/incident_78967/candidate_74/incident_78967_candidate_74_mask.tif
candidates/incident_78967/candidate_74/incident_78967_candidate_74_slope.tif
candidates/incident_78967/candidate_75/incident_78967_candidate_75_mask.tif
candidates/incident_78967/candidate_75/incident_78967_candidate_75_slope.tif
candidates/incident_78967/candidate_76/incident_78967_candidate_76_mask.tif
candidates/incident_78967/candidate_76/incident_78967_candidate_76_slope.tif
candidates/incident_78967/candidate_77/incident_78967_candidate_77_mask.tif
candidates/incident_78967/candidate_77/incident_78967_candidate_77_slope.tif
candidates/incident_78967/candidate_78/incident_78967_candidate_78_mask.tif
candidates/incident_78967/candidate_78/incident_78967_candidate_78_slope.tif
candidates/incident_78967/candidate_79/incident_78967_candidate_79_mask.tif
candidates/incident_78967/candidate_79/incident_78967_candidate_79_slope.tif
candidates/incident_78967/candidate_8/incident_78967_candidate_8_mask.tif
candidates/incident_78967/candidate_8/incident_78967_candidate_8_slope.tif
candidates/incident_78967/candidate_80/incident_78967_candidate_80_mask.tif
candidates/incident_78967/candidate_80/incident_78967_candidate_80_slope.tif
candidates/incident_78967/candidate_81/incident_78967_candidate_81_mask.tif
candidates/incident_78967/candidate_81/incident_78967_candidate_81_slope.tif
candidates/incident_78967/candidate_82/incident_78967_candidate_82_mask.tif
candidates/incident_78967/candidate_82/incident_78967_candidate_82_slope.tif
candidates/incident_78967/candidate_83/incident_78967_candidate_83_slope.tif
candidates/incident_78967/candidate_83/incident_78967_candidate_83_mask.tif
candidates/incident_78967/candidate_83/incident_78967_candidate_83_after.tif
candidates/incident_78967/candidate_82/incident_78967_candidate_82_before.tif
candidates/incident_78967/candidate_84/incident_78967_candidate_84_mask.tif
candidates/incident_78967/candidate_83/incident_78967_candidate_83_before.tif
candidates/incident_78967/candidate_84/incident_78967_candidate_84_slope.tif
candidates/incident_78967/candidate_84/incident_78967_candidate_84_before.tif
candidates/incident_78967/candidate_85/incident_78967_candidate_85_mask.tif
candidates/incident_78967/candidate_85/incident_78967_candidate_85_slope.tif
candidates/incident_78967/candidate_85/incident_78967_candidate_85_after.tif
candidates/incident_78967/candidate_84/incident_78967_candidate_84_after.tif
candidates/incident_78967/candidate_86/incident_78967_candidate_86_mask.tif
candidates/incident_78967/candidate_86/incident_78967_candidate_86_after.tif
candidates/incident_78967/candidate_86/incident_78967_candidate_86_slope.tif
candidates/incident_78967/candidate_85/incident_78967_candidate_85_before.tif
candidates/incident_78967/candidate_87/incident_78967_candidate_87_mask.tif
candidates/incident_78967/candidate_86/incident_78967_candidate_86_before.tif
candidates/incident_78967/candidate_87/incident_78967_candidate_87_slope.tif
candidates/incident_78967/candidate_87/incident_78967_candidate_87_after.tif
candidates/incident_78967/candidate_87/incident_78967_candidate_87_before.tif
candidates/incident_78967/candidate_88/incident_78967_candidate_88_after.tif
candidates/incident_78967/candidate_88/incident_78967_candidate_88_mask.tif
candidates/incident_78967/candidate_88/incident_78967_candidate_88_slope.tif
candidates/incident_78967/candidate_89/incident_78967_candidate_89_mask.tif
candidates/incident_78967/candidate_89/incident_78967_candidate_89_slope.tif
candidates/incident_78967/candidate_88/incident_78967_candidate_88_before.tif
candidates/incident_78967/candidate_89/incident_78967_candidate_89_before.tif
candidates/incident_78967/candidate_9/incident_78967_candidate_9_mask.tif
candidates/incident_78967/candidate_89/incident_78967_candidate_89_after.tif
candidates/incident_78967/candidate_9/incident_78967_candidate_9_slope.tif
candidates/incident_78967/candidate_9/incident_78967_candidate_9_before.tif
candidates/incident_78967/candidate_90/incident_78967_candidate_90_mask.tif
candidates/incident_78967/candidate_90/incident_78967_candidate_90_after.tif
candidates/incident_78967/candidate_90/incident_78967_candidate_90_slope.tif
candidates/incident_78967/candidate_91/incident_78967_candidate_91_after.tif
candidates/incident_78967/candidate_90/incident_78967_candidate_90_before.tif
candidates/incident_78967/candidate_9/incident_78967_candidate_9_after.tif
candidates/incident_78967/candidate_91/incident_78967_candidate_91_slope.tif
candidates/incident_78967/candidate_91/incident_78967_candidate_91_mask.tif
candidates/incident_78967/candidate_91/incident_78967_candidate_91_before.tif
candidates/incident_78967/candidate_92/incident_78967_candidate_92_before.tif
candidates/incident_78967/candidate_92/incident_78967_candidate_92_slope.tif
candidates/incident_78967/candidate_92/incident_78967_candidate_92_mask.tif
candidates/incident_78967/candidate_93/incident_78967_candidate_93_mask.tif
candidates/incident_78967/candidate_92/incident_78967_candidate_92_after.tif
candidates/incident_78967/candidate_93/incident_78967_candidate_93_slope.tif
candidates/incident_78967/candidate_93/incident_78967_candidate_93_after.tif
candidates/incident_78967/candidate_93/incident_78967_candidate_93_before.tif
candidates/incident_78967/candidate_94/incident_78967_candidate_94_mask.tif
candidates/incident_78967/candidate_94/incident_78967_candidate_94_slope.tif
candidates/incident_78967/candidate_95/incident_78967_candidate_95_slope.tif
candidates/incident_78967/candidate_95/incident_78967_candidate_95_mask.tif
candidates/incident_78967/candidate_94/incident_78967_candidate_94_before.tif
candidates/incident_78967/candidate_95/incident_78967_candidate_95_before.tif
candidates/incident_78967/candidate_94/incident_78967_candidate_94_after.tif
candidates/incident_78969/candidate_1/incident_78969_candidate_1_slope.tif
candidates/incident_78969/candidate_1/incident_78969_candidate_1_mask.tif
candidates/incident_78969/candidate_1/incident_78969_candidate_1_after.tif
candidates/incident_78969/candidate_10/incident_78969_candidate_10_mask.tif
candidates/incident_78969/candidate_10/incident_78969_candidate_10_after.tif
candidates/incident_78967/candidate_95/incident_78967_candidate_95_after.tif
candidates/incident_78969/candidate_1/incident_78969_candidate_1_before.tif
candidates/incident_78969/candidate_10/incident_78969_candidate_10_slope.tif
candidates/incident_78969/candidate_10/incident_78969_candidate_10_before.tif
candidates/incident_78969/candidate_11/incident_78969_candidate_11_mask.tif
candidates/incident_78969/candidate_11/incident_78969_candidate_11_after.tif
candidates/incident_78969/candidate_11/incident_78969_candidate_11_slope.tif
candidates/incident_78969/candidate_12/incident_78969_candidate_12_mask.tif
candidates/incident_78969/candidate_12/incident_78969_candidate_12_slope.tif
candidates/incident_78969/candidate_13/incident_78969_candidate_13_mask.tif
candidates/incident_78969/candidate_13/incident_78969_candidate_13_slope.tif
candidates/incident_78969/candidate_13/incident_78969_candidate_13_after.tif
candidates/incident_78969/candidate_11/incident_78969_candidate_11_before.tif
candidates/incident_78969/candidate_14/incident_78969_candidate_14_mask.tif
candidates/incident_78969/candidate_12/incident_78969_candidate_12_after.tif
candidates/incident_78969/candidate_14/incident_78969_candidate_14_after.tif
candidates/incident_78969/candidate_14/incident_78969_candidate_14_slope.tif
candidates/incident_78969/candidate_13/incident_78969_candidate_13_before.tif
candidates/incident_78969/candidate_12/incident_78969_candidate_12_before.tif
candidates/incident_78969/candidate_15/incident_78969_candidate_15_after.tif
candidates/incident_78969/candidate_15/incident_78969_candidate_15_mask.tif
candidates/incident_78969/candidate_15/incident_78969_candidate_15_slope.tif
candidates/incident_78969/candidate_14/incident_78969_candidate_14_before.tif
candidates/incident_78969/candidate_16/incident_78969_candidate_16_mask.tif
candidates/incident_78969/candidate_15/incident_78969_candidate_15_before.tif
candidates/incident_78969/candidate_16/incident_78969_candidate_16_before.tif
candidates/incident_78969/candidate_16/incident_78969_candidate_16_slope.tif
candidates/incident_78969/candidate_17/incident_78969_candidate_17_mask.tif
candidates/incident_78969/candidate_16/incident_78969_candidate_16_after.tif
candidates/incident_78969/candidate_17/incident_78969_candidate_17_slope.tif
candidates/incident_78969/candidate_17/incident_78969_candidate_17_after.tif
candidates/incident_78969/candidate_18/incident_78969_candidate_18_mask.tif
candidates/incident_78969/candidate_18/incident_78969_candidate_18_slope.tif
candidates/incident_78969/candidate_18/incident_78969_candidate_18_after.tif
candidates/incident_78969/candidate_18/incident_78969_candidate_18_before.tif
candidates/incident_78969/candidate_19/incident_78969_candidate_19_mask.tif
candidates/incident_78969/candidate_17/incident_78969_candidate_17_before.tif
candidates/incident_78969/candidate_19/incident_78969_candidate_19_slope.tif
candidates/incident_78969/candidate_19/incident_78969_candidate_19_before.tif
candidates/incident_78969/candidate_19/incident_78969_candidate_19_after.tif
candidates/incident_78969/candidate_2/incident_78969_candidate_2_slope.tif
candidates/incident_78969/candidate_2/incident_78969_candidate_2_mask.tif
candidates/incident_78969/candidate_2/incident_78969_candidate_2_after.tif
candidates/incident_78969/candidate_2/incident_78969_candidate_2_before.tif
candidates/incident_78969/candidate_20/incident_78969_candidate_20_mask.tif
candidates/incident_78969/candidate_20/incident_78969_candidate_20_after.tif
candidates/incident_78969/candidate_20/incident_78969_candidate_20_slope.tif
candidates/incident_78969/candidate_20/incident_78969_candidate_20_before.tif
candidates/incident_78969/candidate_21/incident_78969_candidate_21_mask.tif
candidates/incident_78969/candidate_21/incident_78969_candidate_21_slope.tif
candidates/incident_78969/candidate_21/incident_78969_candidate_21_after.tif
candidates/incident_78969/candidate_21/incident_78969_candidate_21_before.tif
candidates/incident_78969/candidate_22/incident_78969_candidate_22_slope.tif
candidates/incident_78969/candidate_22/incident_78969_candidate_22_mask.tif
candidates/incident_78969/candidate_22/incident_78969_candidate_22_after.tif
candidates/incident_78969/candidate_22/incident_78969_candidate_22_before.tif
candidates/incident_78969/candidate_23/incident_78969_candidate_23_mask.tif
candidates/incident_78969/candidate_23/incident_78969_candidate_23_slope.tif
candidates/incident_78969/candidate_23/incident_78969_candidate_23_before.tif
candidates/incident_78969/candidate_24/incident_78969_candidate_24_mask.tif
candidates/incident_78969/candidate_24/incident_78969_candidate_24_before.tif
candidates/incident_78969/candidate_24/incident_78969_candidate_24_slope.tif
candidates/incident_78969/candidate_24/incident_78969_candidate_24_after.tif
candidates/incident_78969/candidate_23/incident_78969_candidate_23_after.tif
candidates/incident_78969/candidate_25/incident_78969_candidate_25_mask.tif
candidates/incident_78969/candidate_25/incident_78969_candidate_25_after.tif
candidates/incident_78969/candidate_25/incident_78969_candidate_25_slope.tif
candidates/incident_78969/candidate_26/incident_78969_candidate_26_mask.tif
candidates/incident_78969/candidate_26/incident_78969_candidate_26_slope.tif
candidates/incident_78969/candidate_26/incident_78969_candidate_26_before.tif
candidates/incident_78969/candidate_26/incident_78969_candidate_26_after.tif
candidates/incident_78969/candidate_27/incident_78969_candidate_27_mask.tif
candidates/incident_78969/candidate_25/incident_78969_candidate_25_before.tif
candidates/incident_78969/candidate_27/incident_78969_candidate_27_before.tif
candidates/incident_78969/candidate_27/incident_78969_candidate_27_slope.tif
candidates/incident_78969/candidate_28/incident_78969_candidate_28_mask.tif
candidates/incident_78969/candidate_28/incident_78969_candidate_28_slope.tif
candidates/incident_78969/candidate_27/incident_78969_candidate_27_after.tif
candidates/incident_78969/candidate_28/incident_78969_candidate_28_after.tif
candidates/incident_78969/candidate_28/incident_78969_candidate_28_before.tif
candidates/incident_78969/candidate_29/incident_78969_candidate_29_mask.tif
candidates/incident_78969/candidate_29/incident_78969_candidate_29_after.tif
candidates/incident_78969/candidate_29/incident_78969_candidate_29_slope.tif
candidates/incident_78969/candidate_29/incident_78969_candidate_29_before.tif
candidates/incident_78969/candidate_3/incident_78969_candidate_3_mask.tif
candidates/incident_78969/candidate_3/incident_78969_candidate_3_after.tif
candidates/incident_78969/candidate_3/incident_78969_candidate_3_slope.tif
candidates/incident_78969/candidate_3/incident_78969_candidate_3_before.tif
candidates/incident_78969/candidate_30/incident_78969_candidate_30_mask.tif
candidates/incident_78969/candidate_30/incident_78969_candidate_30_slope.tif
candidates/incident_78969/candidate_30/incident_78969_candidate_30_before.tif
candidates/incident_78969/candidate_31/incident_78969_candidate_31_slope.tif
candidates/incident_78969/candidate_31/incident_78969_candidate_31_mask.tif
candidates/incident_78969/candidate_30/incident_78969_candidate_30_after.tif
candidates/incident_78969/candidate_31/incident_78969_candidate_31_after.tif
candidates/incident_78969/candidate_31/incident_78969_candidate_31_before.tif
candidates/incident_78969/candidate_32/incident_78969_candidate_32_mask.tif
candidates/incident_78969/candidate_32/incident_78969_candidate_32_slope.tif
candidates/incident_78969/candidate_32/incident_78969_candidate_32_before.tif
candidates/incident_78969/candidate_32/incident_78969_candidate_32_after.tif
candidates/incident_78969/candidate_33/incident_78969_candidate_33_mask.tif
candidates/incident_78969/candidate_33/incident_78969_candidate_33_before.tif
candidates/incident_78969/candidate_33/incident_78969_candidate_33_slope.tif
candidates/incident_78969/candidate_33/incident_78969_candidate_33_after.tif
candidates/incident_78969/candidate_34/incident_78969_candidate_34_slope.tif
candidates/incident_78969/candidate_34/incident_78969_candidate_34_mask.tif
candidates/incident_78969/candidate_34/incident_78969_candidate_34_after.tif
candidates/incident_78969/candidate_34/incident_78969_candidate_34_before.tif
candidates/incident_78969/candidate_35/incident_78969_candidate_35_mask.tif
candidates/incident_78969/candidate_35/incident_78969_candidate_35_slope.tif
candidates/incident_78969/candidate_35/incident_78969_candidate_35_before.tif
candidates/incident_78969/candidate_4/incident_78969_candidate_4_slope.tif
candidates/incident_78969/candidate_4/incident_78969_candidate_4_mask.tif
candidates/incident_78969/candidate_4/incident_78969_candidate_4_after.tif
candidates/incident_78969/candidate_35/incident_78969_candidate_35_after.tif
candidates/incident_78969/candidate_5/incident_78969_candidate_5_mask.tif
candidates/incident_78969/candidate_5/incident_78969_candidate_5_slope.tif
candidates/incident_78969/candidate_5/incident_78969_candidate_5_before.tif
candidates/incident_78969/candidate_6/incident_78969_candidate_6_mask.tif
candidates/incident_78969/candidate_5/incident_78969_candidate_5_after.tif
candidates/incident_78969/candidate_4/incident_78969_candidate_4_before.tif
candidates/incident_78969/candidate_6/incident_78969_candidate_6_after.tif
candidates/incident_78969/candidate_6/incident_78969_candidate_6_slope.tif
candidates/incident_78969/candidate_6/incident_78969_candidate_6_before.tif
candidates/incident_78969/candidate_7/incident_78969_candidate_7_mask.tif
candidates/incident_78969/candidate_7/incident_78969_candidate_7_slope.tif
candidates/incident_78969/candidate_7/incident_78969_candidate_7_after.tif
candidates/incident_78969/candidate_8/incident_78969_candidate_8_mask.tif
candidates/incident_78969/candidate_8/incident_78969_candidate_8_after.tif
candidates/incident_78969/candidate_8/incident_78969_candidate_8_slope.tif
candidates/incident_78969/candidate_9/incident_78969_candidate_9_mask.tif
candidates/incident_78969/candidate_9/incident_78969_candidate_9_slope.tif
candidates/incident_78969/candidate_9/incident_78969_candidate_9_after.tif
candidates/incident_78969/candidate_8/incident_78969_candidate_8_before.tif
candidates/incident_78969/candidate_9/incident_78969_candidate_9_before.tif
candidates/incident_78969/candidate_7/incident_78969_candidate_7_before.tif
candidates/incident_79088/candidate_1/incident_79088_candidate_1_mask.tif
candidates/incident_79088/candidate_1/incident_79088_candidate_1_slope.tif
candidates/incident_79088/candidate_10/incident_79088_candidate_10_mask.tif
candidates/incident_79088/candidate_1/incident_79088_candidate_1_after.tif
candidates/incident_79088/candidate_1/incident_79088_candidate_1_before.tif
candidates/incident_79088/candidate_10/incident_79088_candidate_10_after.tif
candidates/incident_79088/candidate_10/incident_79088_candidate_10_before.tif
candidates/incident_79088/candidate_10/incident_79088_candidate_10_slope.tif
candidates/incident_79088/candidate_100/incident_79088_candidate_100_mask.tif
candidates/incident_79088/candidate_100/incident_79088_candidate_100_slope.tif
candidates/incident_79088/candidate_11/incident_79088_candidate_11_mask.tif
candidates/incident_79088/candidate_11/incident_79088_candidate_11_slope.tif
candidates/incident_79088/candidate_100/incident_79088_candidate_100_before.tif
candidates/incident_79088/candidate_11/incident_79088_candidate_11_after.tif
candidates/incident_79088/candidate_11/incident_79088_candidate_11_before.tif
candidates/incident_79088/candidate_100/incident_79088_candidate_100_after.tif
candidates/incident_79088/candidate_12/incident_79088_candidate_12_mask.tif
candidates/incident_79088/candidate_12/incident_79088_candidate_12_slope.tif
candidates/incident_79088/candidate_12/incident_79088_candidate_12_after.tif
candidates/incident_79088/candidate_12/incident_79088_candidate_12_before.tif
candidates/incident_79088/candidate_13/incident_79088_candidate_13_mask.tif
candidates/incident_79088/candidate_13/incident_79088_candidate_13_after.tif
candidates/incident_79088/candidate_13/incident_79088_candidate_13_slope.tif
candidates/incident_79088/candidate_14/incident_79088_candidate_14_mask.tif
candidates/incident_79088/candidate_13/incident_79088_candidate_13_before.tif
candidates/incident_79088/candidate_14/incident_79088_candidate_14_slope.tif
candidates/incident_79088/candidate_14/incident_79088_candidate_14_after.tif
candidates/incident_79088/candidate_15/incident_79088_candidate_15_mask.tif
candidates/incident_79088/candidate_14/incident_79088_candidate_14_before.tif
candidates/incident_79088/candidate_15/incident_79088_candidate_15_slope.tif
candidates/incident_79088/candidate_15/incident_79088_candidate_15_after.tif
candidates/incident_79088/candidate_15/incident_79088_candidate_15_before.tif
candidates/incident_79088/candidate_16/incident_79088_candidate_16_mask.tif
candidates/incident_79088/candidate_16/incident_79088_candidate_16_slope.tif
candidates/incident_79088/candidate_17/incident_79088_candidate_17_mask.tif
candidates/incident_79088/candidate_17/incident_79088_candidate_17_slope.tif
candidates/incident_79088/candidate_17/incident_79088_candidate_17_before.tif
candidates/incident_79088/candidate_16/incident_79088_candidate_16_before.tif
candidates/incident_79088/candidate_17/incident_79088_candidate_17_after.tif
candidates/incident_79088/candidate_18/incident_79088_candidate_18_mask.tif
candidates/incident_79088/candidate_16/incident_79088_candidate_16_after.tif
candidates/incident_79088/candidate_18/incident_79088_candidate_18_after.tif
candidates/incident_79088/candidate_18/incident_79088_candidate_18_slope.tif
candidates/incident_79088/candidate_18/incident_79088_candidate_18_before.tif
candidates/incident_79088/candidate_19/incident_79088_candidate_19_mask.tif
candidates/incident_79088/candidate_19/incident_79088_candidate_19_slope.tif
candidates/incident_79088/candidate_19/incident_79088_candidate_19_after.tif
candidates/incident_79088/candidate_2/incident_79088_candidate_2_mask.tif
candidates/incident_79088/candidate_2/incident_79088_candidate_2_slope.tif
candidates/incident_79088/candidate_19/incident_79088_candidate_19_before.tif
candidates/incident_79088/candidate_2/incident_79088_candidate_2_after.tif
candidates/incident_79088/candidate_20/incident_79088_candidate_20_mask.tif
candidates/incident_79088/candidate_2/incident_79088_candidate_2_before.tif
candidates/incident_79088/candidate_20/incident_79088_candidate_20_after.tif
candidates/incident_79088/candidate_20/incident_79088_candidate_20_slope.tif
candidates/incident_79088/candidate_20/incident_79088_candidate_20_before.tif
candidates/incident_79088/candidate_21/incident_79088_candidate_21_mask.tif
candidates/incident_79088/candidate_21/incident_79088_candidate_21_after.tif
candidates/incident_79088/candidate_21/incident_79088_candidate_21_slope.tif
candidates/incident_79088/candidate_21/incident_79088_candidate_21_before.tif
candidates/incident_79088/candidate_22/incident_79088_candidate_22_mask.tif
candidates/incident_79088/candidate_22/incident_79088_candidate_22_after.tif
candidates/incident_79088/candidate_22/incident_79088_candidate_22_slope.tif
candidates/incident_79088/candidate_22/incident_79088_candidate_22_before.tif
candidates/incident_79088/candidate_23/incident_79088_candidate_23_slope.tif
candidates/incident_79088/candidate_23/incident_79088_candidate_23_mask.tif
candidates/incident_79088/candidate_23/incident_79088_candidate_23_before.tif
candidates/incident_79088/candidate_24/incident_79088_candidate_24_mask.tif
candidates/incident_79088/candidate_24/incident_79088_candidate_24_after.tif
candidates/incident_79088/candidate_23/incident_79088_candidate_23_after.tif
candidates/incident_79088/candidate_24/incident_79088_candidate_24_slope.tif
candidates/incident_79088/candidate_24/incident_79088_candidate_24_before.tif
candidates/incident_79088/candidate_25/incident_79088_candidate_25_slope.tif
candidates/incident_79088/candidate_25/incident_79088_candidate_25_mask.tif
candidates/incident_79088/candidate_26/incident_79088_candidate_26_mask.tif
candidates/incident_79088/candidate_25/incident_79088_candidate_25_before.tif
candidates/incident_79088/candidate_25/incident_79088_candidate_25_after.tif
candidates/incident_79088/candidate_26/incident_79088_candidate_26_before.tif
candidates/incident_79088/candidate_26/incident_79088_candidate_26_slope.tif
candidates/incident_79088/candidate_27/incident_79088_candidate_27_slope.tif
candidates/incident_79088/candidate_27/incident_79088_candidate_27_mask.tif
candidates/incident_79088/candidate_26/incident_79088_candidate_26_after.tif
candidates/incident_79088/candidate_27/incident_79088_candidate_27_after.tif
candidates/incident_79088/candidate_27/incident_79088_candidate_27_before.tif
candidates/incident_79088/candidate_28/incident_79088_candidate_28_mask.tif
candidates/incident_79088/candidate_28/incident_79088_candidate_28_slope.tif
candidates/incident_79088/candidate_28/incident_79088_candidate_28_after.tif
candidates/incident_79088/candidate_29/incident_79088_candidate_29_mask.tif
candidates/incident_79088/candidate_29/incident_79088_candidate_29_after.tif
candidates/incident_79088/candidate_29/incident_79088_candidate_29_slope.tif
candidates/incident_79088/candidate_29/incident_79088_candidate_29_before.tif
candidates/incident_79088/candidate_28/incident_79088_candidate_28_before.tif
candidates/incident_79088/candidate_3/incident_79088_candidate_3_mask.tif
candidates/incident_79088/candidate_3/incident_79088_candidate_3_after.tif
candidates/incident_79088/candidate_3/incident_79088_candidate_3_slope.tif
candidates/incident_79088/candidate_30/incident_79088_candidate_30_mask.tif
candidates/incident_79088/candidate_30/incident_79088_candidate_30_slope.tif
candidates/incident_79088/candidate_30/incident_79088_candidate_30_after.tif
candidates/incident_79088/candidate_30/incident_79088_candidate_30_before.tif
candidates/incident_79088/candidate_31/incident_79088_candidate_31_slope.tif
candidates/incident_79088/candidate_3/incident_79088_candidate_3_before.tif
candidates/incident_79088/candidate_31/incident_79088_candidate_31_mask.tif
candidates/incident_79088/candidate_31/incident_79088_candidate_31_before.tif
candidates/incident_79088/candidate_31/incident_79088_candidate_31_after.tif
candidates/incident_79088/candidate_32/incident_79088_candidate_32_after.tif
candidates/incident_79088/candidate_32/incident_79088_candidate_32_mask.tif
candidates/incident_79088/candidate_32/incident_79088_candidate_32_before.tif
candidates/incident_79088/candidate_32/incident_79088_candidate_32_slope.tif
candidates/incident_79088/candidate_33/incident_79088_candidate_33_slope.tif
candidates/incident_79088/candidate_33/incident_79088_candidate_33_mask.tif
candidates/incident_79088/candidate_33/incident_79088_candidate_33_before.tif
candidates/incident_79088/candidate_33/incident_79088_candidate_33_after.tif
candidates/incident_79088/candidate_34/incident_79088_candidate_34_mask.tif
candidates/incident_79088/candidate_34/incident_79088_candidate_34_slope.tif
candidates/incident_79088/candidate_34/incident_79088_candidate_34_before.tif
candidates/incident_79088/candidate_35/incident_79088_candidate_35_mask.tif
candidates/incident_79088/candidate_35/incident_79088_candidate_35_slope.tif
candidates/incident_79088/candidate_35/incident_79088_candidate_35_after.tif
candidates/incident_79088/candidate_36/incident_79088_candidate_36_mask.tif
candidates/incident_79088/candidate_34/incident_79088_candidate_34_after.tif
candidates/incident_79088/candidate_35/incident_79088_candidate_35_before.tif
candidates/incident_79088/candidate_36/incident_79088_candidate_36_before.tif
candidates/incident_79088/candidate_36/incident_79088_candidate_36_after.tif
candidates/incident_79088/candidate_36/incident_79088_candidate_36_slope.tif
candidates/incident_79088/candidate_37/incident_79088_candidate_37_after.tif
candidates/incident_79088/candidate_37/incident_79088_candidate_37_slope.tif
candidates/incident_79088/candidate_38/incident_79088_candidate_38_mask.tif
candidates/incident_79088/candidate_37/incident_79088_candidate_37_mask.tif
candidates/incident_79088/candidate_37/incident_79088_candidate_37_before.tif
candidates/incident_79088/candidate_38/incident_79088_candidate_38_slope.tif
candidates/incident_79088/candidate_38/incident_79088_candidate_38_after.tif
candidates/incident_79088/candidate_38/incident_79088_candidate_38_before.tif
candidates/incident_79088/candidate_39/incident_79088_candidate_39_mask.tif
candidates/incident_79088/candidate_39/incident_79088_candidate_39_slope.tif
candidates/incident_79088/candidate_39/incident_79088_candidate_39_after.tif
candidates/incident_79088/candidate_39/incident_79088_candidate_39_before.tif
candidates/incident_79088/candidate_4/incident_79088_candidate_4_mask.tif
candidates/incident_79088/candidate_4/incident_79088_candidate_4_after.tif
candidates/incident_79088/candidate_4/incident_79088_candidate_4_slope.tif
candidates/incident_79088/candidate_40/incident_79088_candidate_40_mask.tif
candidates/incident_79088/candidate_40/incident_79088_candidate_40_slope.tif
candidates/incident_79088/candidate_40/incident_79088_candidate_40_before.tif
candidates/incident_79088/candidate_41/incident_79088_candidate_41_mask.tif
candidates/incident_79088/candidate_4/incident_79088_candidate_4_before.tif
candidates/incident_79088/candidate_40/incident_79088_candidate_40_after.tif
candidates/incident_79088/candidate_41/incident_79088_candidate_41_slope.tif
candidates/incident_79088/candidate_42/incident_79088_candidate_42_mask.tif
candidates/incident_79088/candidate_42/incident_79088_candidate_42_slope.tif
candidates/incident_79088/candidate_41/incident_79088_candidate_41_after.tif
candidates/incident_79088/candidate_41/incident_79088_candidate_41_before.tif
candidates/incident_79088/candidate_42/incident_79088_candidate_42_before.tif
candidates/incident_79088/candidate_42/incident_79088_candidate_42_after.tif
candidates/incident_79088/candidate_43/incident_79088_candidate_43_mask.tif
candidates/incident_79088/candidate_43/incident_79088_candidate_43_after.tif
candidates/incident_79088/candidate_43/incident_79088_candidate_43_slope.tif
candidates/incident_79088/candidate_44/incident_79088_candidate_44_mask.tif
candidates/incident_79088/candidate_43/incident_79088_candidate_43_before.tif
candidates/incident_79088/candidate_44/incident_79088_candidate_44_after.tif
candidates/incident_79088/candidate_44/incident_79088_candidate_44_slope.tif
candidates/incident_79088/candidate_44/incident_79088_candidate_44_before.tif
candidates/incident_79088/candidate_45/incident_79088_candidate_45_mask.tif
candidates/incident_79088/candidate_45/incident_79088_candidate_45_slope.tif
candidates/incident_79088/candidate_45/incident_79088_candidate_45_after.tif
candidates/incident_79088/candidate_46/incident_79088_candidate_46_mask.tif
candidates/incident_79088/candidate_46/incident_79088_candidate_46_slope.tif
candidates/incident_79088/candidate_46/incident_79088_candidate_46_after.tif
candidates/incident_79088/candidate_46/incident_79088_candidate_46_before.tif
candidates/incident_79088/candidate_45/incident_79088_candidate_45_before.tif
candidates/incident_79088/candidate_47/incident_79088_candidate_47_mask.tif
candidates/incident_79088/candidate_47/incident_79088_candidate_47_after.tif
candidates/incident_79088/candidate_47/incident_79088_candidate_47_slope.tif
candidates/incident_79088/candidate_48/incident_79088_candidate_48_mask.tif
candidates/incident_79088/candidate_48/incident_79088_candidate_48_slope.tif
candidates/incident_79088/candidate_48/incident_79088_candidate_48_after.tif
candidates/incident_79088/candidate_48/incident_79088_candidate_48_before.tif
candidates/incident_79088/candidate_47/incident_79088_candidate_47_before.tif
candidates/incident_79088/candidate_49/incident_79088_candidate_49_mask.tif
candidates/incident_79088/candidate_49/incident_79088_candidate_49_after.tif
candidates/incident_79088/candidate_49/incident_79088_candidate_49_slope.tif
candidates/incident_79088/candidate_49/incident_79088_candidate_49_before.tif
candidates/incident_79088/candidate_5/incident_79088_candidate_5_mask.tif
candidates/incident_79088/candidate_5/incident_79088_candidate_5_slope.tif
candidates/incident_79088/candidate_5/incident_79088_candidate_5_after.tif
candidates/incident_79088/candidate_50/incident_79088_candidate_50_mask.tif
candidates/incident_79088/candidate_50/incident_79088_candidate_50_slope.tif
candidates/incident_79088/candidate_50/incident_79088_candidate_50_after.tif
candidates/incident_79088/candidate_51/incident_79088_candidate_51_mask.tif
candidates/incident_79088/candidate_50/incident_79088_candidate_50_before.tif
candidates/incident_79088/candidate_5/incident_79088_candidate_5_before.tif
candidates/incident_79088/candidate_51/incident_79088_candidate_51_slope.tif
candidates/incident_79088/candidate_51/incident_79088_candidate_51_before.tif
candidates/incident_79088/candidate_52/incident_79088_candidate_52_before.tif
candidates/incident_79088/candidate_52/incident_79088_candidate_52_mask.tif
candidates/incident_79088/candidate_52/incident_79088_candidate_52_slope.tif
candidates/incident_79088/candidate_51/incident_79088_candidate_51_after.tif
candidates/incident_79088/candidate_52/incident_79088_candidate_52_after.tif
candidates/incident_79088/candidate_53/incident_79088_candidate_53_mask.tif
candidates/incident_79088/candidate_53/incident_79088_candidate_53_before.tif
candidates/incident_79088/candidate_53/incident_79088_candidate_53_slope.tif
candidates/incident_79088/candidate_53/incident_79088_candidate_53_after.tif
candidates/incident_79088/candidate_54/incident_79088_candidate_54_mask.tif
candidates/incident_79088/candidate_54/incident_79088_candidate_54_slope.tif
candidates/incident_79088/candidate_54/incident_79088_candidate_54_after.tif
candidates/incident_79088/candidate_54/incident_79088_candidate_54_before.tif
candidates/incident_79088/candidate_55/incident_79088_candidate_55_mask.tif
candidates/incident_79088/candidate_55/incident_79088_candidate_55_after.tif
candidates/incident_79088/candidate_55/incident_79088_candidate_55_slope.tif
candidates/incident_79088/candidate_56/incident_79088_candidate_56_mask.tif
candidates/incident_79088/candidate_56/incident_79088_candidate_56_slope.tif
candidates/incident_79088/candidate_56/incident_79088_candidate_56_before.tif
candidates/incident_79088/candidate_57/incident_79088_candidate_57_mask.tif
candidates/incident_79088/candidate_56/incident_79088_candidate_56_after.tif
candidates/incident_79088/candidate_55/incident_79088_candidate_55_before.tif
candidates/incident_79088/candidate_57/incident_79088_candidate_57_after.tif
candidates/incident_79088/candidate_57/incident_79088_candidate_57_slope.tif
candidates/incident_79088/candidate_57/incident_79088_candidate_57_before.tif
candidates/incident_79088/candidate_58/incident_79088_candidate_58_mask.tif
candidates/incident_79088/candidate_58/incident_79088_candidate_58_after.tif
candidates/incident_79088/candidate_58/incident_79088_candidate_58_slope.tif
candidates/incident_79088/candidate_59/incident_79088_candidate_59_slope.tif
candidates/incident_79088/candidate_59/incident_79088_candidate_59_mask.tif
candidates/incident_79088/candidate_58/incident_79088_candidate_58_before.tif
candidates/incident_79088/candidate_59/incident_79088_candidate_59_before.tif
candidates/incident_79088/candidate_6/incident_79088_candidate_6_mask.tif
candidates/incident_79088/candidate_59/incident_79088_candidate_59_after.tif
candidates/incident_79088/candidate_6/incident_79088_candidate_6_after.tif
candidates/incident_79088/candidate_6/incident_79088_candidate_6_before.tif
candidates/incident_79088/candidate_6/incident_79088_candidate_6_slope.tif
candidates/incident_79088/candidate_60/incident_79088_candidate_60_mask.tif
candidates/incident_79088/candidate_60/incident_79088_candidate_60_slope.tif
candidates/incident_79088/candidate_61/incident_79088_candidate_61_mask.tif
candidates/incident_79088/candidate_61/incident_79088_candidate_61_slope.tif
candidates/incident_79088/candidate_60/incident_79088_candidate_60_before.tif
candidates/incident_79088/candidate_61/incident_79088_candidate_61_before.tif
candidates/incident_79088/candidate_60/incident_79088_candidate_60_after.tif
candidates/incident_79088/candidate_62/incident_79088_candidate_62_slope.tif
candidates/incident_79088/candidate_62/incident_79088_candidate_62_after.tif
candidates/incident_79088/candidate_62/incident_79088_candidate_62_mask.tif
candidates/incident_79088/candidate_62/incident_79088_candidate_62_before.tif
candidates/incident_79088/candidate_61/incident_79088_candidate_61_after.tif
candidates/incident_79088/candidate_63/incident_79088_candidate_63_mask.tif
candidates/incident_79088/candidate_63/incident_79088_candidate_63_before.tif
candidates/incident_79088/candidate_63/incident_79088_candidate_63_after.tif
candidates/incident_79088/candidate_63/incident_79088_candidate_63_slope.tif
candidates/incident_79088/candidate_64/incident_79088_candidate_64_mask.tif
candidates/incident_79088/candidate_64/incident_79088_candidate_64_slope.tif
candidates/incident_79088/candidate_64/incident_79088_candidate_64_before.tif
candidates/incident_79088/candidate_64/incident_79088_candidate_64_after.tif
candidates/incident_79088/candidate_65/incident_79088_candidate_65_mask.tif
candidates/incident_79088/candidate_65/incident_79088_candidate_65_slope.tif
candidates/incident_79088/candidate_65/incident_79088_candidate_65_before.tif
candidates/incident_79088/candidate_65/incident_79088_candidate_65_after.tif
candidates/incident_79088/candidate_66/incident_79088_candidate_66_mask.tif
candidates/incident_79088/candidate_66/incident_79088_candidate_66_slope.tif
candidates/incident_79088/candidate_66/incident_79088_candidate_66_after.tif
candidates/incident_79088/candidate_66/incident_79088_candidate_66_before.tif
candidates/incident_79088/candidate_67/incident_79088_candidate_67_mask.tif
candidates/incident_79088/candidate_67/incident_79088_candidate_67_before.tif
candidates/incident_79088/candidate_67/incident_79088_candidate_67_slope.tif
candidates/incident_79088/candidate_68/incident_79088_candidate_68_mask.tif
candidates/incident_79088/candidate_67/incident_79088_candidate_67_after.tif
candidates/incident_79088/candidate_68/incident_79088_candidate_68_slope.tif
candidates/incident_79088/candidate_68/incident_79088_candidate_68_after.tif
candidates/incident_79088/candidate_69/incident_79088_candidate_69_mask.tif
candidates/incident_79088/candidate_69/incident_79088_candidate_69_after.tif
candidates/incident_79088/candidate_69/incident_79088_candidate_69_slope.tif
candidates/incident_79088/candidate_7/incident_79088_candidate_7_mask.tif
candidates/incident_79088/candidate_68/incident_79088_candidate_68_before.tif
candidates/incident_79088/candidate_7/incident_79088_candidate_7_after.tif
candidates/incident_79088/candidate_7/incident_79088_candidate_7_slope.tif
candidates/incident_79088/candidate_7/incident_79088_candidate_7_before.tif
candidates/incident_79088/candidate_69/incident_79088_candidate_69_before.tif
candidates/incident_79088/candidate_70/incident_79088_candidate_70_mask.tif
candidates/incident_79088/candidate_70/incident_79088_candidate_70_slope.tif
candidates/incident_79088/candidate_70/incident_79088_candidate_70_after.tif
candidates/incident_79088/candidate_71/incident_79088_candidate_71_mask.tif
candidates/incident_79088/candidate_71/incident_79088_candidate_71_slope.tif
candidates/incident_79088/candidate_70/incident_79088_candidate_70_before.tif
candidates/incident_79088/candidate_71/incident_79088_candidate_71_before.tif
candidates/incident_79088/candidate_71/incident_79088_candidate_71_after.tif
candidates/incident_79088/candidate_72/incident_79088_candidate_72_mask.tif
candidates/incident_79088/candidate_72/incident_79088_candidate_72_slope.tif
candidates/incident_79088/candidate_72/incident_79088_candidate_72_before.tif
candidates/incident_79088/candidate_73/incident_79088_candidate_73_mask.tif
candidates/incident_79088/candidate_73/incident_79088_candidate_73_slope.tif
candidates/incident_79088/candidate_72/incident_79088_candidate_72_after.tif
candidates/incident_79088/candidate_73/incident_79088_candidate_73_after.tif
candidates/incident_79088/candidate_73/incident_79088_candidate_73_before.tif
candidates/incident_79088/candidate_74/incident_79088_candidate_74_mask.tif
candidates/incident_79088/candidate_74/incident_79088_candidate_74_slope.tif
candidates/incident_79088/candidate_74/incident_79088_candidate_74_after.tif
candidates/incident_79088/candidate_75/incident_79088_candidate_75_mask.tif
candidates/incident_79088/candidate_75/incident_79088_candidate_75_after.tif
candidates/incident_79088/candidate_75/incident_79088_candidate_75_before.tif
candidates/incident_79088/candidate_75/incident_79088_candidate_75_slope.tif
candidates/incident_79088/candidate_76/incident_79088_candidate_76_mask.tif
candidates/incident_79088/candidate_74/incident_79088_candidate_74_before.tif
candidates/incident_79088/candidate_76/incident_79088_candidate_76_slope.tif
candidates/incident_79088/candidate_76/incident_79088_candidate_76_before.tif
candidates/incident_79088/candidate_77/incident_79088_candidate_77_mask.tif
candidates/incident_79088/candidate_76/incident_79088_candidate_76_after.tif
candidates/incident_79088/candidate_77/incident_79088_candidate_77_after.tif
candidates/incident_79088/candidate_77/incident_79088_candidate_77_slope.tif
candidates/incident_79088/candidate_78/incident_79088_candidate_78_mask.tif
candidates/incident_79088/candidate_77/incident_79088_candidate_77_before.tif
candidates/incident_79088/candidate_78/incident_79088_candidate_78_slope.tif
candidates/incident_79088/candidate_78/incident_79088_candidate_78_after.tif
candidates/incident_79088/candidate_78/incident_79088_candidate_78_before.tif
candidates/incident_79088/candidate_79/incident_79088_candidate_79_mask.tif
candidates/incident_79088/candidate_79/incident_79088_candidate_79_after.tif
candidates/incident_79088/candidate_79/incident_79088_candidate_79_slope.tif
candidates/incident_79088/candidate_79/incident_79088_candidate_79_before.tif
candidates/incident_79088/candidate_8/incident_79088_candidate_8_mask.tif
candidates/incident_79088/candidate_8/incident_79088_candidate_8_slope.tif
candidates/incident_79088/candidate_8/incident_79088_candidate_8_after.tif
candidates/incident_79088/candidate_80/incident_79088_candidate_80_mask.tif
candidates/incident_79088/candidate_80/incident_79088_candidate_80_slope.tif
candidates/incident_79088/candidate_80/incident_79088_candidate_80_after.tif
candidates/incident_79088/candidate_8/incident_79088_candidate_8_before.tif
candidates/incident_79088/candidate_80/incident_79088_candidate_80_before.tif
candidates/incident_79088/candidate_81/incident_79088_candidate_81_mask.tif
candidates/incident_79088/candidate_81/incident_79088_candidate_81_after.tif
candidates/incident_79088/candidate_81/incident_79088_candidate_81_slope.tif
candidates/incident_79088/candidate_81/incident_79088_candidate_81_before.tif
candidates/incident_79088/candidate_82/incident_79088_candidate_82_mask.tif
candidates/incident_79088/candidate_82/incident_79088_candidate_82_after.tif
candidates/incident_79088/candidate_82/incident_79088_candidate_82_slope.tif
candidates/incident_79088/candidate_82/incident_79088_candidate_82_before.tif
candidates/incident_79088/candidate_83/incident_79088_candidate_83_slope.tif
candidates/incident_79088/candidate_83/incident_79088_candidate_83_mask.tif
candidates/incident_79088/candidate_83/incident_79088_candidate_83_after.tif
candidates/incident_79088/candidate_83/incident_79088_candidate_83_before.tif
candidates/incident_79088/candidate_84/incident_79088_candidate_84_mask.tif
candidates/incident_79088/candidate_84/incident_79088_candidate_84_slope.tif
candidates/incident_79088/candidate_84/incident_79088_candidate_84_after.tif
candidates/incident_79088/candidate_85/incident_79088_candidate_85_mask.tif
candidates/incident_79088/candidate_84/incident_79088_candidate_84_before.tif
candidates/incident_79088/candidate_85/incident_79088_candidate_85_slope.tif
candidates/incident_79088/candidate_85/incident_79088_candidate_85_before.tif
candidates/incident_79088/candidate_85/incident_79088_candidate_85_after.tif
candidates/incident_79088/candidate_86/incident_79088_candidate_86_mask.tif
candidates/incident_79088/candidate_86/incident_79088_candidate_86_slope.tif
candidates/incident_79088/candidate_86/incident_79088_candidate_86_before.tif
candidates/incident_79088/candidate_87/incident_79088_candidate_87_mask.tif
candidates/incident_79088/candidate_87/incident_79088_candidate_87_slope.tif
candidates/incident_79088/candidate_86/incident_79088_candidate_86_after.tif
candidates/incident_79088/candidate_87/incident_79088_candidate_87_after.tif
candidates/incident_79088/candidate_87/incident_79088_candidate_87_before.tif
candidates/incident_79088/candidate_88/incident_79088_candidate_88_mask.tif
candidates/incident_79088/candidate_88/incident_79088_candidate_88_after.tif
candidates/incident_79088/candidate_88/incident_79088_candidate_88_slope.tif
candidates/incident_79088/candidate_88/incident_79088_candidate_88_before.tif
candidates/incident_79088/candidate_89/incident_79088_candidate_89_mask.tif
candidates/incident_79088/candidate_89/incident_79088_candidate_89_slope.tif
candidates/incident_79088/candidate_89/incident_79088_candidate_89_after.tif
candidates/incident_79088/candidate_89/incident_79088_candidate_89_before.tif
candidates/incident_79088/candidate_9/incident_79088_candidate_9_mask.tif
candidates/incident_79088/candidate_9/incident_79088_candidate_9_slope.tif
candidates/incident_79088/candidate_90/incident_79088_candidate_90_mask.tif
candidates/incident_79088/candidate_90/incident_79088_candidate_90_slope.tif
candidates/incident_79088/candidate_9/incident_79088_candidate_9_before.tif
candidates/incident_79088/candidate_90/incident_79088_candidate_90_after.tif
candidates/incident_79088/candidate_9/incident_79088_candidate_9_after.tif
candidates/incident_79088/candidate_91/incident_79088_candidate_91_mask.tif
candidates/incident_79088/candidate_91/incident_79088_candidate_91_slope.tif
candidates/incident_79088/candidate_91/incident_79088_candidate_91_before.tif
candidates/incident_79088/candidate_90/incident_79088_candidate_90_before.tif
candidates/incident_79088/candidate_91/incident_79088_candidate_91_after.tif
candidates/incident_79088/candidate_92/incident_79088_candidate_92_mask.tif
candidates/incident_79088/candidate_92/incident_79088_candidate_92_slope.tif
candidates/incident_79088/candidate_93/incident_79088_candidate_93_mask.tif
candidates/incident_79088/candidate_93/incident_79088_candidate_93_after.tif
candidates/incident_79088/candidate_93/incident_79088_candidate_93_slope.tif
candidates/incident_79088/candidate_92/incident_79088_candidate_92_before.tif
candidates/incident_79088/candidate_94/incident_79088_candidate_94_mask.tif
candidates/incident_79088/candidate_92/incident_79088_candidate_92_after.tif
candidates/incident_79088/candidate_94/incident_79088_candidate_94_before.tif
candidates/incident_79088/candidate_94/incident_79088_candidate_94_slope.tif
candidates/incident_79088/candidate_93/incident_79088_candidate_93_before.tif
candidates/incident_79088/candidate_95/incident_79088_candidate_95_mask.tif
candidates/incident_79088/candidate_95/incident_79088_candidate_95_slope.tif
candidates/incident_79088/candidate_94/incident_79088_candidate_94_after.tif
candidates/incident_79088/candidate_95/incident_79088_candidate_95_before.tif
candidates/incident_79088/candidate_95/incident_79088_candidate_95_after.tif
candidates/incident_79088/candidate_96/incident_79088_candidate_96_mask.tif
candidates/incident_79088/candidate_96/incident_79088_candidate_96_after.tif
candidates/incident_79088/candidate_96/incident_79088_candidate_96_slope.tif
candidates/incident_79088/candidate_97/incident_79088_candidate_97_mask.tif
candidates/incident_79088/candidate_97/incident_79088_candidate_97_slope.tif
candidates/incident_79088/candidate_96/incident_79088_candidate_96_before.tif
candidates/incident_79088/candidate_97/incident_79088_candidate_97_after.tif
candidates/incident_79088/candidate_98/incident_79088_candidate_98_mask.tif
candidates/incident_79088/candidate_97/incident_79088_candidate_97_before.tif
candidates/incident_79088/candidate_98/incident_79088_candidate_98_slope.tif
candidates/incident_79088/candidate_98/incident_79088_candidate_98_after.tif
candidates/incident_79088/candidate_99/incident_79088_candidate_99_mask.tif
candidates/incident_79088/candidate_99/incident_79088_candidate_99_slope.tif
candidates/incident_79088/candidate_99/incident_79088_candidate_99_after.tif
candidates/incident_79100/candidate_1/incident_79100_candidate_1_mask.tif
candidates/incident_79100/candidate_1/incident_79100_candidate_1_slope.tif
candidates/incident_79088/candidate_98/incident_79088_candidate_98_before.tif
candidates/incident_79088/candidate_99/incident_79088_candidate_99_before.tif
candidates/incident_79100/candidate_1/incident_79100_candidate_1_before.tif
candidates/incident_79100/candidate_1/incident_79100_candidate_1_after.tif
candidates/incident_79100/candidate_10/incident_79100_candidate_10_mask.tif
candidates/incident_79100/candidate_10/incident_79100_candidate_10_after.tif
candidates/incident_79100/candidate_10/incident_79100_candidate_10_before.tif
candidates/incident_79100/candidate_10/incident_79100_candidate_10_slope.tif
candidates/incident_79100/candidate_2/incident_79100_candidate_2_mask.tif
candidates/incident_79100/candidate_2/incident_79100_candidate_2_slope.tif
candidates/incident_79100/candidate_3/incident_79100_candidate_3_mask.tif
candidates/incident_79100/candidate_3/incident_79100_candidate_3_slope.tif
candidates/incident_79100/candidate_3/incident_79100_candidate_3_after.tif
candidates/incident_79100/candidate_3/incident_79100_candidate_3_before.tif
candidates/incident_79100/candidate_2/incident_79100_candidate_2_after.tif
candidates/incident_79100/candidate_4/incident_79100_candidate_4_mask.tif
candidates/incident_79100/candidate_4/incident_79100_candidate_4_slope.tif
candidates/incident_79100/candidate_4/incident_79100_candidate_4_after.tif
candidates/incident_79100/candidate_4/incident_79100_candidate_4_before.tif
candidates/incident_79100/candidate_2/incident_79100_candidate_2_before.tif
candidates/incident_79100/candidate_5/incident_79100_candidate_5_mask.tif
candidates/incident_79100/candidate_5/incident_79100_candidate_5_slope.tif
candidates/incident_79100/candidate_5/incident_79100_candidate_5_after.tif
candidates/incident_79100/candidate_6/incident_79100_candidate_6_mask.tif
candidates/incident_79100/candidate_6/incident_79100_candidate_6_slope.tif
candidates/incident_79100/candidate_5/incident_79100_candidate_5_before.tif
candidates/incident_79100/candidate_6/incident_79100_candidate_6_after.tif
candidates/incident_79100/candidate_7/incident_79100_candidate_7_mask.tif
candidates/incident_79100/candidate_7/incident_79100_candidate_7_after.tif
candidates/incident_79100/candidate_7/incident_79100_candidate_7_slope.tif
candidates/incident_79100/candidate_8/incident_79100_candidate_8_mask.tif
candidates/incident_79100/candidate_6/incident_79100_candidate_6_before.tif
candidates/incident_79100/candidate_7/incident_79100_candidate_7_before.tif
candidates/incident_79100/candidate_8/incident_79100_candidate_8_slope.tif
candidates/incident_79100/candidate_8/incident_79100_candidate_8_before.tif
candidates/incident_79100/candidate_8/incident_79100_candidate_8_after.tif
candidates/incident_79100/candidate_9/incident_79100_candidate_9_slope.tif
candidates/incident_79100/candidate_9/incident_79100_candidate_9_mask.tif
candidates/incident_79100/candidate_9/incident_79100_candidate_9_before.tif
candidates/incident_79100/candidate_9/incident_79100_candidate_9_after.tif
candidates/incident_79108/candidate_1/incident_79108_candidate_1_mask.tif
candidates/incident_79108/candidate_1/incident_79108_candidate_1_slope.tif
candidates/incident_79108/candidate_1/incident_79108_candidate_1_after.tif
candidates/incident_79108/candidate_1/incident_79108_candidate_1_before.tif
candidates/incident_79108/candidate_10/incident_79108_candidate_10_mask.tif
candidates/incident_79108/candidate_10/incident_79108_candidate_10_slope.tif
candidates/incident_79108/candidate_10/incident_79108_candidate_10_before.tif
candidates/incident_79108/candidate_10/incident_79108_candidate_10_after.tif
candidates/incident_79108/candidate_11/incident_79108_candidate_11_before.tif
candidates/incident_79108/candidate_11/incident_79108_candidate_11_mask.tif
candidates/incident_79108/candidate_11/incident_79108_candidate_11_after.tif
candidates/incident_79108/candidate_11/incident_79108_candidate_11_slope.tif
candidates/incident_79108/candidate_12/incident_79108_candidate_12_mask.tif
candidates/incident_79108/candidate_12/incident_79108_candidate_12_slope.tif
candidates/incident_79108/candidate_12/incident_79108_candidate_12_after.tif
candidates/incident_79108/candidate_12/incident_79108_candidate_12_before.tif
candidates/incident_79108/candidate_13/incident_79108_candidate_13_mask.tif
candidates/incident_79108/candidate_13/incident_79108_candidate_13_slope.tif
candidates/incident_79108/candidate_13/incident_79108_candidate_13_after.tif
candidates/incident_79108/candidate_13/incident_79108_candidate_13_before.tif
candidates/incident_79108/candidate_14/incident_79108_candidate_14_mask.tif
candidates/incident_79108/candidate_14/incident_79108_candidate_14_slope.tif
candidates/incident_79108/candidate_14/incident_79108_candidate_14_after.tif
candidates/incident_79108/candidate_15/incident_79108_candidate_15_mask.tif
candidates/incident_79108/candidate_15/incident_79108_candidate_15_slope.tif
candidates/incident_79108/candidate_15/incident_79108_candidate_15_after.tif
candidates/incident_79108/candidate_14/incident_79108_candidate_14_before.tif
candidates/incident_79108/candidate_15/incident_79108_candidate_15_before.tif
candidates/incident_79108/candidate_16/incident_79108_candidate_16_mask.tif
candidates/incident_79108/candidate_16/incident_79108_candidate_16_after.tif
candidates/incident_79108/candidate_16/incident_79108_candidate_16_slope.tif
candidates/incident_79108/candidate_16/incident_79108_candidate_16_before.tif
candidates/incident_79108/candidate_17/incident_79108_candidate_17_mask.tif
candidates/incident_79108/candidate_17/incident_79108_candidate_17_slope.tif
candidates/incident_79108/candidate_17/incident_79108_candidate_17_before.tif
candidates/incident_79108/candidate_17/incident_79108_candidate_17_after.tif
candidates/incident_79108/candidate_18/incident_79108_candidate_18_mask.tif
candidates/incident_79108/candidate_18/incident_79108_candidate_18_slope.tif
candidates/incident_79108/candidate_18/incident_79108_candidate_18_after.tif
candidates/incident_79108/candidate_19/incident_79108_candidate_19_mask.tif
candidates/incident_79108/candidate_19/incident_79108_candidate_19_after.tif
candidates/incident_79108/candidate_19/incident_79108_candidate_19_slope.tif
candidates/incident_79108/candidate_18/incident_79108_candidate_18_before.tif
candidates/incident_79108/candidate_19/incident_79108_candidate_19_before.tif
candidates/incident_79108/candidate_2/incident_79108_candidate_2_mask.tif
candidates/incident_79108/candidate_2/incident_79108_candidate_2_before.tif
candidates/incident_79108/candidate_2/incident_79108_candidate_2_after.tif
candidates/incident_79108/candidate_2/incident_79108_candidate_2_slope.tif
candidates/incident_79108/candidate_20/incident_79108_candidate_20_mask.tif
candidates/incident_79108/candidate_20/incident_79108_candidate_20_slope.tif
candidates/incident_79108/candidate_20/incident_79108_candidate_20_after.tif
candidates/incident_79108/candidate_20/incident_79108_candidate_20_before.tif
candidates/incident_79108/candidate_21/incident_79108_candidate_21_mask.tif
candidates/incident_79108/candidate_21/incident_79108_candidate_21_slope.tif
candidates/incident_79108/candidate_21/incident_79108_candidate_21_after.tif
candidates/incident_79108/candidate_21/incident_79108_candidate_21_before.tif
candidates/incident_79108/candidate_22/incident_79108_candidate_22_mask.tif
candidates/incident_79108/candidate_22/incident_79108_candidate_22_slope.tif
candidates/incident_79108/candidate_22/incident_79108_candidate_22_after.tif
candidates/incident_79108/candidate_23/incident_79108_candidate_23_mask.tif
candidates/incident_79108/candidate_23/incident_79108_candidate_23_slope.tif
candidates/incident_79108/candidate_22/incident_79108_candidate_22_before.tif
candidates/incident_79108/candidate_23/incident_79108_candidate_23_before.tif
candidates/incident_79108/candidate_24/incident_79108_candidate_24_mask.tif
candidates/incident_79108/candidate_24/incident_79108_candidate_24_slope.tif
candidates/incident_79108/candidate_24/incident_79108_candidate_24_before.tif
candidates/incident_79108/candidate_23/incident_79108_candidate_23_after.tif
candidates/incident_79108/candidate_25/incident_79108_candidate_25_after.tif
candidates/incident_79108/candidate_24/incident_79108_candidate_24_after.tif
candidates/incident_79108/candidate_25/incident_79108_candidate_25_mask.tif
candidates/incident_79108/candidate_25/incident_79108_candidate_25_slope.tif
candidates/incident_79108/candidate_26/incident_79108_candidate_26_mask.tif
candidates/incident_79108/candidate_25/incident_79108_candidate_25_before.tif
candidates/incident_79108/candidate_26/incident_79108_candidate_26_before.tif
candidates/incident_79108/candidate_26/incident_79108_candidate_26_after.tif
candidates/incident_79108/candidate_26/incident_79108_candidate_26_slope.tif
candidates/incident_79108/candidate_27/incident_79108_candidate_27_mask.tif
candidates/incident_79108/candidate_27/incident_79108_candidate_27_after.tif
candidates/incident_79108/candidate_27/incident_79108_candidate_27_slope.tif
candidates/incident_79108/candidate_27/incident_79108_candidate_27_before.tif
candidates/incident_79108/candidate_3/incident_79108_candidate_3_mask.tif
candidates/incident_79108/candidate_3/incident_79108_candidate_3_slope.tif
candidates/incident_79108/candidate_3/incident_79108_candidate_3_after.tif
candidates/incident_79108/candidate_4/incident_79108_candidate_4_mask.tif
candidates/incident_79108/candidate_4/incident_79108_candidate_4_slope.tif
candidates/incident_79108/candidate_4/incident_79108_candidate_4_after.tif
candidates/incident_79108/candidate_3/incident_79108_candidate_3_before.tif
candidates/incident_79108/candidate_4/incident_79108_candidate_4_before.tif
candidates/incident_79108/candidate_5/incident_79108_candidate_5_mask.tif
candidates/incident_79108/candidate_5/incident_79108_candidate_5_before.tif
candidates/incident_79108/candidate_5/incident_79108_candidate_5_slope.tif
candidates/incident_79108/candidate_5/incident_79108_candidate_5_after.tif
candidates/incident_79108/candidate_6/incident_79108_candidate_6_mask.tif
candidates/incident_79108/candidate_6/incident_79108_candidate_6_slope.tif
candidates/incident_79108/candidate_6/incident_79108_candidate_6_after.tif
candidates/incident_79108/candidate_6/incident_79108_candidate_6_before.tif
candidates/incident_79108/candidate_7/incident_79108_candidate_7_mask.tif
candidates/incident_79108/candidate_7/incident_79108_candidate_7_slope.tif
candidates/incident_79108/candidate_7/incident_79108_candidate_7_after.tif
candidates/incident_79108/candidate_7/incident_79108_candidate_7_before.tif
candidates/incident_79108/candidate_8/incident_79108_candidate_8_mask.tif
candidates/incident_79108/candidate_8/incident_79108_candidate_8_slope.tif
candidates/incident_79108/candidate_9/incident_79108_candidate_9_mask.tif
candidates/incident_79108/candidate_8/incident_79108_candidate_8_after.tif
candidates/incident_79108/candidate_9/incident_79108_candidate_9_after.tif
candidates/incident_79108/candidate_9/incident_79108_candidate_9_slope.tif
candidates/incident_79108/candidate_9/incident_79108_candidate_9_before.tif
candidates/incident_79190/candidate_1/incident_79190_candidate_1_slope.tif
candidates/incident_79190/candidate_1/incident_79190_candidate_1_mask.tif
candidates/incident_79190/candidate_10/incident_79190_candidate_10_mask.tif
candidates/incident_79108/candidate_8/incident_79108_candidate_8_before.tif
candidates/incident_79190/candidate_10/incident_79190_candidate_10_after.tif
candidates/incident_79190/candidate_10/incident_79190_candidate_10_slope.tif
candidates/incident_79190/candidate_1/incident_79190_candidate_1_before.tif
candidates/incident_79190/candidate_10/incident_79190_candidate_10_before.tif
candidates/incident_79190/candidate_11/incident_79190_candidate_11_mask.tif
candidates/incident_79190/candidate_11/incident_79190_candidate_11_before.tif
candidates/incident_79190/candidate_11/incident_79190_candidate_11_slope.tif
candidates/incident_79190/candidate_1/incident_79190_candidate_1_after.tif
candidates/incident_79190/candidate_12/incident_79190_candidate_12_mask.tif
candidates/incident_79190/candidate_12/incident_79190_candidate_12_slope.tif
candidates/incident_79190/candidate_12/incident_79190_candidate_12_after.tif
candidates/incident_79190/candidate_12/incident_79190_candidate_12_before.tif
candidates/incident_79190/candidate_11/incident_79190_candidate_11_after.tif
candidates/incident_79190/candidate_13/incident_79190_candidate_13_mask.tif
candidates/incident_79190/candidate_13/incident_79190_candidate_13_slope.tif
candidates/incident_79190/candidate_14/incident_79190_candidate_14_mask.tif
candidates/incident_79190/candidate_14/incident_79190_candidate_14_slope.tif
candidates/incident_79190/candidate_13/incident_79190_candidate_13_after.tif
candidates/incident_79190/candidate_13/incident_79190_candidate_13_before.tif
candidates/incident_79190/candidate_14/incident_79190_candidate_14_before.tif
candidates/incident_79190/candidate_15/incident_79190_candidate_15_mask.tif
candidates/incident_79190/candidate_15/incident_79190_candidate_15_slope.tif
candidates/incident_79190/candidate_15/incident_79190_candidate_15_after.tif
candidates/incident_79190/candidate_15/incident_79190_candidate_15_before.tif
candidates/incident_79190/candidate_16/incident_79190_candidate_16_mask.tif
candidates/incident_79190/candidate_16/incident_79190_candidate_16_slope.tif
candidates/incident_79190/candidate_14/incident_79190_candidate_14_after.tif
candidates/incident_79190/candidate_16/incident_79190_candidate_16_before.tif
candidates/incident_79190/candidate_17/incident_79190_candidate_17_mask.tif
candidates/incident_79190/candidate_17/incident_79190_candidate_17_after.tif
candidates/incident_79190/candidate_17/incident_79190_candidate_17_slope.tif
candidates/incident_79190/candidate_17/incident_79190_candidate_17_before.tif
candidates/incident_79190/candidate_16/incident_79190_candidate_16_after.tif
candidates/incident_79190/candidate_18/incident_79190_candidate_18_slope.tif
candidates/incident_79190/candidate_18/incident_79190_candidate_18_mask.tif
candidates/incident_79190/candidate_18/incident_79190_candidate_18_before.tif
candidates/incident_79190/candidate_19/incident_79190_candidate_19_mask.tif
candidates/incident_79190/candidate_19/incident_79190_candidate_19_slope.tif
candidates/incident_79190/candidate_19/incident_79190_candidate_19_before.tif
candidates/incident_79190/candidate_2/incident_79190_candidate_2_mask.tif
candidates/incident_79190/candidate_2/incident_79190_candidate_2_slope.tif
candidates/incident_79190/candidate_2/incident_79190_candidate_2_after.tif
candidates/incident_79190/candidate_18/incident_79190_candidate_18_after.tif
candidates/incident_79190/candidate_19/incident_79190_candidate_19_after.tif
candidates/incident_79190/candidate_20/incident_79190_candidate_20_mask.tif
candidates/incident_79190/candidate_20/incident_79190_candidate_20_slope.tif
candidates/incident_79190/candidate_20/incident_79190_candidate_20_before.tif
candidates/incident_79190/candidate_21/incident_79190_candidate_21_mask.tif
candidates/incident_79190/candidate_21/incident_79190_candidate_21_slope.tif
candidates/incident_79190/candidate_2/incident_79190_candidate_2_before.tif
candidates/incident_79190/candidate_20/incident_79190_candidate_20_after.tif
candidates/incident_79190/candidate_21/incident_79190_candidate_21_after.tif
candidates/incident_79190/candidate_22/incident_79190_candidate_22_after.tif
candidates/incident_79190/candidate_22/incident_79190_candidate_22_mask.tif
candidates/incident_79190/candidate_21/incident_79190_candidate_21_before.tif
candidates/incident_79190/candidate_22/incident_79190_candidate_22_slope.tif
candidates/incident_79190/candidate_23/incident_79190_candidate_23_mask.tif
candidates/incident_79190/candidate_23/incident_79190_candidate_23_after.tif
candidates/incident_79190/candidate_23/incident_79190_candidate_23_slope.tif
candidates/incident_79190/candidate_23/incident_79190_candidate_23_before.tif
candidates/incident_79190/candidate_24/incident_79190_candidate_24_mask.tif
candidates/incident_79190/candidate_22/incident_79190_candidate_22_before.tif
candidates/incident_79190/candidate_24/incident_79190_candidate_24_slope.tif
candidates/incident_79190/candidate_24/incident_79190_candidate_24_after.tif
candidates/incident_79190/candidate_24/incident_79190_candidate_24_before.tif
candidates/incident_79190/candidate_25/incident_79190_candidate_25_mask.tif
candidates/incident_79190/candidate_25/incident_79190_candidate_25_slope.tif
candidates/incident_79190/candidate_25/incident_79190_candidate_25_after.tif
candidates/incident_79190/candidate_25/incident_79190_candidate_25_before.tif
candidates/incident_79190/candidate_26/incident_79190_candidate_26_mask.tif
candidates/incident_79190/candidate_26/incident_79190_candidate_26_slope.tif
candidates/incident_79190/candidate_27/incident_79190_candidate_27_mask.tif
candidates/incident_79190/candidate_27/incident_79190_candidate_27_slope.tif
candidates/incident_79190/candidate_27/incident_79190_candidate_27_after.tif
candidates/incident_79190/candidate_26/incident_79190_candidate_26_before.tif
candidates/incident_79190/candidate_26/incident_79190_candidate_26_after.tif
candidates/incident_79190/candidate_28/incident_79190_candidate_28_after.tif
candidates/incident_79190/candidate_28/incident_79190_candidate_28_mask.tif
candidates/incident_79190/candidate_28/incident_79190_candidate_28_slope.tif
candidates/incident_79190/candidate_28/incident_79190_candidate_28_before.tif
candidates/incident_79190/candidate_27/incident_79190_candidate_27_before.tif
candidates/incident_79190/candidate_29/incident_79190_candidate_29_before.tif
candidates/incident_79190/candidate_29/incident_79190_candidate_29_after.tif
candidates/incident_79190/candidate_29/incident_79190_candidate_29_mask.tif
candidates/incident_79190/candidate_29/incident_79190_candidate_29_slope.tif
candidates/incident_79190/candidate_3/incident_79190_candidate_3_mask.tif
candidates/incident_79190/candidate_3/incident_79190_candidate_3_slope.tif
candidates/incident_79190/candidate_3/incident_79190_candidate_3_after.tif
candidates/incident_79190/candidate_30/incident_79190_candidate_30_mask.tif
candidates/incident_79190/candidate_30/incident_79190_candidate_30_slope.tif
candidates/incident_79190/candidate_30/incident_79190_candidate_30_before.tif
candidates/incident_79190/candidate_30/incident_79190_candidate_30_after.tif
candidates/incident_79190/candidate_3/incident_79190_candidate_3_before.tif
candidates/incident_79190/candidate_31/incident_79190_candidate_31_mask.tif
candidates/incident_79190/candidate_31/incident_79190_candidate_31_after.tif
candidates/incident_79190/candidate_31/incident_79190_candidate_31_before.tif
candidates/incident_79190/candidate_31/incident_79190_candidate_31_slope.tif
candidates/incident_79190/candidate_32/incident_79190_candidate_32_mask.tif
candidates/incident_79190/candidate_32/incident_79190_candidate_32_slope.tif
candidates/incident_79190/candidate_32/incident_79190_candidate_32_after.tif
candidates/incident_79190/candidate_33/incident_79190_candidate_33_mask.tif
candidates/incident_79190/candidate_33/incident_79190_candidate_33_slope.tif
candidates/incident_79190/candidate_33/incident_79190_candidate_33_after.tif
candidates/incident_79190/candidate_32/incident_79190_candidate_32_before.tif
candidates/incident_79190/candidate_33/incident_79190_candidate_33_before.tif
candidates/incident_79190/candidate_34/incident_79190_candidate_34_mask.tif
candidates/incident_79190/candidate_34/incident_79190_candidate_34_slope.tif
candidates/incident_79190/candidate_34/incident_79190_candidate_34_after.tif
candidates/incident_79190/candidate_35/incident_79190_candidate_35_mask.tif
candidates/incident_79190/candidate_34/incident_79190_candidate_34_before.tif
candidates/incident_79190/candidate_35/incident_79190_candidate_35_slope.tif
candidates/incident_79190/candidate_35/incident_79190_candidate_35_after.tif
candidates/incident_79190/candidate_36/incident_79190_candidate_36_mask.tif
candidates/incident_79190/candidate_36/incident_79190_candidate_36_after.tif
candidates/incident_79190/candidate_36/incident_79190_candidate_36_slope.tif
candidates/incident_79190/candidate_36/incident_79190_candidate_36_before.tif
candidates/incident_79190/candidate_35/incident_79190_candidate_35_before.tif
candidates/incident_79190/candidate_37/incident_79190_candidate_37_mask.tif
candidates/incident_79190/candidate_37/incident_79190_candidate_37_slope.tif
candidates/incident_79190/candidate_37/incident_79190_candidate_37_before.tif
candidates/incident_79190/candidate_37/incident_79190_candidate_37_after.tif
candidates/incident_79190/candidate_38/incident_79190_candidate_38_mask.tif
candidates/incident_79190/candidate_38/incident_79190_candidate_38_slope.tif
candidates/incident_79190/candidate_38/incident_79190_candidate_38_before.tif
candidates/incident_79190/candidate_39/incident_79190_candidate_39_mask.tif
candidates/incident_79190/candidate_39/incident_79190_candidate_39_slope.tif
candidates/incident_79190/candidate_38/incident_79190_candidate_38_after.tif
candidates/incident_79190/candidate_39/incident_79190_candidate_39_before.tif
candidates/incident_79190/candidate_4/incident_79190_candidate_4_mask.tif
candidates/incident_79190/candidate_4/incident_79190_candidate_4_after.tif
candidates/incident_79190/candidate_4/incident_79190_candidate_4_before.tif
candidates/incident_79190/candidate_4/incident_79190_candidate_4_slope.tif
candidates/incident_79190/candidate_40/incident_79190_candidate_40_mask.tif
candidates/incident_79190/candidate_39/incident_79190_candidate_39_after.tif
candidates/incident_79190/candidate_40/incident_79190_candidate_40_after.tif
candidates/incident_79190/candidate_40/incident_79190_candidate_40_before.tif
candidates/incident_79190/candidate_41/incident_79190_candidate_41_mask.tif
candidates/incident_79190/candidate_40/incident_79190_candidate_40_slope.tif
candidates/incident_79190/candidate_41/incident_79190_candidate_41_slope.tif
candidates/incident_79190/candidate_41/incident_79190_candidate_41_before.tif
candidates/incident_79190/candidate_41/incident_79190_candidate_41_after.tif
candidates/incident_79190/candidate_42/incident_79190_candidate_42_mask.tif
candidates/incident_79190/candidate_42/incident_79190_candidate_42_slope.tif
candidates/incident_79190/candidate_43/incident_79190_candidate_43_mask.tif
candidates/incident_79190/candidate_42/incident_79190_candidate_42_after.tif
candidates/incident_79190/candidate_43/incident_79190_candidate_43_slope.tif
candidates/incident_79190/candidate_42/incident_79190_candidate_42_before.tif
candidates/incident_79190/candidate_43/incident_79190_candidate_43_before.tif
candidates/incident_79190/candidate_44/incident_79190_candidate_44_after.tif
candidates/incident_79190/candidate_44/incident_79190_candidate_44_mask.tif
candidates/incident_79190/candidate_43/incident_79190_candidate_43_after.tif
candidates/incident_79190/candidate_44/incident_79190_candidate_44_slope.tif
candidates/incident_79190/candidate_45/incident_79190_candidate_45_mask.tif
candidates/incident_79190/candidate_45/incident_79190_candidate_45_after.tif
candidates/incident_79190/candidate_45/incident_79190_candidate_45_before.tif
candidates/incident_79190/candidate_45/incident_79190_candidate_45_slope.tif
candidates/incident_79190/candidate_46/incident_79190_candidate_46_mask.tif
candidates/incident_79190/candidate_44/incident_79190_candidate_44_before.tif
candidates/incident_79190/candidate_46/incident_79190_candidate_46_slope.tif
candidates/incident_79190/candidate_47/incident_79190_candidate_47_mask.tif
candidates/incident_79190/candidate_47/incident_79190_candidate_47_slope.tif
candidates/incident_79190/candidate_47/incident_79190_candidate_47_after.tif
candidates/incident_79190/candidate_48/incident_79190_candidate_48_after.tif
candidates/incident_79190/candidate_48/incident_79190_candidate_48_mask.tif
candidates/incident_79190/candidate_46/incident_79190_candidate_46_before.tif
candidates/incident_79190/candidate_46/incident_79190_candidate_46_after.tif
candidates/incident_79190/candidate_48/incident_79190_candidate_48_slope.tif
candidates/incident_79190/candidate_48/incident_79190_candidate_48_before.tif
candidates/incident_79190/candidate_47/incident_79190_candidate_47_before.tif
candidates/incident_79190/candidate_49/incident_79190_candidate_49_after.tif
candidates/incident_79190/candidate_49/incident_79190_candidate_49_slope.tif
candidates/incident_79190/candidate_49/incident_79190_candidate_49_mask.tif
candidates/incident_79190/candidate_5/incident_79190_candidate_5_slope.tif
candidates/incident_79190/candidate_5/incident_79190_candidate_5_mask.tif
candidates/incident_79190/candidate_49/incident_79190_candidate_49_before.tif
candidates/incident_79190/candidate_5/incident_79190_candidate_5_after.tif
candidates/incident_79190/candidate_50/incident_79190_candidate_50_mask.tif
candidates/incident_79190/candidate_50/incident_79190_candidate_50_slope.tif
candidates/incident_79190/candidate_50/incident_79190_candidate_50_after.tif
candidates/incident_79190/candidate_5/incident_79190_candidate_5_before.tif
candidates/incident_79190/candidate_51/incident_79190_candidate_51_mask.tif
candidates/incident_79190/candidate_50/incident_79190_candidate_50_before.tif
candidates/incident_79190/candidate_51/incident_79190_candidate_51_slope.tif
candidates/incident_79190/candidate_51/incident_79190_candidate_51_after.tif
candidates/incident_79190/candidate_52/incident_79190_candidate_52_mask.tif
candidates/incident_79190/candidate_51/incident_79190_candidate_51_before.tif
candidates/incident_79190/candidate_52/incident_79190_candidate_52_slope.tif
candidates/incident_79190/candidate_52/incident_79190_candidate_52_after.tif
candidates/incident_79190/candidate_52/incident_79190_candidate_52_before.tif
candidates/incident_79190/candidate_53/incident_79190_candidate_53_mask.tif
candidates/incident_79190/candidate_53/incident_79190_candidate_53_after.tif
candidates/incident_79190/candidate_53/incident_79190_candidate_53_slope.tif
candidates/incident_79190/candidate_53/incident_79190_candidate_53_before.tif
candidates/incident_79190/candidate_54/incident_79190_candidate_54_mask.tif
candidates/incident_79190/candidate_54/incident_79190_candidate_54_slope.tif
candidates/incident_79190/candidate_55/incident_79190_candidate_55_mask.tif
candidates/incident_79190/candidate_54/incident_79190_candidate_54_before.tif
candidates/incident_79190/candidate_55/incident_79190_candidate_55_slope.tif
candidates/incident_79190/candidate_55/incident_79190_candidate_55_after.tif
candidates/incident_79190/candidate_54/incident_79190_candidate_54_after.tif
candidates/incident_79190/candidate_56/incident_79190_candidate_56_before.tif
candidates/incident_79190/candidate_56/incident_79190_candidate_56_mask.tif
candidates/incident_79190/candidate_56/incident_79190_candidate_56_slope.tif
candidates/incident_79190/candidate_56/incident_79190_candidate_56_after.tif
candidates/incident_79190/candidate_55/incident_79190_candidate_55_before.tif
candidates/incident_79190/candidate_57/incident_79190_candidate_57_mask.tif
candidates/incident_79190/candidate_57/incident_79190_candidate_57_after.tif
candidates/incident_79190/candidate_57/incident_79190_candidate_57_before.tif
candidates/incident_79190/candidate_57/incident_79190_candidate_57_slope.tif
candidates/incident_79190/candidate_58/incident_79190_candidate_58_mask.tif
candidates/incident_79190/candidate_58/incident_79190_candidate_58_slope.tif
candidates/incident_79190/candidate_58/incident_79190_candidate_58_after.tif
candidates/incident_79190/candidate_58/incident_79190_candidate_58_before.tif
candidates/incident_79190/candidate_59/incident_79190_candidate_59_mask.tif
candidates/incident_79190/candidate_59/incident_79190_candidate_59_slope.tif
candidates/incident_79190/candidate_59/incident_79190_candidate_59_before.tif
candidates/incident_79190/candidate_6/incident_79190_candidate_6_mask.tif
candidates/incident_79190/candidate_6/incident_79190_candidate_6_slope.tif
candidates/incident_79190/candidate_59/incident_79190_candidate_59_after.tif
candidates/incident_79190/candidate_6/incident_79190_candidate_6_before.tif
candidates/incident_79190/candidate_60/incident_79190_candidate_60_after.tif
candidates/incident_79190/candidate_60/incident_79190_candidate_60_mask.tif
candidates/incident_79190/candidate_60/incident_79190_candidate_60_slope.tif
candidates/incident_79190/candidate_60/incident_79190_candidate_60_before.tif
candidates/incident_79190/candidate_6/incident_79190_candidate_6_after.tif
candidates/incident_79190/candidate_61/incident_79190_candidate_61_mask.tif
candidates/incident_79190/candidate_61/incident_79190_candidate_61_after.tif
candidates/incident_79190/candidate_61/incident_79190_candidate_61_slope.tif
candidates/incident_79190/candidate_62/incident_79190_candidate_62_mask.tif
candidates/incident_79190/candidate_61/incident_79190_candidate_61_before.tif
candidates/incident_79190/candidate_62/incident_79190_candidate_62_slope.tif
candidates/incident_79190/candidate_62/incident_79190_candidate_62_after.tif
candidates/incident_79190/candidate_62/incident_79190_candidate_62_before.tif
candidates/incident_79190/candidate_63/incident_79190_candidate_63_mask.tif
candidates/incident_79190/candidate_63/incident_79190_candidate_63_slope.tif
candidates/incident_79190/candidate_63/incident_79190_candidate_63_after.tif
candidates/incident_79190/candidate_63/incident_79190_candidate_63_before.tif
candidates/incident_79190/candidate_64/incident_79190_candidate_64_mask.tif
candidates/incident_79190/candidate_64/incident_79190_candidate_64_slope.tif
candidates/incident_79190/candidate_64/incident_79190_candidate_64_before.tif
candidates/incident_79190/candidate_65/incident_79190_candidate_65_slope.tif
candidates/incident_79190/candidate_65/incident_79190_candidate_65_mask.tif
candidates/incident_79190/candidate_65/incident_79190_candidate_65_before.tif
candidates/incident_79190/candidate_66/incident_79190_candidate_66_after.tif
candidates/incident_79190/candidate_66/incident_79190_candidate_66_mask.tif
candidates/incident_79190/candidate_66/incident_79190_candidate_66_slope.tif
candidates/incident_79190/candidate_64/incident_79190_candidate_64_after.tif
candidates/incident_79190/candidate_65/incident_79190_candidate_65_after.tif
candidates/incident_79190/candidate_66/incident_79190_candidate_66_before.tif
candidates/incident_79190/candidate_67/incident_79190_candidate_67_after.tif
candidates/incident_79190/candidate_67/incident_79190_candidate_67_mask.tif
candidates/incident_79190/candidate_67/incident_79190_candidate_67_slope.tif
candidates/incident_79190/candidate_67/incident_79190_candidate_67_before.tif
candidates/incident_79190/candidate_68/incident_79190_candidate_68_mask.tif
candidates/incident_79190/candidate_68/incident_79190_candidate_68_slope.tif
candidates/incident_79190/candidate_68/incident_79190_candidate_68_after.tif
candidates/incident_79190/candidate_68/incident_79190_candidate_68_before.tif
candidates/incident_79190/candidate_69/incident_79190_candidate_69_mask.tif
candidates/incident_79190/candidate_69/incident_79190_candidate_69_after.tif
candidates/incident_79190/candidate_69/incident_79190_candidate_69_before.tif
candidates/incident_79190/candidate_69/incident_79190_candidate_69_slope.tif
candidates/incident_79190/candidate_7/incident_79190_candidate_7_mask.tif
candidates/incident_79190/candidate_7/incident_79190_candidate_7_slope.tif
candidates/incident_79190/candidate_7/incident_79190_candidate_7_after.tif
candidates/incident_79190/candidate_70/incident_79190_candidate_70_mask.tif
candidates/incident_79190/candidate_7/incident_79190_candidate_7_before.tif
candidates/incident_79190/candidate_70/incident_79190_candidate_70_after.tif
candidates/incident_79190/candidate_70/incident_79190_candidate_70_slope.tif
candidates/incident_79190/candidate_70/incident_79190_candidate_70_before.tif
candidates/incident_79190/candidate_71/incident_79190_candidate_71_after.tif
candidates/incident_79190/candidate_71/incident_79190_candidate_71_mask.tif
candidates/incident_79190/candidate_71/incident_79190_candidate_71_slope.tif
candidates/incident_79190/candidate_71/incident_79190_candidate_71_before.tif
candidates/incident_79190/candidate_72/incident_79190_candidate_72_mask.tif
candidates/incident_79190/candidate_72/incident_79190_candidate_72_slope.tif
candidates/incident_79190/candidate_73/incident_79190_candidate_73_mask.tif
candidates/incident_79190/candidate_73/incident_79190_candidate_73_slope.tif
candidates/incident_79190/candidate_72/incident_79190_candidate_72_after.tif
candidates/incident_79190/candidate_73/incident_79190_candidate_73_after.tif
candidates/incident_79190/candidate_73/incident_79190_candidate_73_before.tif
candidates/incident_79190/candidate_72/incident_79190_candidate_72_before.tif
candidates/incident_79190/candidate_74/incident_79190_candidate_74_after.tif
candidates/incident_79190/candidate_74/incident_79190_candidate_74_mask.tif
candidates/incident_79190/candidate_74/incident_79190_candidate_74_slope.tif
candidates/incident_79190/candidate_74/incident_79190_candidate_74_before.tif
candidates/incident_79190/candidate_75/incident_79190_candidate_75_mask.tif
candidates/incident_79190/candidate_75/incident_79190_candidate_75_after.tif
candidates/incident_79190/candidate_75/incident_79190_candidate_75_slope.tif
candidates/incident_79190/candidate_76/incident_79190_candidate_76_slope.tif
candidates/incident_79190/candidate_75/incident_79190_candidate_75_before.tif
candidates/incident_79190/candidate_76/incident_79190_candidate_76_mask.tif
candidates/incident_79190/candidate_76/incident_79190_candidate_76_after.tif
candidates/incident_79190/candidate_76/incident_79190_candidate_76_before.tif
candidates/incident_79190/candidate_77/incident_79190_candidate_77_mask.tif
candidates/incident_79190/candidate_77/incident_79190_candidate_77_slope.tif
candidates/incident_79190/candidate_77/incident_79190_candidate_77_before.tif
candidates/incident_79190/candidate_78/incident_79190_candidate_78_mask.tif
candidates/incident_79190/candidate_78/incident_79190_candidate_78_slope.tif
candidates/incident_79190/candidate_77/incident_79190_candidate_77_after.tif
candidates/incident_79190/candidate_79/incident_79190_candidate_79_mask.tif
candidates/incident_79190/candidate_78/incident_79190_candidate_78_before.tif
candidates/incident_79190/candidate_79/incident_79190_candidate_79_slope.tif
candidates/incident_79190/candidate_78/incident_79190_candidate_78_after.tif
candidates/incident_79190/candidate_79/incident_79190_candidate_79_after.tif
candidates/incident_79190/candidate_79/incident_79190_candidate_79_before.tif
candidates/incident_79190/candidate_8/incident_79190_candidate_8_after.tif
candidates/incident_79190/candidate_8/incident_79190_candidate_8_mask.tif
candidates/incident_79190/candidate_8/incident_79190_candidate_8_slope.tif
candidates/incident_79190/candidate_80/incident_79190_candidate_80_mask.tif
candidates/incident_79190/candidate_80/incident_79190_candidate_80_slope.tif
candidates/incident_79190/candidate_80/incident_79190_candidate_80_before.tif
candidates/incident_79190/candidate_81/incident_79190_candidate_81_mask.tif
candidates/incident_79190/candidate_81/incident_79190_candidate_81_slope.tif
candidates/incident_79190/candidate_81/incident_79190_candidate_81_after.tif
candidates/incident_79190/candidate_8/incident_79190_candidate_8_before.tif
candidates/incident_79190/candidate_81/incident_79190_candidate_81_before.tif
candidates/incident_79190/candidate_82/incident_79190_candidate_82_mask.tif
candidates/incident_79190/candidate_80/incident_79190_candidate_80_after.tif
candidates/incident_79190/candidate_82/incident_79190_candidate_82_slope.tif
candidates/incident_79190/candidate_82/incident_79190_candidate_82_before.tif
candidates/incident_79190/candidate_83/incident_79190_candidate_83_mask.tif
candidates/incident_79190/candidate_82/incident_79190_candidate_82_after.tif
candidates/incident_79190/candidate_83/incident_79190_candidate_83_slope.tif
candidates/incident_79190/candidate_83/incident_79190_candidate_83_after.tif
candidates/incident_79190/candidate_84/incident_79190_candidate_84_mask.tif
candidates/incident_79190/candidate_83/incident_79190_candidate_83_before.tif
candidates/incident_79190/candidate_84/incident_79190_candidate_84_slope.tif
candidates/incident_79190/candidate_84/incident_79190_candidate_84_after.tif
candidates/incident_79190/candidate_84/incident_79190_candidate_84_before.tif
candidates/incident_79190/candidate_85/incident_79190_candidate_85_mask.tif
candidates/incident_79190/candidate_85/incident_79190_candidate_85_after.tif
candidates/incident_79190/candidate_85/incident_79190_candidate_85_slope.tif
candidates/incident_79190/candidate_85/incident_79190_candidate_85_before.tif
candidates/incident_79190/candidate_86/incident_79190_candidate_86_mask.tif
candidates/incident_79190/candidate_86/incident_79190_candidate_86_slope.tif
candidates/incident_79190/candidate_86/incident_79190_candidate_86_after.tif
candidates/incident_79190/candidate_87/incident_79190_candidate_87_mask.tif
candidates/incident_79190/candidate_87/incident_79190_candidate_87_slope.tif
candidates/incident_79190/candidate_87/incident_79190_candidate_87_after.tif
candidates/incident_79190/candidate_88/incident_79190_candidate_88_after.tif
candidates/incident_79190/candidate_88/incident_79190_candidate_88_mask.tif
candidates/incident_79190/candidate_88/incident_79190_candidate_88_slope.tif
candidates/incident_79190/candidate_88/incident_79190_candidate_88_before.tif
candidates/incident_79190/candidate_86/incident_79190_candidate_86_before.tif
candidates/incident_79190/candidate_87/incident_79190_candidate_87_before.tif
candidates/incident_79190/candidate_89/incident_79190_candidate_89_after.tif
candidates/incident_79190/candidate_89/incident_79190_candidate_89_mask.tif
candidates/incident_79190/candidate_89/incident_79190_candidate_89_before.tif
candidates/incident_79190/candidate_89/incident_79190_candidate_89_slope.tif
candidates/incident_79190/candidate_9/incident_79190_candidate_9_mask.tif
candidates/incident_79190/candidate_9/incident_79190_candidate_9_slope.tif
candidates/incident_79190/candidate_9/incident_79190_candidate_9_after.tif
candidates/incident_79190/candidate_9/incident_79190_candidate_9_before.tif
candidates/incident_79325/candidate_1/incident_79325_candidate_1_mask.tif
candidates/incident_79325/candidate_1/incident_79325_candidate_1_slope.tif
candidates/incident_79325/candidate_10/incident_79325_candidate_10_mask.tif
candidates/incident_79325/candidate_10/incident_79325_candidate_10_slope.tif
candidates/incident_79325/candidate_1/incident_79325_candidate_1_after.tif
candidates/incident_79325/candidate_1/incident_79325_candidate_1_before.tif
candidates/incident_79325/candidate_10/incident_79325_candidate_10_after.tif
candidates/incident_79325/candidate_10/incident_79325_candidate_10_before.tif
candidates/incident_79325/candidate_11/incident_79325_candidate_11_mask.tif
candidates/incident_79325/candidate_11/incident_79325_candidate_11_slope.tif
candidates/incident_79325/candidate_12/incident_79325_candidate_12_mask.tif
candidates/incident_79325/candidate_12/incident_79325_candidate_12_slope.tif
candidates/incident_79325/candidate_12/incident_79325_candidate_12_before.tif
candidates/incident_79325/candidate_11/incident_79325_candidate_11_before.tif
candidates/incident_79325/candidate_11/incident_79325_candidate_11_after.tif
candidates/incident_79325/candidate_13/incident_79325_candidate_13_mask.tif
candidates/incident_79325/candidate_13/incident_79325_candidate_13_after.tif
candidates/incident_79325/candidate_12/incident_79325_candidate_12_after.tif
candidates/incident_79325/candidate_13/incident_79325_candidate_13_slope.tif
candidates/incident_79325/candidate_14/incident_79325_candidate_14_mask.tif
candidates/incident_79325/candidate_13/incident_79325_candidate_13_before.tif
candidates/incident_79325/candidate_14/incident_79325_candidate_14_slope.tif
candidates/incident_79325/candidate_14/incident_79325_candidate_14_after.tif
candidates/incident_79325/candidate_14/incident_79325_candidate_14_before.tif
candidates/incident_79325/candidate_2/incident_79325_candidate_2_mask.tif
candidates/incident_79325/candidate_2/incident_79325_candidate_2_slope.tif
candidates/incident_79325/candidate_2/incident_79325_candidate_2_after.tif
candidates/incident_79325/candidate_2/incident_79325_candidate_2_before.tif
candidates/incident_79325/candidate_3/incident_79325_candidate_3_slope.tif
candidates/incident_79325/candidate_3/incident_79325_candidate_3_mask.tif
candidates/incident_79325/candidate_3/incident_79325_candidate_3_before.tif
candidates/incident_79325/candidate_3/incident_79325_candidate_3_after.tif
candidates/incident_79325/candidate_4/incident_79325_candidate_4_mask.tif
candidates/incident_79325/candidate_4/incident_79325_candidate_4_slope.tif
candidates/incident_79325/candidate_4/incident_79325_candidate_4_before.tif
candidates/incident_79325/candidate_5/incident_79325_candidate_5_mask.tif
candidates/incident_79325/candidate_5/incident_79325_candidate_5_slope.tif
candidates/incident_79325/candidate_5/incident_79325_candidate_5_before.tif
candidates/incident_79325/candidate_4/incident_79325_candidate_4_after.tif
candidates/incident_79325/candidate_6/incident_79325_candidate_6_slope.tif
candidates/incident_79325/candidate_6/incident_79325_candidate_6_mask.tif
candidates/incident_79325/candidate_5/incident_79325_candidate_5_after.tif
candidates/incident_79325/candidate_6/incident_79325_candidate_6_after.tif
candidates/incident_79325/candidate_7/incident_79325_candidate_7_mask.tif
candidates/incident_79325/candidate_6/incident_79325_candidate_6_before.tif
candidates/incident_79325/candidate_7/incident_79325_candidate_7_after.tif
candidates/incident_79325/candidate_7/incident_79325_candidate_7_before.tif
candidates/incident_79325/candidate_7/incident_79325_candidate_7_slope.tif
candidates/incident_79325/candidate_8/incident_79325_candidate_8_mask.tif
candidates/incident_79325/candidate_8/incident_79325_candidate_8_slope.tif
candidates/incident_79325/candidate_8/incident_79325_candidate_8_after.tif
candidates/incident_79325/candidate_9/incident_79325_candidate_9_mask.tif
candidates/incident_79325/candidate_9/incident_79325_candidate_9_slope.tif
candidates/incident_79325/candidate_8/incident_79325_candidate_8_before.tif
candidates/incident_79325/candidate_9/incident_79325_candidate_9_after.tif
candidates/incident_79325/candidate_9/incident_79325_candidate_9_before.tif
candidates/incident_79336/candidate_1/incident_79336_candidate_1_mask.tif
candidates/incident_79336/candidate_1/incident_79336_candidate_1_slope.tif
candidates/incident_79336/candidate_10/incident_79336_candidate_10_mask.tif
candidates/incident_79336/candidate_1/incident_79336_candidate_1_after.tif
candidates/incident_79336/candidate_10/incident_79336_candidate_10_slope.tif
candidates/incident_79336/candidate_10/incident_79336_candidate_10_after.tif
candidates/incident_79336/candidate_1/incident_79336_candidate_1_before.tif
candidates/incident_79336/candidate_11/incident_79336_candidate_11_mask.tif
candidates/incident_79336/candidate_11/incident_79336_candidate_11_slope.tif
candidates/incident_79336/candidate_10/incident_79336_candidate_10_before.tif
candidates/incident_79336/candidate_12/incident_79336_candidate_12_mask.tif
candidates/incident_79336/candidate_11/incident_79336_candidate_11_before.tif
candidates/incident_79336/candidate_12/incident_79336_candidate_12_before.tif
candidates/incident_79336/candidate_12/incident_79336_candidate_12_slope.tif
candidates/incident_79336/candidate_11/incident_79336_candidate_11_after.tif
candidates/incident_79336/candidate_13/incident_79336_candidate_13_mask.tif
candidates/incident_79336/candidate_13/incident_79336_candidate_13_slope.tif
candidates/incident_79336/candidate_12/incident_79336_candidate_12_after.tif
candidates/incident_79336/candidate_14/incident_79336_candidate_14_mask.tif
candidates/incident_79336/candidate_14/incident_79336_candidate_14_after.tif
candidates/incident_79336/candidate_14/incident_79336_candidate_14_slope.tif
candidates/incident_79336/candidate_14/incident_79336_candidate_14_before.tif
candidates/incident_79336/candidate_13/incident_79336_candidate_13_after.tif
candidates/incident_79336/candidate_15/incident_79336_candidate_15_after.tif
candidates/incident_79336/candidate_15/incident_79336_candidate_15_mask.tif
candidates/incident_79336/candidate_13/incident_79336_candidate_13_before.tif
candidates/incident_79336/candidate_15/incident_79336_candidate_15_slope.tif
candidates/incident_79336/candidate_16/incident_79336_candidate_16_mask.tif
candidates/incident_79336/candidate_16/incident_79336_candidate_16_slope.tif
candidates/incident_79336/candidate_16/incident_79336_candidate_16_after.tif
candidates/incident_79336/candidate_17/incident_79336_candidate_17_mask.tif
candidates/incident_79336/candidate_15/incident_79336_candidate_15_before.tif
candidates/incident_79336/candidate_16/incident_79336_candidate_16_before.tif
candidates/incident_79336/candidate_17/incident_79336_candidate_17_after.tif
candidates/incident_79336/candidate_17/incident_79336_candidate_17_slope.tif
candidates/incident_79336/candidate_17/incident_79336_candidate_17_before.tif
candidates/incident_79336/candidate_18/incident_79336_candidate_18_mask.tif
candidates/incident_79336/candidate_18/incident_79336_candidate_18_slope.tif
candidates/incident_79336/candidate_18/incident_79336_candidate_18_after.tif
candidates/incident_79336/candidate_19/incident_79336_candidate_19_mask.tif
candidates/incident_79336/candidate_19/incident_79336_candidate_19_after.tif
candidates/incident_79336/candidate_19/incident_79336_candidate_19_slope.tif
candidates/incident_79336/candidate_19/incident_79336_candidate_19_before.tif
candidates/incident_79336/candidate_2/incident_79336_candidate_2_mask.tif
candidates/incident_79336/candidate_2/incident_79336_candidate_2_slope.tif
candidates/incident_79336/candidate_18/incident_79336_candidate_18_before.tif
candidates/incident_79336/candidate_2/incident_79336_candidate_2_before.tif
candidates/incident_79336/candidate_20/incident_79336_candidate_20_mask.tif
candidates/incident_79336/candidate_20/incident_79336_candidate_20_after.tif
candidates/incident_79336/candidate_2/incident_79336_candidate_2_after.tif
candidates/incident_79336/candidate_20/incident_79336_candidate_20_slope.tif
candidates/incident_79336/candidate_21/incident_79336_candidate_21_mask.tif
candidates/incident_79336/candidate_20/incident_79336_candidate_20_before.tif
candidates/incident_79336/candidate_21/incident_79336_candidate_21_slope.tif
candidates/incident_79336/candidate_22/incident_79336_candidate_22_mask.tif
candidates/incident_79336/candidate_21/incident_79336_candidate_21_after.tif
candidates/incident_79336/candidate_22/incident_79336_candidate_22_after.tif
candidates/incident_79336/candidate_22/incident_79336_candidate_22_slope.tif
candidates/incident_79336/candidate_21/incident_79336_candidate_21_before.tif
candidates/incident_79336/candidate_23/incident_79336_candidate_23_mask.tif
candidates/incident_79336/candidate_22/incident_79336_candidate_22_before.tif
candidates/incident_79336/candidate_23/incident_79336_candidate_23_slope.tif
candidates/incident_79336/candidate_23/incident_79336_candidate_23_before.tif
candidates/incident_79336/candidate_23/incident_79336_candidate_23_after.tif
candidates/incident_79336/candidate_24/incident_79336_candidate_24_mask.tif
candidates/incident_79336/candidate_24/incident_79336_candidate_24_after.tif
candidates/incident_79336/candidate_24/incident_79336_candidate_24_before.tif
candidates/incident_79336/candidate_24/incident_79336_candidate_24_slope.tif
candidates/incident_79336/candidate_25/incident_79336_candidate_25_mask.tif
candidates/incident_79336/candidate_25/incident_79336_candidate_25_slope.tif
candidates/incident_79336/candidate_25/incident_79336_candidate_25_before.tif
candidates/incident_79336/candidate_26/incident_79336_candidate_26_mask.tif
candidates/incident_79336/candidate_26/incident_79336_candidate_26_slope.tif
candidates/incident_79336/candidate_26/incident_79336_candidate_26_after.tif
candidates/incident_79336/candidate_25/incident_79336_candidate_25_after.tif
candidates/incident_79336/candidate_27/incident_79336_candidate_27_mask.tif
candidates/incident_79336/candidate_27/incident_79336_candidate_27_after.tif
candidates/incident_79336/candidate_27/incident_79336_candidate_27_before.tif
candidates/incident_79336/candidate_27/incident_79336_candidate_27_slope.tif
candidates/incident_79336/candidate_28/incident_79336_candidate_28_mask.tif
candidates/incident_79336/candidate_28/incident_79336_candidate_28_slope.tif
candidates/incident_79336/candidate_29/incident_79336_candidate_29_mask.tif
candidates/incident_79336/candidate_28/incident_79336_candidate_28_before.tif
candidates/incident_79336/candidate_26/incident_79336_candidate_26_before.tif
candidates/incident_79336/candidate_28/incident_79336_candidate_28_after.tif
candidates/incident_79336/candidate_29/incident_79336_candidate_29_after.tif
candidates/incident_79336/candidate_29/incident_79336_candidate_29_slope.tif
candidates/incident_79336/candidate_29/incident_79336_candidate_29_before.tif
candidates/incident_79336/candidate_3/incident_79336_candidate_3_mask.tif
candidates/incident_79336/candidate_3/incident_79336_candidate_3_slope.tif
candidates/incident_79336/candidate_3/incident_79336_candidate_3_after.tif
candidates/incident_79336/candidate_3/incident_79336_candidate_3_before.tif
candidates/incident_79336/candidate_30/incident_79336_candidate_30_mask.tif
candidates/incident_79336/candidate_30/incident_79336_candidate_30_after.tif
candidates/incident_79336/candidate_30/incident_79336_candidate_30_slope.tif
candidates/incident_79336/candidate_30/incident_79336_candidate_30_before.tif
candidates/incident_79336/candidate_31/incident_79336_candidate_31_after.tif
candidates/incident_79336/candidate_31/incident_79336_candidate_31_mask.tif
candidates/incident_79336/candidate_31/incident_79336_candidate_31_slope.tif
candidates/incident_79336/candidate_31/incident_79336_candidate_31_before.tif
candidates/incident_79336/candidate_32/incident_79336_candidate_32_mask.tif
candidates/incident_79336/candidate_32/incident_79336_candidate_32_slope.tif
candidates/incident_79336/candidate_32/incident_79336_candidate_32_after.tif
candidates/incident_79336/candidate_33/incident_79336_candidate_33_mask.tif
candidates/incident_79336/candidate_33/incident_79336_candidate_33_slope.tif
candidates/incident_79336/candidate_33/incident_79336_candidate_33_after.tif
candidates/incident_79336/candidate_32/incident_79336_candidate_32_before.tif
candidates/incident_79336/candidate_33/incident_79336_candidate_33_before.tif
candidates/incident_79336/candidate_34/incident_79336_candidate_34_after.tif
candidates/incident_79336/candidate_34/incident_79336_candidate_34_slope.tif
candidates/incident_79336/candidate_34/incident_79336_candidate_34_before.tif
candidates/incident_79336/candidate_35/incident_79336_candidate_35_mask.tif
candidates/incident_79336/candidate_34/incident_79336_candidate_34_mask.tif
candidates/incident_79336/candidate_35/incident_79336_candidate_35_slope.tif
candidates/incident_79336/candidate_35/incident_79336_candidate_35_after.tif
candidates/incident_79336/candidate_35/incident_79336_candidate_35_before.tif
candidates/incident_79336/candidate_36/incident_79336_candidate_36_mask.tif
candidates/incident_79336/candidate_36/incident_79336_candidate_36_after.tif
candidates/incident_79336/candidate_36/incident_79336_candidate_36_slope.tif
candidates/incident_79336/candidate_36/incident_79336_candidate_36_before.tif
candidates/incident_79336/candidate_37/incident_79336_candidate_37_mask.tif
candidates/incident_79336/candidate_37/incident_79336_candidate_37_slope.tif
candidates/incident_79336/candidate_38/incident_79336_candidate_38_mask.tif
candidates/incident_79336/candidate_38/incident_79336_candidate_38_slope.tif
candidates/incident_79336/candidate_38/incident_79336_candidate_38_before.tif
candidates/incident_79336/candidate_39/incident_79336_candidate_39_after.tif
candidates/incident_79336/candidate_37/incident_79336_candidate_37_after.tif
candidates/incident_79336/candidate_39/incident_79336_candidate_39_mask.tif
candidates/incident_79336/candidate_39/incident_79336_candidate_39_slope.tif
candidates/incident_79336/candidate_37/incident_79336_candidate_37_before.tif
candidates/incident_79336/candidate_38/incident_79336_candidate_38_after.tif
candidates/incident_79336/candidate_39/incident_79336_candidate_39_before.tif
candidates/incident_79336/candidate_4/incident_79336_candidate_4_slope.tif
candidates/incident_79336/candidate_4/incident_79336_candidate_4_mask.tif
candidates/incident_79336/candidate_4/incident_79336_candidate_4_after.tif
candidates/incident_79336/candidate_40/incident_79336_candidate_40_mask.tif
candidates/incident_79336/candidate_4/incident_79336_candidate_4_before.tif
candidates/incident_79336/candidate_40/incident_79336_candidate_40_before.tif
candidates/incident_79336/candidate_40/incident_79336_candidate_40_after.tif
candidates/incident_79336/candidate_40/incident_79336_candidate_40_slope.tif
candidates/incident_79336/candidate_41/incident_79336_candidate_41_mask.tif
candidates/incident_79336/candidate_41/incident_79336_candidate_41_slope.tif
candidates/incident_79336/candidate_42/incident_79336_candidate_42_mask.tif
candidates/incident_79336/candidate_41/incident_79336_candidate_41_after.tif
candidates/incident_79336/candidate_42/incident_79336_candidate_42_after.tif
candidates/incident_79336/candidate_42/incident_79336_candidate_42_slope.tif
candidates/incident_79336/candidate_42/incident_79336_candidate_42_before.tif
candidates/incident_79336/candidate_43/incident_79336_candidate_43_after.tif
candidates/incident_79336/candidate_43/incident_79336_candidate_43_mask.tif
candidates/incident_79336/candidate_43/incident_79336_candidate_43_before.tif
candidates/incident_79336/candidate_43/incident_79336_candidate_43_slope.tif
candidates/incident_79336/candidate_41/incident_79336_candidate_41_before.tif
candidates/incident_79336/candidate_44/incident_79336_candidate_44_mask.tif
candidates/incident_79336/candidate_44/incident_79336_candidate_44_before.tif
candidates/incident_79336/candidate_44/incident_79336_candidate_44_after.tif
candidates/incident_79336/candidate_44/incident_79336_candidate_44_slope.tif
candidates/incident_79336/candidate_45/incident_79336_candidate_45_mask.tif
candidates/incident_79336/candidate_45/incident_79336_candidate_45_slope.tif
candidates/incident_79336/candidate_45/incident_79336_candidate_45_before.tif
candidates/incident_79336/candidate_45/incident_79336_candidate_45_after.tif
candidates/incident_79336/candidate_46/incident_79336_candidate_46_mask.tif
candidates/incident_79336/candidate_46/incident_79336_candidate_46_slope.tif
candidates/incident_79336/candidate_46/incident_79336_candidate_46_after.tif
candidates/incident_79336/candidate_46/incident_79336_candidate_46_before.tif
candidates/incident_79336/candidate_47/incident_79336_candidate_47_after.tif
candidates/incident_79336/candidate_47/incident_79336_candidate_47_before.tif
candidates/incident_79336/candidate_47/incident_79336_candidate_47_mask.tif
candidates/incident_79336/candidate_47/incident_79336_candidate_47_slope.tif
candidates/incident_79336/candidate_48/incident_79336_candidate_48_mask.tif
candidates/incident_79336/candidate_48/incident_79336_candidate_48_after.tif
candidates/incident_79336/candidate_48/incident_79336_candidate_48_slope.tif
candidates/incident_79336/candidate_48/incident_79336_candidate_48_before.tif
candidates/incident_79336/candidate_49/incident_79336_candidate_49_mask.tif
candidates/incident_79336/candidate_49/incident_79336_candidate_49_slope.tif
candidates/incident_79336/candidate_49/incident_79336_candidate_49_after.tif
candidates/incident_79336/candidate_5/incident_79336_candidate_5_mask.tif
candidates/incident_79336/candidate_49/incident_79336_candidate_49_before.tif
candidates/incident_79336/candidate_5/incident_79336_candidate_5_slope.tif
candidates/incident_79336/candidate_5/incident_79336_candidate_5_before.tif
candidates/incident_79336/candidate_50/incident_79336_candidate_50_mask.tif
candidates/incident_79336/candidate_50/incident_79336_candidate_50_after.tif
candidates/incident_79336/candidate_50/incident_79336_candidate_50_before.tif
candidates/incident_79336/candidate_50/incident_79336_candidate_50_slope.tif
candidates/incident_79336/candidate_5/incident_79336_candidate_5_after.tif
candidates/incident_79336/candidate_51/incident_79336_candidate_51_mask.tif
candidates/incident_79336/candidate_51/incident_79336_candidate_51_slope.tif
candidates/incident_79336/candidate_51/incident_79336_candidate_51_after.tif
candidates/incident_79336/candidate_52/incident_79336_candidate_52_mask.tif
candidates/incident_79336/candidate_52/incident_79336_candidate_52_slope.tif
candidates/incident_79336/candidate_51/incident_79336_candidate_51_before.tif
candidates/incident_79336/candidate_52/incident_79336_candidate_52_before.tif
candidates/incident_79336/candidate_52/incident_79336_candidate_52_after.tif
candidates/incident_79336/candidate_53/incident_79336_candidate_53_mask.tif
candidates/incident_79336/candidate_53/incident_79336_candidate_53_slope.tif
candidates/incident_79336/candidate_53/incident_79336_candidate_53_after.tif
candidates/incident_79336/candidate_54/incident_79336_candidate_54_mask.tif
candidates/incident_79336/candidate_53/incident_79336_candidate_53_before.tif
candidates/incident_79336/candidate_54/incident_79336_candidate_54_slope.tif
candidates/incident_79336/candidate_54/incident_79336_candidate_54_after.tif
candidates/incident_79336/candidate_54/incident_79336_candidate_54_before.tif
candidates/incident_79336/candidate_55/incident_79336_candidate_55_mask.tif
candidates/incident_79336/candidate_55/incident_79336_candidate_55_slope.tif
candidates/incident_79336/candidate_55/incident_79336_candidate_55_after.tif
candidates/incident_79336/candidate_55/incident_79336_candidate_55_before.tif
candidates/incident_79336/candidate_56/incident_79336_candidate_56_mask.tif
candidates/incident_79336/candidate_56/incident_79336_candidate_56_slope.tif
candidates/incident_79336/candidate_56/incident_79336_candidate_56_before.tif
candidates/incident_79336/candidate_57/incident_79336_candidate_57_mask.tif
candidates/incident_79336/candidate_57/incident_79336_candidate_57_after.tif
candidates/incident_79336/candidate_57/incident_79336_candidate_57_slope.tif
candidates/incident_79336/candidate_56/incident_79336_candidate_56_after.tif
candidates/incident_79336/candidate_58/incident_79336_candidate_58_mask.tif
candidates/incident_79336/candidate_58/incident_79336_candidate_58_after.tif
candidates/incident_79336/candidate_58/incident_79336_candidate_58_slope.tif
candidates/incident_79336/candidate_57/incident_79336_candidate_57_before.tif
candidates/incident_79336/candidate_58/incident_79336_candidate_58_before.tif
candidates/incident_79336/candidate_59/incident_79336_candidate_59_mask.tif
candidates/incident_79336/candidate_59/incident_79336_candidate_59_slope.tif
candidates/incident_79336/candidate_59/incident_79336_candidate_59_before.tif
candidates/incident_79336/candidate_59/incident_79336_candidate_59_after.tif
candidates/incident_79336/candidate_6/incident_79336_candidate_6_mask.tif
candidates/incident_79336/candidate_6/incident_79336_candidate_6_slope.tif
candidates/incident_79336/candidate_6/incident_79336_candidate_6_after.tif
candidates/incident_79336/candidate_60/incident_79336_candidate_60_mask.tif
candidates/incident_79336/candidate_60/incident_79336_candidate_60_slope.tif
candidates/incident_79336/candidate_61/incident_79336_candidate_61_mask.tif
candidates/incident_79336/candidate_61/incident_79336_candidate_61_after.tif
candidates/incident_79336/candidate_61/incident_79336_candidate_61_before.tif
candidates/incident_79336/candidate_60/incident_79336_candidate_60_before.tif
candidates/incident_79336/candidate_61/incident_79336_candidate_61_slope.tif
candidates/incident_79336/candidate_6/incident_79336_candidate_6_before.tif
candidates/incident_79336/candidate_60/incident_79336_candidate_60_after.tif
candidates/incident_79336/candidate_62/incident_79336_candidate_62_slope.tif
candidates/incident_79336/candidate_62/incident_79336_candidate_62_mask.tif
candidates/incident_79336/candidate_62/incident_79336_candidate_62_after.tif
candidates/incident_79336/candidate_63/incident_79336_candidate_63_mask.tif
candidates/incident_79336/candidate_63/incident_79336_candidate_63_slope.tif
candidates/incident_79336/candidate_63/incident_79336_candidate_63_after.tif
candidates/incident_79336/candidate_63/incident_79336_candidate_63_before.tif
candidates/incident_79336/candidate_64/incident_79336_candidate_64_mask.tif
candidates/incident_79336/candidate_62/incident_79336_candidate_62_before.tif
candidates/incident_79336/candidate_64/incident_79336_candidate_64_slope.tif
candidates/incident_79336/candidate_64/incident_79336_candidate_64_after.tif
candidates/incident_79336/candidate_64/incident_79336_candidate_64_before.tif
candidates/incident_79336/candidate_65/incident_79336_candidate_65_mask.tif
candidates/incident_79336/candidate_65/incident_79336_candidate_65_after.tif
candidates/incident_79336/candidate_65/incident_79336_candidate_65_slope.tif
candidates/incident_79336/candidate_66/incident_79336_candidate_66_mask.tif
candidates/incident_79336/candidate_66/incident_79336_candidate_66_slope.tif
candidates/incident_79336/candidate_66/incident_79336_candidate_66_after.tif
candidates/incident_79336/candidate_66/incident_79336_candidate_66_before.tif
candidates/incident_79336/candidate_67/incident_79336_candidate_67_mask.tif
candidates/incident_79336/candidate_67/incident_79336_candidate_67_after.tif
candidates/incident_79336/candidate_65/incident_79336_candidate_65_before.tif
candidates/incident_79336/candidate_67/incident_79336_candidate_67_before.tif
candidates/incident_79336/candidate_67/incident_79336_candidate_67_slope.tif
candidates/incident_79336/candidate_68/incident_79336_candidate_68_mask.tif
candidates/incident_79336/candidate_68/incident_79336_candidate_68_slope.tif
candidates/incident_79336/candidate_68/incident_79336_candidate_68_before.tif
candidates/incident_79336/candidate_68/incident_79336_candidate_68_after.tif
candidates/incident_79336/candidate_69/incident_79336_candidate_69_mask.tif
candidates/incident_79336/candidate_69/incident_79336_candidate_69_slope.tif
candidates/incident_79336/candidate_7/incident_79336_candidate_7_mask.tif
candidates/incident_79336/candidate_7/incident_79336_candidate_7_slope.tif
candidates/incident_79336/candidate_7/incident_79336_candidate_7_before.tif
candidates/incident_79336/candidate_69/incident_79336_candidate_69_before.tif
candidates/incident_79336/candidate_69/incident_79336_candidate_69_after.tif
candidates/incident_79336/candidate_7/incident_79336_candidate_7_after.tif
candidates/incident_79336/candidate_70/incident_79336_candidate_70_after.tif
candidates/incident_79336/candidate_70/incident_79336_candidate_70_slope.tif
candidates/incident_79336/candidate_70/incident_79336_candidate_70_mask.tif
candidates/incident_79336/candidate_70/incident_79336_candidate_70_before.tif
candidates/incident_79336/candidate_71/incident_79336_candidate_71_mask.tif
candidates/incident_79336/candidate_71/incident_79336_candidate_71_slope.tif
candidates/incident_79336/candidate_71/incident_79336_candidate_71_after.tif
candidates/incident_79336/candidate_72/incident_79336_candidate_72_mask.tif
candidates/incident_79336/candidate_71/incident_79336_candidate_71_before.tif
candidates/incident_79336/candidate_72/incident_79336_candidate_72_slope.tif
candidates/incident_79336/candidate_72/incident_79336_candidate_72_after.tif
candidates/incident_79336/candidate_72/incident_79336_candidate_72_before.tif
candidates/incident_79336/candidate_73/incident_79336_candidate_73_mask.tif
candidates/incident_79336/candidate_73/incident_79336_candidate_73_slope.tif
candidates/incident_79336/candidate_74/incident_79336_candidate_74_mask.tif
candidates/incident_79336/candidate_73/incident_79336_candidate_73_before.tif
candidates/incident_79336/candidate_73/incident_79336_candidate_73_after.tif
candidates/incident_79336/candidate_74/incident_79336_candidate_74_slope.tif
candidates/incident_79336/candidate_74/incident_79336_candidate_74_after.tif
candidates/incident_79336/candidate_74/incident_79336_candidate_74_before.tif
candidates/incident_79336/candidate_75/incident_79336_candidate_75_slope.tif
candidates/incident_79336/candidate_75/incident_79336_candidate_75_mask.tif
candidates/incident_79336/candidate_75/incident_79336_candidate_75_after.tif
candidates/incident_79336/candidate_76/incident_79336_candidate_76_mask.tif
candidates/incident_79336/candidate_76/incident_79336_candidate_76_after.tif
candidates/incident_79336/candidate_76/incident_79336_candidate_76_slope.tif
candidates/incident_79336/candidate_76/incident_79336_candidate_76_before.tif
candidates/incident_79336/candidate_77/incident_79336_candidate_77_mask.tif
candidates/incident_79336/candidate_77/incident_79336_candidate_77_slope.tif
candidates/incident_79336/candidate_75/incident_79336_candidate_75_before.tif
candidates/incident_79336/candidate_77/incident_79336_candidate_77_before.tif
candidates/incident_79336/candidate_77/incident_79336_candidate_77_after.tif
candidates/incident_79336/candidate_78/incident_79336_candidate_78_mask.tif
candidates/incident_79336/candidate_78/incident_79336_candidate_78_slope.tif
candidates/incident_79336/candidate_78/incident_79336_candidate_78_after.tif
candidates/incident_79336/candidate_78/incident_79336_candidate_78_before.tif
candidates/incident_79336/candidate_8/incident_79336_candidate_8_mask.tif
candidates/incident_79336/candidate_8/incident_79336_candidate_8_slope.tif
candidates/incident_79336/candidate_8/incident_79336_candidate_8_after.tif
candidates/incident_79336/candidate_9/incident_79336_candidate_9_mask.tif
candidates/incident_79336/candidate_9/incident_79336_candidate_9_slope.tif
candidates/incident_79336/candidate_9/incident_79336_candidate_9_after.tif
candidates/incident_79336/candidate_9/incident_79336_candidate_9_before.tif
candidates/incident_79344/candidate_1/incident_79344_candidate_1_mask.tif
candidates/incident_79336/candidate_8/incident_79336_candidate_8_before.tif
candidates/incident_79344/candidate_1/incident_79344_candidate_1_slope.tif
candidates/incident_79344/candidate_1/incident_79344_candidate_1_after.tif
candidates/incident_79344/candidate_10/incident_79344_candidate_10_mask.tif
candidates/incident_79344/candidate_10/incident_79344_candidate_10_slope.tif
candidates/incident_79344/candidate_10/incident_79344_candidate_10_after.tif
candidates/incident_79344/candidate_10/incident_79344_candidate_10_before.tif
candidates/incident_79344/candidate_11/incident_79344_candidate_11_after.tif
candidates/incident_79344/candidate_11/incident_79344_candidate_11_mask.tif
candidates/incident_79344/candidate_11/incident_79344_candidate_11_slope.tif
candidates/incident_79344/candidate_11/incident_79344_candidate_11_before.tif
candidates/incident_79344/candidate_12/incident_79344_candidate_12_after.tif
candidates/incident_79344/candidate_12/incident_79344_candidate_12_mask.tif
candidates/incident_79344/candidate_12/incident_79344_candidate_12_slope.tif
candidates/incident_79344/candidate_1/incident_79344_candidate_1_before.tif
candidates/incident_79344/candidate_12/incident_79344_candidate_12_before.tif
candidates/incident_79344/candidate_13/incident_79344_candidate_13_after.tif
candidates/incident_79344/candidate_13/incident_79344_candidate_13_mask.tif
candidates/incident_79344/candidate_13/incident_79344_candidate_13_slope.tif
candidates/incident_79344/candidate_14/incident_79344_candidate_14_mask.tif
candidates/incident_79344/candidate_14/incident_79344_candidate_14_slope.tif
candidates/incident_79344/candidate_13/incident_79344_candidate_13_before.tif
candidates/incident_79344/candidate_14/incident_79344_candidate_14_after.tif
candidates/incident_79344/candidate_14/incident_79344_candidate_14_before.tif
candidates/incident_79344/candidate_15/incident_79344_candidate_15_mask.tif
candidates/incident_79344/candidate_15/incident_79344_candidate_15_slope.tif
candidates/incident_79344/candidate_15/incident_79344_candidate_15_before.tif
candidates/incident_79344/candidate_15/incident_79344_candidate_15_after.tif
candidates/incident_79344/candidate_16/incident_79344_candidate_16_mask.tif
candidates/incident_79344/candidate_16/incident_79344_candidate_16_slope.tif
candidates/incident_79344/candidate_16/incident_79344_candidate_16_after.tif
candidates/incident_79344/candidate_16/incident_79344_candidate_16_before.tif
candidates/incident_79344/candidate_17/incident_79344_candidate_17_mask.tif
candidates/incident_79344/candidate_17/incident_79344_candidate_17_after.tif
candidates/incident_79344/candidate_17/incident_79344_candidate_17_slope.tif
candidates/incident_79344/candidate_17/incident_79344_candidate_17_before.tif
candidates/incident_79344/candidate_18/incident_79344_candidate_18_mask.tif
candidates/incident_79344/candidate_18/incident_79344_candidate_18_slope.tif
candidates/incident_79344/candidate_18/incident_79344_candidate_18_after.tif
candidates/incident_79344/candidate_19/incident_79344_candidate_19_mask.tif
candidates/incident_79344/candidate_18/incident_79344_candidate_18_before.tif
candidates/incident_79344/candidate_19/incident_79344_candidate_19_slope.tif
candidates/incident_79344/candidate_19/incident_79344_candidate_19_before.tif
candidates/incident_79344/candidate_2/incident_79344_candidate_2_mask.tif
candidates/incident_79344/candidate_19/incident_79344_candidate_19_after.tif
candidates/incident_79344/candidate_2/incident_79344_candidate_2_slope.tif
candidates/incident_79344/candidate_2/incident_79344_candidate_2_after.tif
candidates/incident_79344/candidate_2/incident_79344_candidate_2_before.tif
candidates/incident_79344/candidate_20/incident_79344_candidate_20_mask.tif
candidates/incident_79344/candidate_20/incident_79344_candidate_20_slope.tif
candidates/incident_79344/candidate_20/incident_79344_candidate_20_after.tif
candidates/incident_79344/candidate_21/incident_79344_candidate_21_mask.tif
candidates/incident_79344/candidate_21/incident_79344_candidate_21_after.tif
candidates/incident_79344/candidate_21/incident_79344_candidate_21_slope.tif
candidates/incident_79344/candidate_21/incident_79344_candidate_21_before.tif
candidates/incident_79344/candidate_20/incident_79344_candidate_20_before.tif
candidates/incident_79344/candidate_22/incident_79344_candidate_22_mask.tif
candidates/incident_79344/candidate_22/incident_79344_candidate_22_after.tif
candidates/incident_79344/candidate_22/incident_79344_candidate_22_slope.tif
candidates/incident_79344/candidate_22/incident_79344_candidate_22_before.tif
candidates/incident_79344/candidate_23/incident_79344_candidate_23_mask.tif
candidates/incident_79344/candidate_23/incident_79344_candidate_23_slope.tif
candidates/incident_79344/candidate_23/incident_79344_candidate_23_before.tif
candidates/incident_79344/candidate_24/incident_79344_candidate_24_mask.tif
candidates/incident_79344/candidate_24/incident_79344_candidate_24_slope.tif
candidates/incident_79344/candidate_24/incident_79344_candidate_24_before.tif
candidates/incident_79344/candidate_24/incident_79344_candidate_24_after.tif
candidates/incident_79344/candidate_23/incident_79344_candidate_23_after.tif
candidates/incident_79344/candidate_25/incident_79344_candidate_25_mask.tif
candidates/incident_79344/candidate_25/incident_79344_candidate_25_after.tif
candidates/incident_79344/candidate_25/incident_79344_candidate_25_slope.tif
candidates/incident_79344/candidate_25/incident_79344_candidate_25_before.tif
candidates/incident_79344/candidate_26/incident_79344_candidate_26_mask.tif
candidates/incident_79344/candidate_26/incident_79344_candidate_26_slope.tif
candidates/incident_79344/candidate_26/incident_79344_candidate_26_after.tif
candidates/incident_79344/candidate_26/incident_79344_candidate_26_before.tif
candidates/incident_79344/candidate_27/incident_79344_candidate_27_mask.tif
candidates/incident_79344/candidate_27/incident_79344_candidate_27_slope.tif
candidates/incident_79344/candidate_27/incident_79344_candidate_27_after.tif
candidates/incident_79344/candidate_28/incident_79344_candidate_28_mask.tif
candidates/incident_79344/candidate_28/incident_79344_candidate_28_slope.tif
candidates/incident_79344/candidate_28/incident_79344_candidate_28_after.tif
candidates/incident_79344/candidate_27/incident_79344_candidate_27_before.tif
candidates/incident_79344/candidate_29/incident_79344_candidate_29_mask.tif
candidates/incident_79344/candidate_28/incident_79344_candidate_28_before.tif
candidates/incident_79344/candidate_29/incident_79344_candidate_29_slope.tif
candidates/incident_79344/candidate_29/incident_79344_candidate_29_before.tif
candidates/incident_79344/candidate_29/incident_79344_candidate_29_after.tif
candidates/incident_79344/candidate_3/incident_79344_candidate_3_mask.tif
candidates/incident_79344/candidate_3/incident_79344_candidate_3_slope.tif
candidates/incident_79344/candidate_3/incident_79344_candidate_3_after.tif
candidates/incident_79344/candidate_3/incident_79344_candidate_3_before.tif
candidates/incident_79344/candidate_30/incident_79344_candidate_30_mask.tif
candidates/incident_79344/candidate_30/incident_79344_candidate_30_after.tif
candidates/incident_79344/candidate_30/incident_79344_candidate_30_before.tif
candidates/incident_79344/candidate_30/incident_79344_candidate_30_slope.tif
candidates/incident_79344/candidate_31/incident_79344_candidate_31_mask.tif
candidates/incident_79344/candidate_31/incident_79344_candidate_31_slope.tif
candidates/incident_79344/candidate_31/incident_79344_candidate_31_after.tif
candidates/incident_79344/candidate_31/incident_79344_candidate_31_before.tif
candidates/incident_79344/candidate_32/incident_79344_candidate_32_after.tif
candidates/incident_79344/candidate_32/incident_79344_candidate_32_mask.tif
candidates/incident_79344/candidate_32/incident_79344_candidate_32_slope.tif
candidates/incident_79344/candidate_32/incident_79344_candidate_32_before.tif
candidates/incident_79344/candidate_33/incident_79344_candidate_33_after.tif
candidates/incident_79344/candidate_33/incident_79344_candidate_33_mask.tif
candidates/incident_79344/candidate_33/incident_79344_candidate_33_slope.tif
candidates/incident_79344/candidate_34/incident_79344_candidate_34_mask.tif
candidates/incident_79344/candidate_33/incident_79344_candidate_33_before.tif
candidates/incident_79344/candidate_34/incident_79344_candidate_34_slope.tif
candidates/incident_79344/candidate_34/incident_79344_candidate_34_before.tif
candidates/incident_79344/candidate_4/incident_79344_candidate_4_mask.tif
candidates/incident_79344/candidate_4/incident_79344_candidate_4_slope.tif
candidates/incident_79344/candidate_4/incident_79344_candidate_4_after.tif
candidates/incident_79344/candidate_34/incident_79344_candidate_34_after.tif
candidates/incident_79344/candidate_5/incident_79344_candidate_5_mask.tif
candidates/incident_79344/candidate_5/incident_79344_candidate_5_slope.tif
candidates/incident_79344/candidate_5/incident_79344_candidate_5_after.tif
candidates/incident_79344/candidate_6/incident_79344_candidate_6_mask.tif
candidates/incident_79344/candidate_4/incident_79344_candidate_4_before.tif
candidates/incident_79344/candidate_6/incident_79344_candidate_6_slope.tif
candidates/incident_79344/candidate_5/incident_79344_candidate_5_before.tif
candidates/incident_79344/candidate_6/incident_79344_candidate_6_after.tif
candidates/incident_79344/candidate_6/incident_79344_candidate_6_before.tif
candidates/incident_79344/candidate_7/incident_79344_candidate_7_mask.tif
candidates/incident_79344/candidate_7/incident_79344_candidate_7_slope.tif
candidates/incident_79344/candidate_7/incident_79344_candidate_7_after.tif
candidates/incident_79344/candidate_7/incident_79344_candidate_7_before.tif
candidates/incident_79344/candidate_8/incident_79344_candidate_8_mask.tif
candidates/incident_79344/candidate_8/incident_79344_candidate_8_slope.tif
candidates/incident_79344/candidate_8/incident_79344_candidate_8_before.tif
candidates/incident_79344/candidate_8/incident_79344_candidate_8_after.tif
candidates/incident_79344/candidate_9/incident_79344_candidate_9_mask.tif
candidates/incident_79344/candidate_9/incident_79344_candidate_9_slope.tif
candidates/incident_79403/candidate_1/incident_79403_candidate_1_slope.tif
candidates/incident_79403/candidate_1/incident_79403_candidate_1_mask.tif
candidates/incident_79344/candidate_9/incident_79344_candidate_9_after.tif
candidates/incident_79344/candidate_9/incident_79344_candidate_9_before.tif
candidates/incident_79403/candidate_10/incident_79403_candidate_10_after.tif
candidates/incident_79403/candidate_1/incident_79403_candidate_1_before.tif
candidates/incident_79403/candidate_10/incident_79403_candidate_10_mask.tif
candidates/incident_79403/candidate_10/incident_79403_candidate_10_slope.tif
candidates/incident_79403/candidate_100/incident_79403_candidate_100_mask.tif
candidates/incident_79403/candidate_100/incident_79403_candidate_100_slope.tif
candidates/incident_79403/candidate_10/incident_79403_candidate_10_before.tif
candidates/incident_79403/candidate_100/incident_79403_candidate_100_after.tif
candidates/incident_79403/candidate_100/incident_79403_candidate_100_before.tif
candidates/incident_79403/candidate_11/incident_79403_candidate_11_after.tif
candidates/incident_79403/candidate_11/incident_79403_candidate_11_before.tif
candidates/incident_79403/candidate_11/incident_79403_candidate_11_mask.tif
candidates/incident_79403/candidate_11/incident_79403_candidate_11_slope.tif
candidates/incident_79403/candidate_1/incident_79403_candidate_1_after.tif
candidates/incident_79403/candidate_12/incident_79403_candidate_12_mask.tif
candidates/incident_79403/candidate_13/incident_79403_candidate_13_mask.tif
candidates/incident_79403/candidate_13/incident_79403_candidate_13_slope.tif
candidates/incident_79403/candidate_12/incident_79403_candidate_12_slope.tif
candidates/incident_79403/candidate_12/incident_79403_candidate_12_after.tif
candidates/incident_79403/candidate_13/incident_79403_candidate_13_before.tif
candidates/incident_79403/candidate_13/incident_79403_candidate_13_after.tif
candidates/incident_79403/candidate_14/incident_79403_candidate_14_mask.tif
candidates/incident_79403/candidate_14/incident_79403_candidate_14_slope.tif
candidates/incident_79403/candidate_12/incident_79403_candidate_12_before.tif
candidates/incident_79403/candidate_14/incident_79403_candidate_14_after.tif
candidates/incident_79403/candidate_14/incident_79403_candidate_14_before.tif
candidates/incident_79403/candidate_15/incident_79403_candidate_15_mask.tif
candidates/incident_79403/candidate_15/incident_79403_candidate_15_slope.tif
candidates/incident_79403/candidate_15/incident_79403_candidate_15_before.tif
candidates/incident_79403/candidate_16/incident_79403_candidate_16_slope.tif
candidates/incident_79403/candidate_16/incident_79403_candidate_16_mask.tif
candidates/incident_79403/candidate_15/incident_79403_candidate_15_after.tif
candidates/incident_79403/candidate_17/incident_79403_candidate_17_mask.tif
candidates/incident_79403/candidate_16/incident_79403_candidate_16_before.tif
candidates/incident_79403/candidate_16/incident_79403_candidate_16_after.tif
candidates/incident_79403/candidate_17/incident_79403_candidate_17_after.tif
candidates/incident_79403/candidate_17/incident_79403_candidate_17_slope.tif
candidates/incident_79403/candidate_17/incident_79403_candidate_17_before.tif
candidates/incident_79403/candidate_18/incident_79403_candidate_18_mask.tif
candidates/incident_79403/candidate_18/incident_79403_candidate_18_slope.tif
candidates/incident_79403/candidate_18/incident_79403_candidate_18_before.tif
candidates/incident_79403/candidate_18/incident_79403_candidate_18_after.tif
candidates/incident_79403/candidate_19/incident_79403_candidate_19_mask.tif
candidates/incident_79403/candidate_19/incident_79403_candidate_19_slope.tif
candidates/incident_79403/candidate_19/incident_79403_candidate_19_after.tif
candidates/incident_79403/candidate_19/incident_79403_candidate_19_before.tif
candidates/incident_79403/candidate_2/incident_79403_candidate_2_mask.tif
candidates/incident_79403/candidate_2/incident_79403_candidate_2_slope.tif
candidates/incident_79403/candidate_20/incident_79403_candidate_20_mask.tif
candidates/incident_79403/candidate_20/incident_79403_candidate_20_slope.tif
candidates/incident_79403/candidate_20/incident_79403_candidate_20_after.tif
candidates/incident_79403/candidate_20/incident_79403_candidate_20_before.tif
candidates/incident_79403/candidate_2/incident_79403_candidate_2_after.tif
candidates/incident_79403/candidate_21/incident_79403_candidate_21_before.tif
candidates/incident_79403/candidate_21/incident_79403_candidate_21_mask.tif
candidates/incident_79403/candidate_21/incident_79403_candidate_21_slope.tif
candidates/incident_79403/candidate_21/incident_79403_candidate_21_after.tif
candidates/incident_79403/candidate_22/incident_79403_candidate_22_mask.tif
candidates/incident_79403/candidate_2/incident_79403_candidate_2_before.tif
candidates/incident_79403/candidate_22/incident_79403_candidate_22_slope.tif
candidates/incident_79403/candidate_23/incident_79403_candidate_23_mask.tif
candidates/incident_79403/candidate_23/incident_79403_candidate_23_slope.tif
candidates/incident_79403/candidate_22/incident_79403_candidate_22_before.tif
candidates/incident_79403/candidate_23/incident_79403_candidate_23_after.tif
candidates/incident_79403/candidate_23/incident_79403_candidate_23_before.tif
candidates/incident_79403/candidate_22/incident_79403_candidate_22_after.tif
candidates/incident_79403/candidate_24/incident_79403_candidate_24_mask.tif
candidates/incident_79403/candidate_24/incident_79403_candidate_24_after.tif
candidates/incident_79403/candidate_24/incident_79403_candidate_24_slope.tif
candidates/incident_79403/candidate_25/incident_79403_candidate_25_mask.tif
candidates/incident_79403/candidate_25/incident_79403_candidate_25_slope.tif
candidates/incident_79403/candidate_24/incident_79403_candidate_24_before.tif
candidates/incident_79403/candidate_25/incident_79403_candidate_25_before.tif
candidates/incident_79403/candidate_25/incident_79403_candidate_25_after.tif
candidates/incident_79403/candidate_26/incident_79403_candidate_26_slope.tif
candidates/incident_79403/candidate_26/incident_79403_candidate_26_mask.tif
candidates/incident_79403/candidate_27/incident_79403_candidate_27_after.tif
candidates/incident_79403/candidate_27/incident_79403_candidate_27_slope.tif
candidates/incident_79403/candidate_27/incident_79403_candidate_27_mask.tif
candidates/incident_79403/candidate_26/incident_79403_candidate_26_after.tif
candidates/incident_79403/candidate_27/incident_79403_candidate_27_before.tif
candidates/incident_79403/candidate_28/incident_79403_candidate_28_mask.tif
candidates/incident_79403/candidate_28/incident_79403_candidate_28_slope.tif
candidates/incident_79403/candidate_28/incident_79403_candidate_28_after.tif
candidates/incident_79403/candidate_26/incident_79403_candidate_26_before.tif
candidates/incident_79403/candidate_29/incident_79403_candidate_29_after.tif
candidates/incident_79403/candidate_29/incident_79403_candidate_29_mask.tif
candidates/incident_79403/candidate_29/incident_79403_candidate_29_before.tif
candidates/incident_79403/candidate_29/incident_79403_candidate_29_slope.tif
candidates/incident_79403/candidate_3/incident_79403_candidate_3_mask.tif
candidates/incident_79403/candidate_28/incident_79403_candidate_28_before.tif
candidates/incident_79403/candidate_3/incident_79403_candidate_3_slope.tif
candidates/incident_79403/candidate_3/incident_79403_candidate_3_after.tif
candidates/incident_79403/candidate_30/incident_79403_candidate_30_mask.tif
candidates/incident_79403/candidate_30/incident_79403_candidate_30_before.tif
candidates/incident_79403/candidate_30/incident_79403_candidate_30_slope.tif
candidates/incident_79403/candidate_30/incident_79403_candidate_30_after.tif
candidates/incident_79403/candidate_3/incident_79403_candidate_3_before.tif
candidates/incident_79403/candidate_31/incident_79403_candidate_31_mask.tif
candidates/incident_79403/candidate_31/incident_79403_candidate_31_slope.tif
candidates/incident_79403/candidate_32/incident_79403_candidate_32_mask.tif
candidates/incident_79403/candidate_32/incident_79403_candidate_32_after.tif
candidates/incident_79403/candidate_32/incident_79403_candidate_32_slope.tif
candidates/incident_79403/candidate_31/incident_79403_candidate_31_before.tif
candidates/incident_79403/candidate_32/incident_79403_candidate_32_before.tif
candidates/incident_79403/candidate_31/incident_79403_candidate_31_after.tif
candidates/incident_79403/candidate_33/incident_79403_candidate_33_mask.tif
candidates/incident_79403/candidate_33/incident_79403_candidate_33_after.tif
candidates/incident_79403/candidate_33/incident_79403_candidate_33_slope.tif
candidates/incident_79403/candidate_33/incident_79403_candidate_33_before.tif
candidates/incident_79403/candidate_34/incident_79403_candidate_34_mask.tif
candidates/incident_79403/candidate_34/incident_79403_candidate_34_before.tif
candidates/incident_79403/candidate_34/incident_79403_candidate_34_slope.tif
candidates/incident_79403/candidate_34/incident_79403_candidate_34_after.tif
candidates/incident_79403/candidate_35/incident_79403_candidate_35_mask.tif
candidates/incident_79403/candidate_35/incident_79403_candidate_35_slope.tif
candidates/incident_79403/candidate_35/incident_79403_candidate_35_after.tif
candidates/incident_79403/candidate_35/incident_79403_candidate_35_before.tif
candidates/incident_79403/candidate_36/incident_79403_candidate_36_slope.tif
candidates/incident_79403/candidate_36/incident_79403_candidate_36_mask.tif
candidates/incident_79403/candidate_36/incident_79403_candidate_36_after.tif
candidates/incident_79403/candidate_36/incident_79403_candidate_36_before.tif
candidates/incident_79403/candidate_37/incident_79403_candidate_37_mask.tif
candidates/incident_79403/candidate_37/incident_79403_candidate_37_after.tif
candidates/incident_79403/candidate_37/incident_79403_candidate_37_slope.tif
candidates/incident_79403/candidate_38/incident_79403_candidate_38_mask.tif
candidates/incident_79403/candidate_38/incident_79403_candidate_38_slope.tif
candidates/incident_79403/candidate_38/incident_79403_candidate_38_after.tif
candidates/incident_79403/candidate_37/incident_79403_candidate_37_before.tif
candidates/incident_79403/candidate_39/incident_79403_candidate_39_mask.tif
candidates/incident_79403/candidate_38/incident_79403_candidate_38_before.tif
candidates/incident_79403/candidate_39/incident_79403_candidate_39_slope.tif
candidates/incident_79403/candidate_39/incident_79403_candidate_39_after.tif
candidates/incident_79403/candidate_4/incident_79403_candidate_4_mask.tif
candidates/incident_79403/candidate_4/incident_79403_candidate_4_slope.tif
candidates/incident_79403/candidate_39/incident_79403_candidate_39_before.tif
candidates/incident_79403/candidate_4/incident_79403_candidate_4_after.tif
candidates/incident_79403/candidate_40/incident_79403_candidate_40_mask.tif
candidates/incident_79403/candidate_4/incident_79403_candidate_4_before.tif
candidates/incident_79403/candidate_40/incident_79403_candidate_40_after.tif
candidates/incident_79403/candidate_40/incident_79403_candidate_40_before.tif
candidates/incident_79403/candidate_40/incident_79403_candidate_40_slope.tif
candidates/incident_79403/candidate_42/incident_79403_candidate_42_after.tif
candidates/incident_79403/candidate_42/incident_79403_candidate_42_before.tif
candidates/incident_79403/candidate_41/incident_79403_candidate_41_mask.tif
candidates/incident_79403/candidate_41/incident_79403_candidate_41_slope.tif
candidates/incident_79403/candidate_42/incident_79403_candidate_42_slope.tif
candidates/incident_79403/candidate_42/incident_79403_candidate_42_mask.tif
candidates/incident_79403/candidate_41/incident_79403_candidate_41_before.tif
candidates/incident_79403/candidate_41/incident_79403_candidate_41_after.tif
candidates/incident_79403/candidate_43/incident_79403_candidate_43_mask.tif
candidates/incident_79403/candidate_43/incident_79403_candidate_43_slope.tif
candidates/incident_79403/candidate_43/incident_79403_candidate_43_after.tif
candidates/incident_79403/candidate_43/incident_79403_candidate_43_before.tif
candidates/incident_79403/candidate_44/incident_79403_candidate_44_mask.tif
candidates/incident_79403/candidate_44/incident_79403_candidate_44_slope.tif
candidates/incident_79403/candidate_44/incident_79403_candidate_44_after.tif
candidates/incident_79403/candidate_44/incident_79403_candidate_44_before.tif
candidates/incident_79403/candidate_45/incident_79403_candidate_45_mask.tif
candidates/incident_79403/candidate_45/incident_79403_candidate_45_slope.tif
candidates/incident_79403/candidate_45/incident_79403_candidate_45_after.tif
candidates/incident_79403/candidate_45/incident_79403_candidate_45_before.tif
candidates/incident_79403/candidate_46/incident_79403_candidate_46_mask.tif
candidates/incident_79403/candidate_46/incident_79403_candidate_46_after.tif
candidates/incident_79403/candidate_46/incident_79403_candidate_46_slope.tif
candidates/incident_79403/candidate_46/incident_79403_candidate_46_before.tif
candidates/incident_79403/candidate_47/incident_79403_candidate_47_slope.tif
candidates/incident_79403/candidate_47/incident_79403_candidate_47_mask.tif
candidates/incident_79403/candidate_47/incident_79403_candidate_47_after.tif
candidates/incident_79403/candidate_48/incident_79403_candidate_48_mask.tif
candidates/incident_79403/candidate_48/incident_79403_candidate_48_after.tif
candidates/incident_79403/candidate_48/incident_79403_candidate_48_slope.tif
candidates/incident_79403/candidate_48/incident_79403_candidate_48_before.tif
candidates/incident_79403/candidate_47/incident_79403_candidate_47_before.tif
candidates/incident_79403/candidate_49/incident_79403_candidate_49_mask.tif
candidates/incident_79403/candidate_49/incident_79403_candidate_49_after.tif
candidates/incident_79403/candidate_49/incident_79403_candidate_49_slope.tif
candidates/incident_79403/candidate_49/incident_79403_candidate_49_before.tif
candidates/incident_79403/candidate_5/incident_79403_candidate_5_mask.tif
candidates/incident_79403/candidate_5/incident_79403_candidate_5_slope.tif
candidates/incident_79403/candidate_5/incident_79403_candidate_5_after.tif
candidates/incident_79403/candidate_50/incident_79403_candidate_50_after.tif
candidates/incident_79403/candidate_5/incident_79403_candidate_5_before.tif
candidates/incident_79403/candidate_50/incident_79403_candidate_50_mask.tif
candidates/incident_79403/candidate_50/incident_79403_candidate_50_slope.tif
candidates/incident_79403/candidate_50/incident_79403_candidate_50_before.tif
candidates/incident_79403/candidate_51/incident_79403_candidate_51_mask.tif
candidates/incident_79403/candidate_51/incident_79403_candidate_51_slope.tif
candidates/incident_79403/candidate_51/incident_79403_candidate_51_before.tif
candidates/incident_79403/candidate_51/incident_79403_candidate_51_after.tif
candidates/incident_79403/candidate_52/incident_79403_candidate_52_mask.tif
candidates/incident_79403/candidate_52/incident_79403_candidate_52_slope.tif
candidates/incident_79403/candidate_52/incident_79403_candidate_52_before.tif
candidates/incident_79403/candidate_53/incident_79403_candidate_53_slope.tif
candidates/incident_79403/candidate_52/incident_79403_candidate_52_after.tif
candidates/incident_79403/candidate_53/incident_79403_candidate_53_mask.tif
candidates/incident_79403/candidate_53/incident_79403_candidate_53_after.tif
candidates/incident_79403/candidate_54/incident_79403_candidate_54_mask.tif
candidates/incident_79403/candidate_53/incident_79403_candidate_53_before.tif
candidates/incident_79403/candidate_54/incident_79403_candidate_54_after.tif
candidates/incident_79403/candidate_54/incident_79403_candidate_54_slope.tif
candidates/incident_79403/candidate_54/incident_79403_candidate_54_before.tif
candidates/incident_79403/candidate_55/incident_79403_candidate_55_mask.tif
candidates/incident_79403/candidate_55/incident_79403_candidate_55_slope.tif
candidates/incident_79403/candidate_55/incident_79403_candidate_55_before.tif
candidates/incident_79403/candidate_56/incident_79403_candidate_56_mask.tif
candidates/incident_79403/candidate_56/incident_79403_candidate_56_after.tif
candidates/incident_79403/candidate_56/incident_79403_candidate_56_slope.tif
candidates/incident_79403/candidate_56/incident_79403_candidate_56_before.tif
candidates/incident_79403/candidate_57/incident_79403_candidate_57_mask.tif
candidates/incident_79403/candidate_55/incident_79403_candidate_55_after.tif
candidates/incident_79403/candidate_57/incident_79403_candidate_57_slope.tif
candidates/incident_79403/candidate_57/incident_79403_candidate_57_after.tif
candidates/incident_79403/candidate_58/incident_79403_candidate_58_mask.tif
candidates/incident_79403/candidate_58/incident_79403_candidate_58_slope.tif
candidates/incident_79403/candidate_57/incident_79403_candidate_57_before.tif
candidates/incident_79403/candidate_58/incident_79403_candidate_58_before.tif
candidates/incident_79403/candidate_59/incident_79403_candidate_59_mask.tif
candidates/incident_79403/candidate_58/incident_79403_candidate_58_after.tif
candidates/incident_79403/candidate_59/incident_79403_candidate_59_slope.tif
candidates/incident_79403/candidate_59/incident_79403_candidate_59_after.tif
candidates/incident_79403/candidate_6/incident_79403_candidate_6_mask.tif
candidates/incident_79403/candidate_6/incident_79403_candidate_6_slope.tif
candidates/incident_79403/candidate_6/incident_79403_candidate_6_after.tif
candidates/incident_79403/candidate_6/incident_79403_candidate_6_before.tif
candidates/incident_79403/candidate_59/incident_79403_candidate_59_before.tif
candidates/incident_79403/candidate_60/incident_79403_candidate_60_mask.tif
candidates/incident_79403/candidate_60/incident_79403_candidate_60_slope.tif
candidates/incident_79403/candidate_60/incident_79403_candidate_60_after.tif
candidates/incident_79403/candidate_61/incident_79403_candidate_61_mask.tif
candidates/incident_79403/candidate_61/incident_79403_candidate_61_slope.tif
candidates/incident_79403/candidate_61/incident_79403_candidate_61_after.tif
candidates/incident_79403/candidate_62/incident_79403_candidate_62_mask.tif
candidates/incident_79403/candidate_60/incident_79403_candidate_60_before.tif
candidates/incident_79403/candidate_62/incident_79403_candidate_62_slope.tif
candidates/incident_79403/candidate_62/incident_79403_candidate_62_after.tif
candidates/incident_79403/candidate_61/incident_79403_candidate_61_before.tif
candidates/incident_79403/candidate_62/incident_79403_candidate_62_before.tif
candidates/incident_79403/candidate_63/incident_79403_candidate_63_after.tif
candidates/incident_79403/candidate_63/incident_79403_candidate_63_mask.tif
candidates/incident_79403/candidate_63/incident_79403_candidate_63_slope.tif
candidates/incident_79403/candidate_63/incident_79403_candidate_63_before.tif
candidates/incident_79403/candidate_64/incident_79403_candidate_64_slope.tif
candidates/incident_79403/candidate_64/incident_79403_candidate_64_mask.tif
candidates/incident_79403/candidate_64/incident_79403_candidate_64_after.tif
candidates/incident_79403/candidate_64/incident_79403_candidate_64_before.tif
candidates/incident_79403/candidate_65/incident_79403_candidate_65_mask.tif
candidates/incident_79403/candidate_65/incident_79403_candidate_65_slope.tif
candidates/incident_79403/candidate_65/incident_79403_candidate_65_after.tif
candidates/incident_79403/candidate_66/incident_79403_candidate_66_after.tif
candidates/incident_79403/candidate_66/incident_79403_candidate_66_before.tif
candidates/incident_79403/candidate_66/incident_79403_candidate_66_mask.tif
candidates/incident_79403/candidate_66/incident_79403_candidate_66_slope.tif
candidates/incident_79403/candidate_67/incident_79403_candidate_67_mask.tif
candidates/incident_79403/candidate_67/incident_79403_candidate_67_slope.tif
candidates/incident_79403/candidate_67/incident_79403_candidate_67_before.tif
candidates/incident_79403/candidate_68/incident_79403_candidate_68_mask.tif
candidates/incident_79403/candidate_65/incident_79403_candidate_65_before.tif
candidates/incident_79403/candidate_68/incident_79403_candidate_68_slope.tif
candidates/incident_79403/candidate_68/incident_79403_candidate_68_before.tif
candidates/incident_79403/candidate_68/incident_79403_candidate_68_after.tif
candidates/incident_79403/candidate_67/incident_79403_candidate_67_after.tif
candidates/incident_79403/candidate_69/incident_79403_candidate_69_mask.tif
candidates/incident_79403/candidate_69/incident_79403_candidate_69_slope.tif
candidates/incident_79403/candidate_69/incident_79403_candidate_69_after.tif
candidates/incident_79403/candidate_7/incident_79403_candidate_7_mask.tif
candidates/incident_79403/candidate_7/incident_79403_candidate_7_slope.tif
candidates/incident_79403/candidate_69/incident_79403_candidate_69_before.tif
candidates/incident_79403/candidate_70/incident_79403_candidate_70_mask.tif
candidates/incident_79403/candidate_70/incident_79403_candidate_70_slope.tif
candidates/incident_79403/candidate_70/incident_79403_candidate_70_before.tif
candidates/incident_79403/candidate_7/incident_79403_candidate_7_after.tif
candidates/incident_79403/candidate_7/incident_79403_candidate_7_before.tif
candidates/incident_79403/candidate_71/incident_79403_candidate_71_mask.tif
candidates/incident_79403/candidate_71/incident_79403_candidate_71_after.tif
candidates/incident_79403/candidate_71/incident_79403_candidate_71_before.tif
candidates/incident_79403/candidate_71/incident_79403_candidate_71_slope.tif
candidates/incident_79403/candidate_70/incident_79403_candidate_70_after.tif
candidates/incident_79403/candidate_72/incident_79403_candidate_72_after.tif
candidates/incident_79403/candidate_72/incident_79403_candidate_72_mask.tif
candidates/incident_79403/candidate_72/incident_79403_candidate_72_slope.tif
candidates/incident_79403/candidate_73/incident_79403_candidate_73_mask.tif
candidates/incident_79403/candidate_73/incident_79403_candidate_73_slope.tif
candidates/incident_79403/candidate_74/incident_79403_candidate_74_mask.tif
candidates/incident_79403/candidate_73/incident_79403_candidate_73_before.tif
candidates/incident_79403/candidate_74/incident_79403_candidate_74_slope.tif
candidates/incident_79403/candidate_74/incident_79403_candidate_74_after.tif
candidates/incident_79403/candidate_74/incident_79403_candidate_74_before.tif
candidates/incident_79403/candidate_73/incident_79403_candidate_73_after.tif
candidates/incident_79403/candidate_75/incident_79403_candidate_75_after.tif
candidates/incident_79403/candidate_75/incident_79403_candidate_75_mask.tif
candidates/incident_79403/candidate_72/incident_79403_candidate_72_before.tif
candidates/incident_79403/candidate_75/incident_79403_candidate_75_slope.tif
candidates/incident_79403/candidate_75/incident_79403_candidate_75_before.tif
candidates/incident_79403/candidate_76/incident_79403_candidate_76_slope.tif
candidates/incident_79403/candidate_76/incident_79403_candidate_76_mask.tif
candidates/incident_79403/candidate_78/incident_79403_candidate_78_after.tif
candidates/incident_79403/candidate_78/incident_79403_candidate_78_before.tif
candidates/incident_79403/candidate_76/incident_79403_candidate_76_after.tif
candidates/incident_79403/candidate_76/incident_79403_candidate_76_before.tif
candidates/incident_79403/candidate_77/incident_79403_candidate_77_mask.tif
candidates/incident_79403/candidate_77/incident_79403_candidate_77_slope.tif
candidates/incident_79403/candidate_77/incident_79403_candidate_77_after.tif
candidates/incident_79403/candidate_78/incident_79403_candidate_78_slope.tif
candidates/incident_79403/candidate_77/incident_79403_candidate_77_before.tif
candidates/incident_79403/candidate_78/incident_79403_candidate_78_mask.tif
candidates/incident_79403/candidate_79/incident_79403_candidate_79_slope.tif
candidates/incident_79403/candidate_79/incident_79403_candidate_79_mask.tif
candidates/incident_79403/candidate_79/incident_79403_candidate_79_after.tif
candidates/incident_79403/candidate_8/incident_79403_candidate_8_mask.tif
candidates/incident_79403/candidate_8/incident_79403_candidate_8_slope.tif
candidates/incident_79403/candidate_79/incident_79403_candidate_79_before.tif
candidates/incident_79403/candidate_8/incident_79403_candidate_8_after.tif
candidates/incident_79403/candidate_8/incident_79403_candidate_8_before.tif
candidates/incident_79403/candidate_80/incident_79403_candidate_80_mask.tif
candidates/incident_79403/candidate_80/incident_79403_candidate_80_slope.tif
candidates/incident_79403/candidate_80/incident_79403_candidate_80_before.tif
candidates/incident_79403/candidate_81/incident_79403_candidate_81_mask.tif
candidates/incident_79403/candidate_81/incident_79403_candidate_81_slope.tif
candidates/incident_79403/candidate_81/incident_79403_candidate_81_after.tif
candidates/incident_79403/candidate_81/incident_79403_candidate_81_before.tif
candidates/incident_79403/candidate_82/incident_79403_candidate_82_mask.tif
candidates/incident_79403/candidate_80/incident_79403_candidate_80_after.tif
candidates/incident_79403/candidate_82/incident_79403_candidate_82_slope.tif
candidates/incident_79403/candidate_82/incident_79403_candidate_82_after.tif
candidates/incident_79403/candidate_82/incident_79403_candidate_82_before.tif
candidates/incident_79403/candidate_83/incident_79403_candidate_83_mask.tif
candidates/incident_79403/candidate_83/incident_79403_candidate_83_after.tif
candidates/incident_79403/candidate_83/incident_79403_candidate_83_slope.tif
candidates/incident_79403/candidate_83/incident_79403_candidate_83_before.tif
candidates/incident_79403/candidate_84/incident_79403_candidate_84_mask.tif
candidates/incident_79403/candidate_84/incident_79403_candidate_84_slope.tif
candidates/incident_79403/candidate_84/incident_79403_candidate_84_after.tif
candidates/incident_79403/candidate_85/incident_79403_candidate_85_mask.tif
candidates/incident_79403/candidate_85/incident_79403_candidate_85_slope.tif
candidates/incident_79403/candidate_86/incident_79403_candidate_86_mask.tif
candidates/incident_79403/candidate_85/incident_79403_candidate_85_after.tif
candidates/incident_79403/candidate_86/incident_79403_candidate_86_slope.tif
candidates/incident_79403/candidate_85/incident_79403_candidate_85_before.tif
candidates/incident_79403/candidate_84/incident_79403_candidate_84_before.tif
candidates/incident_79403/candidate_86/incident_79403_candidate_86_before.tif
candidates/incident_79403/candidate_86/incident_79403_candidate_86_after.tif
candidates/incident_79403/candidate_87/incident_79403_candidate_87_after.tif
candidates/incident_79403/candidate_87/incident_79403_candidate_87_mask.tif
candidates/incident_79403/candidate_87/incident_79403_candidate_87_slope.tif
candidates/incident_79403/candidate_88/incident_79403_candidate_88_mask.tif
candidates/incident_79403/candidate_87/incident_79403_candidate_87_before.tif
candidates/incident_79403/candidate_88/incident_79403_candidate_88_slope.tif
candidates/incident_79403/candidate_88/incident_79403_candidate_88_before.tif
candidates/incident_79403/candidate_88/incident_79403_candidate_88_after.tif
candidates/incident_79403/candidate_89/incident_79403_candidate_89_mask.tif
candidates/incident_79403/candidate_89/incident_79403_candidate_89_after.tif
candidates/incident_79403/candidate_89/incident_79403_candidate_89_before.tif
candidates/incident_79403/candidate_89/incident_79403_candidate_89_slope.tif
candidates/incident_79403/candidate_9/incident_79403_candidate_9_slope.tif
candidates/incident_79403/candidate_9/incident_79403_candidate_9_mask.tif
candidates/incident_79403/candidate_9/incident_79403_candidate_9_after.tif
candidates/incident_79403/candidate_9/incident_79403_candidate_9_before.tif
candidates/incident_79403/candidate_90/incident_79403_candidate_90_slope.tif
candidates/incident_79403/candidate_90/incident_79403_candidate_90_mask.tif
candidates/incident_79403/candidate_90/incident_79403_candidate_90_after.tif
candidates/incident_79403/candidate_91/incident_79403_candidate_91_mask.tif
candidates/incident_79403/candidate_91/incident_79403_candidate_91_slope.tif
candidates/incident_79403/candidate_91/incident_79403_candidate_91_after.tif
candidates/incident_79403/candidate_91/incident_79403_candidate_91_before.tif
candidates/incident_79403/candidate_90/incident_79403_candidate_90_before.tif
candidates/incident_79403/candidate_92/incident_79403_candidate_92_mask.tif
candidates/incident_79403/candidate_92/incident_79403_candidate_92_after.tif
candidates/incident_79403/candidate_92/incident_79403_candidate_92_slope.tif
candidates/incident_79403/candidate_92/incident_79403_candidate_92_before.tif
candidates/incident_79403/candidate_93/incident_79403_candidate_93_mask.tif
candidates/incident_79403/candidate_93/incident_79403_candidate_93_after.tif
candidates/incident_79403/candidate_93/incident_79403_candidate_93_slope.tif
candidates/incident_79403/candidate_94/incident_79403_candidate_94_mask.tif
candidates/incident_79403/candidate_93/incident_79403_candidate_93_before.tif
candidates/incident_79403/candidate_94/incident_79403_candidate_94_slope.tif
candidates/incident_79403/candidate_94/incident_79403_candidate_94_after.tif
candidates/incident_79403/candidate_94/incident_79403_candidate_94_before.tif
candidates/incident_79403/candidate_95/incident_79403_candidate_95_mask.tif
candidates/incident_79403/candidate_95/incident_79403_candidate_95_slope.tif
candidates/incident_79403/candidate_95/incident_79403_candidate_95_after.tif
candidates/incident_79403/candidate_96/incident_79403_candidate_96_mask.tif
candidates/incident_79403/candidate_95/incident_79403_candidate_95_before.tif
candidates/incident_79403/candidate_96/incident_79403_candidate_96_slope.tif
candidates/incident_79403/candidate_96/incident_79403_candidate_96_after.tif
candidates/incident_79403/candidate_96/incident_79403_candidate_96_before.tif
candidates/incident_79403/candidate_97/incident_79403_candidate_97_mask.tif
candidates/incident_79403/candidate_97/incident_79403_candidate_97_slope.tif
candidates/incident_79403/candidate_97/incident_79403_candidate_97_before.tif
candidates/incident_79403/candidate_97/incident_79403_candidate_97_after.tif
candidates/incident_79403/candidate_98/incident_79403_candidate_98_mask.tif
candidates/incident_79403/candidate_98/incident_79403_candidate_98_slope.tif
candidates/incident_79403/candidate_98/incident_79403_candidate_98_after.tif
candidates/incident_79403/candidate_98/incident_79403_candidate_98_before.tif
candidates/incident_79403/candidate_99/incident_79403_candidate_99_mask.tif
candidates/incident_79403/candidate_99/incident_79403_candidate_99_after.tif
candidates/incident_79403/candidate_99/incident_79403_candidate_99_slope.tif
candidates/incident_79403/candidate_99/incident_79403_candidate_99_before.tif
candidates/incident_79420/candidate_1/incident_79420_candidate_1_mask.tif
candidates/incident_79420/candidate_1/incident_79420_candidate_1_slope.tif
candidates/incident_79420/candidate_10/incident_79420_candidate_10_mask.tif
candidates/incident_79420/candidate_1/incident_79420_candidate_1_after.tif
candidates/incident_79420/candidate_10/incident_79420_candidate_10_slope.tif
candidates/incident_79420/candidate_11/incident_79420_candidate_11_slope.tif
candidates/incident_79420/candidate_11/incident_79420_candidate_11_mask.tif
candidates/incident_79420/candidate_12/incident_79420_candidate_12_mask.tif
candidates/incident_79420/candidate_12/incident_79420_candidate_12_slope.tif
candidates/incident_79420/candidate_13/incident_79420_candidate_13_mask.tif
candidates/incident_79420/candidate_13/incident_79420_candidate_13_slope.tif
candidates/incident_79420/candidate_13/incident_79420_candidate_13_after.tif
candidates/incident_79420/candidate_14/incident_79420_candidate_14_mask.tif
candidates/incident_79420/candidate_14/incident_79420_candidate_14_slope.tif
candidates/incident_79420/candidate_15/incident_79420_candidate_15_mask.tif
candidates/incident_79420/candidate_15/incident_79420_candidate_15_slope.tif
candidates/incident_79420/candidate_16/incident_79420_candidate_16_mask.tif
candidates/incident_79420/candidate_16/incident_79420_candidate_16_slope.tif
candidates/incident_79420/candidate_2/incident_79420_candidate_2_mask.tif
candidates/incident_79420/candidate_2/incident_79420_candidate_2_slope.tif
candidates/incident_79420/candidate_3/incident_79420_candidate_3_mask.tif
candidates/incident_79420/candidate_3/incident_79420_candidate_3_slope.tif
candidates/incident_79420/candidate_4/incident_79420_candidate_4_mask.tif
candidates/incident_79420/candidate_4/incident_79420_candidate_4_slope.tif
candidates/incident_79420/candidate_5/incident_79420_candidate_5_mask.tif
candidates/incident_79420/candidate_5/incident_79420_candidate_5_slope.tif
candidates/incident_79420/candidate_6/incident_79420_candidate_6_slope.tif
candidates/incident_79420/candidate_6/incident_79420_candidate_6_mask.tif
candidates/incident_79420/candidate_7/incident_79420_candidate_7_mask.tif
candidates/incident_79420/candidate_7/incident_79420_candidate_7_slope.tif
candidates/incident_79420/candidate_8/incident_79420_candidate_8_mask.tif
candidates/incident_79420/candidate_8/incident_79420_candidate_8_slope.tif
candidates/incident_79420/candidate_9/incident_79420_candidate_9_mask.tif
candidates/incident_79420/candidate_9/incident_79420_candidate_9_slope.tif
candidates/incident_79434/candidate_1/incident_79434_candidate_1_mask.tif
candidates/incident_79434/candidate_1/incident_79434_candidate_1_slope.tif
candidates/incident_79434/candidate_2/incident_79434_candidate_2_mask.tif
candidates/incident_79434/candidate_2/incident_79434_candidate_2_slope.tif
candidates/incident_79434/candidate_3/incident_79434_candidate_3_slope.tif
candidates/incident_79434/candidate_3/incident_79434_candidate_3_mask.tif
candidates/incident_79434/candidate_4/incident_79434_candidate_4_slope.tif
candidates/incident_79434/candidate_4/incident_79434_candidate_4_mask.tif
candidates/incident_79434/candidate_5/incident_79434_candidate_5_mask.tif
candidates/incident_79434/candidate_5/incident_79434_candidate_5_slope.tif
candidates/incident_79434/candidate_6/incident_79434_candidate_6_mask.tif
candidates/incident_79434/candidate_6/incident_79434_candidate_6_slope.tif
candidates/incident_79434/candidate_7/incident_79434_candidate_7_slope.tif
candidates/incident_79434/candidate_7/incident_79434_candidate_7_mask.tif
candidates/incident_79434/candidate_8/incident_79434_candidate_8_mask.tif
candidates/incident_79434/candidate_8/incident_79434_candidate_8_slope.tif
candidates/incident_79434/candidate_9/incident_79434_candidate_9_mask.tif
candidates/incident_79434/candidate_9/incident_79434_candidate_9_slope.tif
candidates/incident_79438/candidate_10/incident_79438_candidate_10_mask.tif
candidates/incident_79438/candidate_10/incident_79438_candidate_10_slope.tif
candidates/incident_79438/candidate_11/incident_79438_candidate_11_slope.tif
candidates/incident_79438/candidate_11/incident_79438_candidate_11_mask.tif
candidates/incident_79438/candidate_12/incident_79438_candidate_12_mask.tif
candidates/incident_79438/candidate_12/incident_79438_candidate_12_slope.tif
candidates/incident_79438/candidate_13/incident_79438_candidate_13_slope.tif
candidates/incident_79438/candidate_13/incident_79438_candidate_13_mask.tif
candidates/incident_79438/candidate_14/incident_79438_candidate_14_slope.tif
candidates/incident_79438/candidate_14/incident_79438_candidate_14_mask.tif
candidates/incident_79438/candidate_15/incident_79438_candidate_15_slope.tif
candidates/incident_79438/candidate_15/incident_79438_candidate_15_mask.tif
candidates/incident_79438/candidate_16/incident_79438_candidate_16_mask.tif
candidates/incident_79438/candidate_16/incident_79438_candidate_16_slope.tif
candidates/incident_79438/candidate_17/incident_79438_candidate_17_mask.tif
candidates/incident_79438/candidate_17/incident_79438_candidate_17_slope.tif
candidates/incident_79438/candidate_18/incident_79438_candidate_18_mask.tif
candidates/incident_79438/candidate_18/incident_79438_candidate_18_slope.tif
candidates/incident_79438/candidate_19/incident_79438_candidate_19_mask.tif
candidates/incident_79438/candidate_19/incident_79438_candidate_19_slope.tif
candidates/incident_79438/candidate_2/incident_79438_candidate_2_mask.tif
candidates/incident_79438/candidate_2/incident_79438_candidate_2_slope.tif
candidates/incident_79438/candidate_20/incident_79438_candidate_20_mask.tif
candidates/incident_79438/candidate_20/incident_79438_candidate_20_slope.tif
candidates/incident_79438/candidate_21/incident_79438_candidate_21_mask.tif
candidates/incident_79438/candidate_21/incident_79438_candidate_21_slope.tif
candidates/incident_79438/candidate_22/incident_79438_candidate_22_mask.tif
candidates/incident_79438/candidate_22/incident_79438_candidate_22_slope.tif
candidates/incident_79438/candidate_3/incident_79438_candidate_3_mask.tif
candidates/incident_79438/candidate_3/incident_79438_candidate_3_slope.tif
candidates/incident_79438/candidate_4/incident_79438_candidate_4_mask.tif
candidates/incident_79438/candidate_4/incident_79438_candidate_4_slope.tif
candidates/incident_79438/candidate_5/incident_79438_candidate_5_mask.tif
candidates/incident_79438/candidate_5/incident_79438_candidate_5_slope.tif
candidates/incident_79438/candidate_6/incident_79438_candidate_6_mask.tif
candidates/incident_79438/candidate_6/incident_79438_candidate_6_slope.tif
candidates/incident_79438/candidate_7/incident_79438_candidate_7_mask.tif
candidates/incident_79438/candidate_7/incident_79438_candidate_7_slope.tif
candidates/incident_79438/candidate_8/incident_79438_candidate_8_mask.tif
candidates/incident_79438/candidate_8/incident_79438_candidate_8_slope.tif
candidates/incident_79438/candidate_9/incident_79438_candidate_9_slope.tif
candidates/incident_79438/candidate_9/incident_79438_candidate_9_mask.tif
candidates/incident_79461/candidate_1/incident_79461_candidate_1_slope.tif
candidates/incident_79461/candidate_1/incident_79461_candidate_1_mask.tif
candidates/incident_79461/candidate_10/incident_79461_candidate_10_mask.tif
candidates/incident_79461/candidate_10/incident_79461_candidate_10_slope.tif
candidates/incident_79461/candidate_11/incident_79461_candidate_11_mask.tif
candidates/incident_79461/candidate_11/incident_79461_candidate_11_slope.tif
candidates/incident_79461/candidate_12/incident_79461_candidate_12_mask.tif
candidates/incident_79461/candidate_12/incident_79461_candidate_12_slope.tif
candidates/incident_79461/candidate_13/incident_79461_candidate_13_mask.tif
candidates/incident_79461/candidate_13/incident_79461_candidate_13_slope.tif
candidates/incident_79461/candidate_14/incident_79461_candidate_14_mask.tif
candidates/incident_79461/candidate_14/incident_79461_candidate_14_slope.tif
candidates/incident_79461/candidate_15/incident_79461_candidate_15_mask.tif
candidates/incident_79461/candidate_15/incident_79461_candidate_15_slope.tif
candidates/incident_79461/candidate_16/incident_79461_candidate_16_mask.tif
candidates/incident_79461/candidate_16/incident_79461_candidate_16_slope.tif
candidates/incident_79461/candidate_17/incident_79461_candidate_17_slope.tif
candidates/incident_79461/candidate_17/incident_79461_candidate_17_mask.tif
candidates/incident_79461/candidate_18/incident_79461_candidate_18_slope.tif
candidates/incident_79461/candidate_19/incident_79461_candidate_19_mask.tif
candidates/incident_79461/candidate_18/incident_79461_candidate_18_mask.tif
candidates/incident_79461/candidate_19/incident_79461_candidate_19_slope.tif
candidates/incident_79461/candidate_2/incident_79461_candidate_2_slope.tif
candidates/incident_79461/candidate_2/incident_79461_candidate_2_mask.tif
candidates/incident_79461/candidate_20/incident_79461_candidate_20_mask.tif
candidates/incident_79461/candidate_20/incident_79461_candidate_20_slope.tif
candidates/incident_79461/candidate_21/incident_79461_candidate_21_mask.tif
candidates/incident_79461/candidate_21/incident_79461_candidate_21_slope.tif
candidates/incident_79461/candidate_22/incident_79461_candidate_22_mask.tif
candidates/incident_79461/candidate_22/incident_79461_candidate_22_slope.tif
candidates/incident_79461/candidate_23/incident_79461_candidate_23_mask.tif
candidates/incident_79461/candidate_23/incident_79461_candidate_23_slope.tif
candidates/incident_79461/candidate_24/incident_79461_candidate_24_mask.tif
candidates/incident_79461/candidate_24/incident_79461_candidate_24_slope.tif
candidates/incident_79461/candidate_24/incident_79461_candidate_24_after.tif
candidates/incident_79461/candidate_23/incident_79461_candidate_23_before.tif
candidates/incident_79461/candidate_23/incident_79461_candidate_23_after.tif
candidates/incident_79461/candidate_24/incident_79461_candidate_24_before.tif
candidates/incident_79461/candidate_25/incident_79461_candidate_25_mask.tif
candidates/incident_79461/candidate_25/incident_79461_candidate_25_slope.tif
candidates/incident_79461/candidate_25/incident_79461_candidate_25_after.tif
candidates/incident_79461/candidate_25/incident_79461_candidate_25_before.tif
candidates/incident_79461/candidate_26/incident_79461_candidate_26_mask.tif
candidates/incident_79461/candidate_26/incident_79461_candidate_26_slope.tif
candidates/incident_79461/candidate_26/incident_79461_candidate_26_before.tif
candidates/incident_79461/candidate_26/incident_79461_candidate_26_after.tif
candidates/incident_79461/candidate_27/incident_79461_candidate_27_mask.tif
candidates/incident_79461/candidate_27/incident_79461_candidate_27_slope.tif
candidates/incident_79461/candidate_27/incident_79461_candidate_27_after.tif
candidates/incident_79461/candidate_28/incident_79461_candidate_28_mask.tif
candidates/incident_79461/candidate_28/incident_79461_candidate_28_slope.tif
candidates/incident_79461/candidate_28/incident_79461_candidate_28_before.tif
candidates/incident_79461/candidate_27/incident_79461_candidate_27_before.tif
candidates/incident_79461/candidate_28/incident_79461_candidate_28_after.tif
candidates/incident_79461/candidate_29/incident_79461_candidate_29_mask.tif
candidates/incident_79461/candidate_29/incident_79461_candidate_29_slope.tif
candidates/incident_79461/candidate_29/incident_79461_candidate_29_after.tif
candidates/incident_79461/candidate_29/incident_79461_candidate_29_before.tif
candidates/incident_79461/candidate_3/incident_79461_candidate_3_mask.tif
candidates/incident_79461/candidate_3/incident_79461_candidate_3_slope.tif
candidates/incident_79461/candidate_3/incident_79461_candidate_3_before.tif
candidates/incident_79461/candidate_30/incident_79461_candidate_30_mask.tif
candidates/incident_79461/candidate_30/incident_79461_candidate_30_slope.tif
candidates/incident_79461/candidate_30/incident_79461_candidate_30_after.tif
candidates/incident_79461/candidate_30/incident_79461_candidate_30_before.tif
candidates/incident_79461/candidate_3/incident_79461_candidate_3_after.tif
candidates/incident_79461/candidate_31/incident_79461_candidate_31_after.tif
candidates/incident_79461/candidate_31/incident_79461_candidate_31_mask.tif
candidates/incident_79461/candidate_31/incident_79461_candidate_31_before.tif
candidates/incident_79461/candidate_31/incident_79461_candidate_31_slope.tif
candidates/incident_79461/candidate_32/incident_79461_candidate_32_mask.tif
candidates/incident_79461/candidate_32/incident_79461_candidate_32_after.tif
candidates/incident_79461/candidate_32/incident_79461_candidate_32_slope.tif
candidates/incident_79461/candidate_32/incident_79461_candidate_32_before.tif
candidates/incident_79461/candidate_33/incident_79461_candidate_33_mask.tif
candidates/incident_79461/candidate_33/incident_79461_candidate_33_slope.tif
candidates/incident_79461/candidate_33/incident_79461_candidate_33_after.tif
candidates/incident_79461/candidate_33/incident_79461_candidate_33_before.tif
candidates/incident_79461/candidate_34/incident_79461_candidate_34_mask.tif
candidates/incident_79461/candidate_34/incident_79461_candidate_34_slope.tif
candidates/incident_79461/candidate_34/incident_79461_candidate_34_before.tif
candidates/incident_79461/candidate_35/incident_79461_candidate_35_mask.tif
candidates/incident_79461/candidate_35/incident_79461_candidate_35_before.tif
candidates/incident_79461/candidate_35/incident_79461_candidate_35_slope.tif
candidates/incident_79461/candidate_35/incident_79461_candidate_35_after.tif
candidates/incident_79461/candidate_36/incident_79461_candidate_36_mask.tif
candidates/incident_79461/candidate_36/incident_79461_candidate_36_slope.tif
candidates/incident_79461/candidate_36/incident_79461_candidate_36_before.tif
candidates/incident_79461/candidate_34/incident_79461_candidate_34_after.tif
candidates/incident_79461/candidate_36/incident_79461_candidate_36_after.tif
candidates/incident_79461/candidate_37/incident_79461_candidate_37_mask.tif
candidates/incident_79461/candidate_37/incident_79461_candidate_37_slope.tif
candidates/incident_79461/candidate_37/incident_79461_candidate_37_after.tif
candidates/incident_79461/candidate_38/incident_79461_candidate_38_mask.tif
candidates/incident_79461/candidate_38/incident_79461_candidate_38_slope.tif
candidates/incident_79461/candidate_38/incident_79461_candidate_38_after.tif
candidates/incident_79461/candidate_39/incident_79461_candidate_39_mask.tif
candidates/incident_79461/candidate_39/incident_79461_candidate_39_slope.tif
candidates/incident_79461/candidate_37/incident_79461_candidate_37_before.tif
candidates/incident_79461/candidate_39/incident_79461_candidate_39_after.tif
candidates/incident_79461/candidate_38/incident_79461_candidate_38_before.tif
candidates/incident_79461/candidate_4/incident_79461_candidate_4_after.tif
candidates/incident_79461/candidate_4/incident_79461_candidate_4_mask.tif
candidates/incident_79461/candidate_4/incident_79461_candidate_4_slope.tif
candidates/incident_79461/candidate_39/incident_79461_candidate_39_before.tif
candidates/incident_79461/candidate_40/incident_79461_candidate_40_after.tif
candidates/incident_79461/candidate_40/incident_79461_candidate_40_slope.tif
candidates/incident_79461/candidate_40/incident_79461_candidate_40_mask.tif
candidates/incident_79461/candidate_41/incident_79461_candidate_41_mask.tif
candidates/incident_79461/candidate_4/incident_79461_candidate_4_before.tif
candidates/incident_79461/candidate_41/incident_79461_candidate_41_before.tif
candidates/incident_79461/candidate_40/incident_79461_candidate_40_before.tif
candidates/incident_79461/candidate_41/incident_79461_candidate_41_slope.tif
candidates/incident_79461/candidate_42/incident_79461_candidate_42_mask.tif
candidates/incident_79461/candidate_41/incident_79461_candidate_41_after.tif
candidates/incident_79461/candidate_42/incident_79461_candidate_42_slope.tif
candidates/incident_79461/candidate_42/incident_79461_candidate_42_after.tif
candidates/incident_79461/candidate_43/incident_79461_candidate_43_mask.tif
candidates/incident_79461/candidate_42/incident_79461_candidate_42_before.tif
candidates/incident_79461/candidate_43/incident_79461_candidate_43_slope.tif
candidates/incident_79461/candidate_43/incident_79461_candidate_43_before.tif
candidates/incident_79461/candidate_44/incident_79461_candidate_44_mask.tif
candidates/incident_79461/candidate_44/incident_79461_candidate_44_after.tif
candidates/incident_79461/candidate_44/incident_79461_candidate_44_before.tif
candidates/incident_79461/candidate_44/incident_79461_candidate_44_slope.tif
candidates/incident_79461/candidate_43/incident_79461_candidate_43_after.tif
candidates/incident_79461/candidate_45/incident_79461_candidate_45_mask.tif
candidates/incident_79461/candidate_45/incident_79461_candidate_45_slope.tif
candidates/incident_79461/candidate_45/incident_79461_candidate_45_before.tif
candidates/incident_79461/candidate_45/incident_79461_candidate_45_after.tif
candidates/incident_79461/candidate_46/incident_79461_candidate_46_mask.tif
candidates/incident_79461/candidate_46/incident_79461_candidate_46_slope.tif
candidates/incident_79461/candidate_46/incident_79461_candidate_46_after.tif
candidates/incident_79461/candidate_47/incident_79461_candidate_47_slope.tif
candidates/incident_79461/candidate_47/incident_79461_candidate_47_mask.tif
candidates/incident_79461/candidate_48/incident_79461_candidate_48_mask.tif
candidates/incident_79461/candidate_48/incident_79461_candidate_48_slope.tif
candidates/incident_79461/candidate_47/incident_79461_candidate_47_after.tif
candidates/incident_79461/candidate_48/incident_79461_candidate_48_before.tif
candidates/incident_79461/candidate_47/incident_79461_candidate_47_before.tif
candidates/incident_79461/candidate_46/incident_79461_candidate_46_before.tif
candidates/incident_79461/candidate_49/incident_79461_candidate_49_after.tif
candidates/incident_79461/candidate_48/incident_79461_candidate_48_after.tif
candidates/incident_79461/candidate_49/incident_79461_candidate_49_mask.tif
candidates/incident_79461/candidate_49/incident_79461_candidate_49_slope.tif
candidates/incident_79461/candidate_49/incident_79461_candidate_49_before.tif
candidates/incident_79461/candidate_5/incident_79461_candidate_5_mask.tif
candidates/incident_79461/candidate_5/incident_79461_candidate_5_slope.tif
candidates/incident_79461/candidate_5/incident_79461_candidate_5_after.tif
candidates/incident_79461/candidate_5/incident_79461_candidate_5_before.tif
candidates/incident_79461/candidate_50/incident_79461_candidate_50_mask.tif
candidates/incident_79461/candidate_50/incident_79461_candidate_50_slope.tif
candidates/incident_79461/candidate_50/incident_79461_candidate_50_after.tif
candidates/incident_79461/candidate_50/incident_79461_candidate_50_before.tif
candidates/incident_79461/candidate_51/incident_79461_candidate_51_mask.tif
candidates/incident_79461/candidate_51/incident_79461_candidate_51_slope.tif
candidates/incident_79461/candidate_51/incident_79461_candidate_51_before.tif
candidates/incident_79461/candidate_51/incident_79461_candidate_51_after.tif
candidates/incident_79461/candidate_52/incident_79461_candidate_52_mask.tif
candidates/incident_79461/candidate_52/incident_79461_candidate_52_slope.tif
candidates/incident_79461/candidate_52/incident_79461_candidate_52_before.tif
candidates/incident_79461/candidate_53/incident_79461_candidate_53_mask.tif
candidates/incident_79461/candidate_53/incident_79461_candidate_53_slope.tif
candidates/incident_79461/candidate_52/incident_79461_candidate_52_after.tif
candidates/incident_79461/candidate_53/incident_79461_candidate_53_after.tif
candidates/incident_79461/candidate_53/incident_79461_candidate_53_before.tif
candidates/incident_79461/candidate_54/incident_79461_candidate_54_mask.tif
candidates/incident_79461/candidate_54/incident_79461_candidate_54_after.tif
candidates/incident_79461/candidate_54/incident_79461_candidate_54_before.tif
candidates/incident_79461/candidate_54/incident_79461_candidate_54_slope.tif
candidates/incident_79461/candidate_55/incident_79461_candidate_55_mask.tif
candidates/incident_79461/candidate_55/incident_79461_candidate_55_slope.tif
candidates/incident_79461/candidate_55/incident_79461_candidate_55_before.tif
candidates/incident_79461/candidate_55/incident_79461_candidate_55_after.tif
candidates/incident_79461/candidate_56/incident_79461_candidate_56_slope.tif
candidates/incident_79461/candidate_56/incident_79461_candidate_56_mask.tif
candidates/incident_79461/candidate_56/incident_79461_candidate_56_after.tif
candidates/incident_79461/candidate_56/incident_79461_candidate_56_before.tif
candidates/incident_79461/candidate_57/incident_79461_candidate_57_mask.tif
candidates/incident_79461/candidate_57/incident_79461_candidate_57_slope.tif
candidates/incident_79461/candidate_57/incident_79461_candidate_57_after.tif
candidates/incident_79461/candidate_57/incident_79461_candidate_57_before.tif
candidates/incident_79461/candidate_58/incident_79461_candidate_58_mask.tif
candidates/incident_79461/candidate_58/incident_79461_candidate_58_slope.tif
candidates/incident_79461/candidate_58/incident_79461_candidate_58_before.tif
candidates/incident_79461/candidate_59/incident_79461_candidate_59_slope.tif
candidates/incident_79461/candidate_59/incident_79461_candidate_59_mask.tif
candidates/incident_79461/candidate_59/incident_79461_candidate_59_after.tif
candidates/incident_79461/candidate_59/incident_79461_candidate_59_before.tif
candidates/incident_79461/candidate_6/incident_79461_candidate_6_mask.tif
candidates/incident_79461/candidate_6/incident_79461_candidate_6_after.tif
candidates/incident_79461/candidate_6/incident_79461_candidate_6_slope.tif
candidates/incident_79461/candidate_58/incident_79461_candidate_58_after.tif
candidates/incident_79461/candidate_6/incident_79461_candidate_6_before.tif
candidates/incident_79461/candidate_60/incident_79461_candidate_60_mask.tif
candidates/incident_79461/candidate_60/incident_79461_candidate_60_after.tif
candidates/incident_79461/candidate_60/incident_79461_candidate_60_slope.tif
candidates/incident_79461/candidate_60/incident_79461_candidate_60_before.tif
candidates/incident_79461/candidate_61/incident_79461_candidate_61_mask.tif
candidates/incident_79461/candidate_61/incident_79461_candidate_61_slope.tif
candidates/incident_79461/candidate_61/incident_79461_candidate_61_after.tif
candidates/incident_79461/candidate_61/incident_79461_candidate_61_before.tif
candidates/incident_79461/candidate_62/incident_79461_candidate_62_mask.tif
candidates/incident_79461/candidate_62/incident_79461_candidate_62_slope.tif
candidates/incident_79461/candidate_62/incident_79461_candidate_62_before.tif
candidates/incident_79461/candidate_63/incident_79461_candidate_63_mask.tif
candidates/incident_79461/candidate_63/incident_79461_candidate_63_slope.tif
candidates/incident_79461/candidate_62/incident_79461_candidate_62_after.tif
candidates/incident_79461/candidate_64/incident_79461_candidate_64_mask.tif
candidates/incident_79461/candidate_64/incident_79461_candidate_64_slope.tif
candidates/incident_79461/candidate_64/incident_79461_candidate_64_after.tif
candidates/incident_79461/candidate_63/incident_79461_candidate_63_after.tif
candidates/incident_79461/candidate_64/incident_79461_candidate_64_before.tif
candidates/incident_79461/candidate_63/incident_79461_candidate_63_before.tif
candidates/incident_79461/candidate_65/incident_79461_candidate_65_mask.tif
candidates/incident_79461/candidate_65/incident_79461_candidate_65_slope.tif
candidates/incident_79461/candidate_65/incident_79461_candidate_65_after.tif
candidates/incident_79461/candidate_66/incident_79461_candidate_66_mask.tif
candidates/incident_79461/candidate_66/incident_79461_candidate_66_slope.tif
candidates/incident_79461/candidate_65/incident_79461_candidate_65_before.tif
candidates/incident_79461/candidate_66/incident_79461_candidate_66_after.tif
candidates/incident_79461/candidate_66/incident_79461_candidate_66_before.tif
candidates/incident_79461/candidate_67/incident_79461_candidate_67_slope.tif
candidates/incident_79461/candidate_67/incident_79461_candidate_67_mask.tif
candidates/incident_79461/candidate_67/incident_79461_candidate_67_after.tif
candidates/incident_79461/candidate_67/incident_79461_candidate_67_before.tif
candidates/incident_79461/candidate_68/incident_79461_candidate_68_mask.tif
candidates/incident_79461/candidate_68/incident_79461_candidate_68_slope.tif
candidates/incident_79461/candidate_68/incident_79461_candidate_68_before.tif
candidates/incident_79461/candidate_68/incident_79461_candidate_68_after.tif
candidates/incident_79461/candidate_69/incident_79461_candidate_69_mask.tif
candidates/incident_79461/candidate_69/incident_79461_candidate_69_slope.tif
candidates/incident_79461/candidate_69/incident_79461_candidate_69_before.tif
candidates/incident_79461/candidate_7/incident_79461_candidate_7_mask.tif
candidates/incident_79461/candidate_69/incident_79461_candidate_69_after.tif
candidates/incident_79461/candidate_7/incident_79461_candidate_7_after.tif
candidates/incident_79461/candidate_7/incident_79461_candidate_7_slope.tif
candidates/incident_79461/candidate_7/incident_79461_candidate_7_before.tif
candidates/incident_79461/candidate_70/incident_79461_candidate_70_mask.tif
candidates/incident_79461/candidate_70/incident_79461_candidate_70_slope.tif
candidates/incident_79461/candidate_70/incident_79461_candidate_70_after.tif
candidates/incident_79461/candidate_71/incident_79461_candidate_71_mask.tif
candidates/incident_79461/candidate_71/incident_79461_candidate_71_slope.tif
candidates/incident_79461/candidate_71/incident_79461_candidate_71_before.tif
candidates/incident_79461/candidate_71/incident_79461_candidate_71_after.tif
candidates/incident_79461/candidate_70/incident_79461_candidate_70_before.tif
candidates/incident_79461/candidate_72/incident_79461_candidate_72_mask.tif
candidates/incident_79461/candidate_72/incident_79461_candidate_72_after.tif
candidates/incident_79461/candidate_72/incident_79461_candidate_72_slope.tif
candidates/incident_79461/candidate_73/incident_79461_candidate_73_mask.tif
candidates/incident_79461/candidate_73/incident_79461_candidate_73_slope.tif
candidates/incident_79461/candidate_73/incident_79461_candidate_73_after.tif
candidates/incident_79461/candidate_73/incident_79461_candidate_73_before.tif
candidates/incident_79461/candidate_72/incident_79461_candidate_72_before.tif
candidates/incident_79461/candidate_74/incident_79461_candidate_74_mask.tif
candidates/incident_79461/candidate_74/incident_79461_candidate_74_after.tif
candidates/incident_79461/candidate_74/incident_79461_candidate_74_slope.tif
candidates/incident_79461/candidate_74/incident_79461_candidate_74_before.tif
candidates/incident_79461/candidate_75/incident_79461_candidate_75_mask.tif
candidates/incident_79461/candidate_75/incident_79461_candidate_75_slope.tif
candidates/incident_79461/candidate_75/incident_79461_candidate_75_after.tif
candidates/incident_79461/candidate_75/incident_79461_candidate_75_before.tif
candidates/incident_79461/candidate_76/incident_79461_candidate_76_mask.tif
candidates/incident_79461/candidate_76/incident_79461_candidate_76_slope.tif
candidates/incident_79461/candidate_76/incident_79461_candidate_76_after.tif
candidates/incident_79461/candidate_76/incident_79461_candidate_76_before.tif
candidates/incident_79461/candidate_77/incident_79461_candidate_77_slope.tif
candidates/incident_79461/candidate_77/incident_79461_candidate_77_mask.tif
candidates/incident_79461/candidate_77/incident_79461_candidate_77_after.tif
candidates/incident_79461/candidate_77/incident_79461_candidate_77_before.tif
candidates/incident_79461/candidate_78/incident_79461_candidate_78_mask.tif
candidates/incident_79461/candidate_78/incident_79461_candidate_78_slope.tif
candidates/incident_79461/candidate_78/incident_79461_candidate_78_after.tif
candidates/incident_79461/candidate_79/incident_79461_candidate_79_mask.tif
candidates/incident_79461/candidate_78/incident_79461_candidate_78_before.tif
candidates/incident_79461/candidate_79/incident_79461_candidate_79_slope.tif
candidates/incident_79461/candidate_79/incident_79461_candidate_79_after.tif
candidates/incident_79461/candidate_79/incident_79461_candidate_79_before.tif
candidates/incident_79461/candidate_8/incident_79461_candidate_8_mask.tif
candidates/incident_79461/candidate_8/incident_79461_candidate_8_slope.tif
candidates/incident_79461/candidate_8/incident_79461_candidate_8_before.tif
candidates/incident_79461/candidate_80/incident_79461_candidate_80_mask.tif
candidates/incident_79461/candidate_80/incident_79461_candidate_80_slope.tif
candidates/incident_79461/candidate_80/incident_79461_candidate_80_before.tif
candidates/incident_79461/candidate_8/incident_79461_candidate_8_after.tif
candidates/incident_79461/candidate_81/incident_79461_candidate_81_mask.tif
candidates/incident_79461/candidate_80/incident_79461_candidate_80_after.tif
candidates/incident_79461/candidate_81/incident_79461_candidate_81_after.tif
candidates/incident_79461/candidate_81/incident_79461_candidate_81_slope.tif
candidates/incident_79461/candidate_81/incident_79461_candidate_81_before.tif
candidates/incident_79461/candidate_82/incident_79461_candidate_82_slope.tif
candidates/incident_79461/candidate_82/incident_79461_candidate_82_mask.tif
candidates/incident_79461/candidate_83/incident_79461_candidate_83_mask.tif
candidates/incident_79461/candidate_83/incident_79461_candidate_83_slope.tif
candidates/incident_79461/candidate_82/incident_79461_candidate_82_before.tif
candidates/incident_79461/candidate_83/incident_79461_candidate_83_after.tif
candidates/incident_79461/candidate_84/incident_79461_candidate_84_mask.tif
candidates/incident_79461/candidate_83/incident_79461_candidate_83_before.tif
candidates/incident_79461/candidate_84/incident_79461_candidate_84_slope.tif
candidates/incident_79461/candidate_82/incident_79461_candidate_82_after.tif
candidates/incident_79461/candidate_84/incident_79461_candidate_84_before.tif
candidates/incident_79461/candidate_85/incident_79461_candidate_85_mask.tif
candidates/incident_79461/candidate_84/incident_79461_candidate_84_after.tif
candidates/incident_79461/candidate_85/incident_79461_candidate_85_slope.tif
candidates/incident_79461/candidate_85/incident_79461_candidate_85_before.tif
candidates/incident_79461/candidate_85/incident_79461_candidate_85_after.tif
candidates/incident_79461/candidate_86/incident_79461_candidate_86_after.tif
candidates/incident_79461/candidate_86/incident_79461_candidate_86_mask.tif
candidates/incident_79461/candidate_86/incident_79461_candidate_86_slope.tif
candidates/incident_79461/candidate_87/incident_79461_candidate_87_mask.tif
candidates/incident_79461/candidate_87/incident_79461_candidate_87_slope.tif
candidates/incident_79461/candidate_87/incident_79461_candidate_87_after.tif
candidates/incident_79461/candidate_87/incident_79461_candidate_87_before.tif
candidates/incident_79461/candidate_86/incident_79461_candidate_86_before.tif
candidates/incident_79461/candidate_88/incident_79461_candidate_88_mask.tif
candidates/incident_79461/candidate_88/incident_79461_candidate_88_slope.tif
candidates/incident_79461/candidate_88/incident_79461_candidate_88_before.tif
candidates/incident_79461/candidate_88/incident_79461_candidate_88_after.tif
candidates/incident_79461/candidate_89/incident_79461_candidate_89_mask.tif
candidates/incident_79461/candidate_89/incident_79461_candidate_89_slope.tif
candidates/incident_79461/candidate_89/incident_79461_candidate_89_before.tif
candidates/incident_79461/candidate_9/incident_79461_candidate_9_mask.tif
candidates/incident_79461/candidate_9/incident_79461_candidate_9_slope.tif
candidates/incident_79461/candidate_9/incident_79461_candidate_9_after.tif
candidates/incident_79461/candidate_89/incident_79461_candidate_89_after.tif
candidates/incident_79461/candidate_9/incident_79461_candidate_9_before.tif
candidates/incident_79461/candidate_90/incident_79461_candidate_90_mask.tif
candidates/incident_79461/candidate_90/incident_79461_candidate_90_before.tif
candidates/incident_79461/candidate_90/incident_79461_candidate_90_slope.tif
candidates/incident_79461/candidate_91/incident_79461_candidate_91_mask.tif
candidates/incident_79461/candidate_91/incident_79461_candidate_91_slope.tif
candidates/incident_79461/candidate_90/incident_79461_candidate_90_after.tif
candidates/incident_79461/candidate_91/incident_79461_candidate_91_after.tif
candidates/incident_79461/candidate_91/incident_79461_candidate_91_before.tif
candidates/incident_79461/candidate_92/incident_79461_candidate_92_mask.tif
candidates/incident_79461/candidate_92/incident_79461_candidate_92_slope.tif
candidates/incident_79461/candidate_92/incident_79461_candidate_92_before.tif
candidates/incident_79461/candidate_93/incident_79461_candidate_93_slope.tif
candidates/incident_79461/candidate_93/incident_79461_candidate_93_after.tif
candidates/incident_79461/candidate_93/incident_79461_candidate_93_mask.tif
candidates/incident_79496/candidate_1/incident_79496_candidate_1_mask.tif
candidates/incident_79461/candidate_92/incident_79461_candidate_92_after.tif
candidates/incident_79461/candidate_93/incident_79461_candidate_93_before.tif
candidates/incident_79496/candidate_1/incident_79496_candidate_1_slope.tif
candidates/incident_79496/candidate_1/incident_79496_candidate_1_before.tif
candidates/incident_79496/candidate_10/incident_79496_candidate_10_mask.tif
candidates/incident_79496/candidate_10/incident_79496_candidate_10_before.tif
candidates/incident_79496/candidate_10/incident_79496_candidate_10_slope.tif
candidates/incident_79496/candidate_1/incident_79496_candidate_1_after.tif
candidates/incident_79496/candidate_10/incident_79496_candidate_10_after.tif
candidates/incident_79496/candidate_11/incident_79496_candidate_11_mask.tif
candidates/incident_79496/candidate_11/incident_79496_candidate_11_slope.tif
candidates/incident_79496/candidate_12/incident_79496_candidate_12_mask.tif
candidates/incident_79496/candidate_11/incident_79496_candidate_11_before.tif
candidates/incident_79496/candidate_11/incident_79496_candidate_11_after.tif
candidates/incident_79496/candidate_12/incident_79496_candidate_12_slope.tif
candidates/incident_79496/candidate_12/incident_79496_candidate_12_before.tif
candidates/incident_79496/candidate_12/incident_79496_candidate_12_after.tif
candidates/incident_79496/candidate_13/incident_79496_candidate_13_slope.tif
candidates/incident_79496/candidate_13/incident_79496_candidate_13_mask.tif
candidates/incident_79496/candidate_13/incident_79496_candidate_13_before.tif
candidates/incident_79496/candidate_14/incident_79496_candidate_14_mask.tif
candidates/incident_79496/candidate_14/incident_79496_candidate_14_before.tif
candidates/incident_79496/candidate_14/incident_79496_candidate_14_after.tif
candidates/incident_79496/candidate_14/incident_79496_candidate_14_slope.tif
candidates/incident_79496/candidate_13/incident_79496_candidate_13_after.tif
candidates/incident_79496/candidate_15/incident_79496_candidate_15_mask.tif
candidates/incident_79496/candidate_15/incident_79496_candidate_15_slope.tif
candidates/incident_79496/candidate_15/incident_79496_candidate_15_before.tif
candidates/incident_79496/candidate_16/incident_79496_candidate_16_mask.tif
candidates/incident_79496/candidate_16/incident_79496_candidate_16_slope.tif
candidates/incident_79496/candidate_15/incident_79496_candidate_15_after.tif
candidates/incident_79496/candidate_17/incident_79496_candidate_17_mask.tif
candidates/incident_79496/candidate_17/incident_79496_candidate_17_slope.tif
candidates/incident_79496/candidate_17/incident_79496_candidate_17_after.tif
candidates/incident_79496/candidate_16/incident_79496_candidate_16_after.tif
candidates/incident_79496/candidate_17/incident_79496_candidate_17_before.tif
candidates/incident_79496/candidate_18/incident_79496_candidate_18_mask.tif
candidates/incident_79496/candidate_16/incident_79496_candidate_16_before.tif
candidates/incident_79496/candidate_18/incident_79496_candidate_18_after.tif
candidates/incident_79496/candidate_18/incident_79496_candidate_18_slope.tif
candidates/incident_79496/candidate_19/incident_79496_candidate_19_mask.tif
candidates/incident_79496/candidate_18/incident_79496_candidate_18_before.tif
candidates/incident_79496/candidate_19/incident_79496_candidate_19_after.tif
candidates/incident_79496/candidate_19/incident_79496_candidate_19_slope.tif
candidates/incident_79496/candidate_2/incident_79496_candidate_2_mask.tif
candidates/incident_79496/candidate_2/incident_79496_candidate_2_slope.tif
candidates/incident_79496/candidate_20/incident_79496_candidate_20_mask.tif
candidates/incident_79496/candidate_19/incident_79496_candidate_19_before.tif
candidates/incident_79496/candidate_2/incident_79496_candidate_2_before.tif
candidates/incident_79496/candidate_20/incident_79496_candidate_20_after.tif
candidates/incident_79496/candidate_20/incident_79496_candidate_20_slope.tif
candidates/incident_79496/candidate_2/incident_79496_candidate_2_after.tif
candidates/incident_79496/candidate_21/incident_79496_candidate_21_slope.tif
candidates/incident_79496/candidate_21/incident_79496_candidate_21_mask.tif
candidates/incident_79496/candidate_20/incident_79496_candidate_20_before.tif
candidates/incident_79496/candidate_22/incident_79496_candidate_22_mask.tif
candidates/incident_79496/candidate_21/incident_79496_candidate_21_before.tif
candidates/incident_79496/candidate_21/incident_79496_candidate_21_after.tif
candidates/incident_79496/candidate_22/incident_79496_candidate_22_after.tif
candidates/incident_79496/candidate_22/incident_79496_candidate_22_slope.tif
candidates/incident_79496/candidate_23/incident_79496_candidate_23_mask.tif
candidates/incident_79496/candidate_22/incident_79496_candidate_22_before.tif
candidates/incident_79496/candidate_23/incident_79496_candidate_23_slope.tif
candidates/incident_79496/candidate_23/incident_79496_candidate_23_after.tif
candidates/incident_79496/candidate_23/incident_79496_candidate_23_before.tif
candidates/incident_79496/candidate_24/incident_79496_candidate_24_mask.tif
candidates/incident_79496/candidate_24/incident_79496_candidate_24_after.tif
candidates/incident_79496/candidate_24/incident_79496_candidate_24_slope.tif
candidates/incident_79496/candidate_24/incident_79496_candidate_24_before.tif
candidates/incident_79496/candidate_25/incident_79496_candidate_25_slope.tif
candidates/incident_79496/candidate_25/incident_79496_candidate_25_mask.tif
candidates/incident_79496/candidate_25/incident_79496_candidate_25_after.tif
candidates/incident_79496/candidate_25/incident_79496_candidate_25_before.tif
candidates/incident_79496/candidate_26/incident_79496_candidate_26_slope.tif
candidates/incident_79496/candidate_26/incident_79496_candidate_26_mask.tif
candidates/incident_79496/candidate_26/incident_79496_candidate_26_after.tif
candidates/incident_79496/candidate_3/incident_79496_candidate_3_mask.tif
candidates/incident_79496/candidate_3/incident_79496_candidate_3_slope.tif
candidates/incident_79496/candidate_3/incident_79496_candidate_3_after.tif
candidates/incident_79496/candidate_3/incident_79496_candidate_3_before.tif
candidates/incident_79496/candidate_4/incident_79496_candidate_4_mask.tif
candidates/incident_79496/candidate_4/incident_79496_candidate_4_after.tif
candidates/incident_79496/candidate_4/incident_79496_candidate_4_slope.tif
candidates/incident_79496/candidate_26/incident_79496_candidate_26_before.tif
candidates/incident_79496/candidate_5/incident_79496_candidate_5_mask.tif
candidates/incident_79496/candidate_5/incident_79496_candidate_5_slope.tif
candidates/incident_79496/candidate_5/incident_79496_candidate_5_after.tif
candidates/incident_79496/candidate_4/incident_79496_candidate_4_before.tif
candidates/incident_79496/candidate_6/incident_79496_candidate_6_mask.tif
candidates/incident_79496/candidate_5/incident_79496_candidate_5_before.tif
candidates/incident_79496/candidate_6/incident_79496_candidate_6_slope.tif
candidates/incident_79496/candidate_6/incident_79496_candidate_6_after.tif
candidates/incident_79496/candidate_6/incident_79496_candidate_6_before.tif
candidates/incident_79496/candidate_7/incident_79496_candidate_7_mask.tif
candidates/incident_79496/candidate_7/incident_79496_candidate_7_slope.tif
candidates/incident_79496/candidate_7/incident_79496_candidate_7_after.tif
candidates/incident_79496/candidate_7/incident_79496_candidate_7_before.tif
candidates/incident_79496/candidate_8/incident_79496_candidate_8_mask.tif
candidates/incident_79496/candidate_8/incident_79496_candidate_8_slope.tif
candidates/incident_79496/candidate_8/incident_79496_candidate_8_after.tif
candidates/incident_79496/candidate_9/incident_79496_candidate_9_mask.tif
candidates/incident_79496/candidate_9/incident_79496_candidate_9_after.tif
candidates/incident_79496/candidate_8/incident_79496_candidate_8_before.tif
candidates/incident_79496/candidate_9/incident_79496_candidate_9_slope.tif
candidates/incident_79525/candidate_1/incident_79525_candidate_1_mask.tif
candidates/incident_79496/candidate_9/incident_79496_candidate_9_before.tif
candidates/incident_79525/candidate_1/incident_79525_candidate_1_slope.tif
candidates/incident_79525/candidate_10/incident_79525_candidate_10_mask.tif
candidates/incident_79525/candidate_10/incident_79525_candidate_10_slope.tif
candidates/incident_79525/candidate_1/incident_79525_candidate_1_after.tif
candidates/incident_79525/candidate_1/incident_79525_candidate_1_before.tif
candidates/incident_79525/candidate_10/incident_79525_candidate_10_after.tif
candidates/incident_79525/candidate_11/incident_79525_candidate_11_after.tif
candidates/incident_79525/candidate_11/incident_79525_candidate_11_mask.tif
candidates/incident_79525/candidate_11/incident_79525_candidate_11_slope.tif
candidates/incident_79525/candidate_10/incident_79525_candidate_10_before.tif
candidates/incident_79525/candidate_11/incident_79525_candidate_11_before.tif
candidates/incident_79525/candidate_12/incident_79525_candidate_12_mask.tif
candidates/incident_79525/candidate_12/incident_79525_candidate_12_slope.tif
candidates/incident_79525/candidate_12/incident_79525_candidate_12_before.tif
candidates/incident_79525/candidate_13/incident_79525_candidate_13_mask.tif
candidates/incident_79525/candidate_13/incident_79525_candidate_13_slope.tif
candidates/incident_79525/candidate_12/incident_79525_candidate_12_after.tif
candidates/incident_79525/candidate_13/incident_79525_candidate_13_before.tif
candidates/incident_79525/candidate_14/incident_79525_candidate_14_mask.tif
candidates/incident_79525/candidate_13/incident_79525_candidate_13_after.tif
candidates/incident_79525/candidate_14/incident_79525_candidate_14_before.tif
candidates/incident_79525/candidate_14/incident_79525_candidate_14_slope.tif
candidates/incident_79525/candidate_14/incident_79525_candidate_14_after.tif
candidates/incident_79525/candidate_15/incident_79525_candidate_15_mask.tif
candidates/incident_79525/candidate_15/incident_79525_candidate_15_slope.tif
candidates/incident_79525/candidate_15/incident_79525_candidate_15_after.tif
candidates/incident_79525/candidate_15/incident_79525_candidate_15_before.tif
candidates/incident_79525/candidate_16/incident_79525_candidate_16_mask.tif
candidates/incident_79525/candidate_16/incident_79525_candidate_16_slope.tif
candidates/incident_79525/candidate_16/incident_79525_candidate_16_after.tif
candidates/incident_79525/candidate_16/incident_79525_candidate_16_before.tif
candidates/incident_79525/candidate_17/incident_79525_candidate_17_mask.tif
candidates/incident_79525/candidate_17/incident_79525_candidate_17_slope.tif
candidates/incident_79525/candidate_17/incident_79525_candidate_17_after.tif
candidates/incident_79525/candidate_18/incident_79525_candidate_18_mask.tif
candidates/incident_79525/candidate_18/incident_79525_candidate_18_after.tif
candidates/incident_79525/candidate_18/incident_79525_candidate_18_slope.tif
candidates/incident_79525/candidate_18/incident_79525_candidate_18_before.tif
candidates/incident_79525/candidate_17/incident_79525_candidate_17_before.tif
candidates/incident_79525/candidate_19/incident_79525_candidate_19_mask.tif
candidates/incident_79525/candidate_19/incident_79525_candidate_19_before.tif
candidates/incident_79525/candidate_19/incident_79525_candidate_19_after.tif
candidates/incident_79525/candidate_19/incident_79525_candidate_19_slope.tif
candidates/incident_79525/candidate_2/incident_79525_candidate_2_mask.tif
candidates/incident_79525/candidate_2/incident_79525_candidate_2_slope.tif
candidates/incident_79525/candidate_20/incident_79525_candidate_20_after.tif
candidates/incident_79525/candidate_20/incident_79525_candidate_20_slope.tif
candidates/incident_79525/candidate_20/incident_79525_candidate_20_mask.tif
candidates/incident_79525/candidate_2/incident_79525_candidate_2_before.tif
candidates/incident_79525/candidate_2/incident_79525_candidate_2_after.tif
candidates/incident_79525/candidate_21/incident_79525_candidate_21_after.tif
candidates/incident_79525/candidate_21/incident_79525_candidate_21_mask.tif
candidates/incident_79525/candidate_20/incident_79525_candidate_20_before.tif
candidates/incident_79525/candidate_21/incident_79525_candidate_21_before.tif
candidates/incident_79525/candidate_21/incident_79525_candidate_21_slope.tif
candidates/incident_79525/candidate_22/incident_79525_candidate_22_mask.tif
candidates/incident_79525/candidate_22/incident_79525_candidate_22_after.tif
candidates/incident_79525/candidate_22/incident_79525_candidate_22_before.tif
candidates/incident_79525/candidate_22/incident_79525_candidate_22_slope.tif
candidates/incident_79525/candidate_23/incident_79525_candidate_23_mask.tif
candidates/incident_79525/candidate_24/incident_79525_candidate_24_after.tif
candidates/incident_79525/candidate_23/incident_79525_candidate_23_after.tif
candidates/incident_79525/candidate_24/incident_79525_candidate_24_mask.tif
candidates/incident_79525/candidate_24/incident_79525_candidate_24_slope.tif
candidates/incident_79525/candidate_23/incident_79525_candidate_23_before.tif
candidates/incident_79525/candidate_23/incident_79525_candidate_23_slope.tif
candidates/incident_79525/candidate_25/incident_79525_candidate_25_after.tif
candidates/incident_79525/candidate_25/incident_79525_candidate_25_slope.tif
candidates/incident_79525/candidate_25/incident_79525_candidate_25_mask.tif
candidates/incident_79525/candidate_24/incident_79525_candidate_24_before.tif
candidates/incident_79525/candidate_26/incident_79525_candidate_26_mask.tif
candidates/incident_79525/candidate_25/incident_79525_candidate_25_before.tif
candidates/incident_79525/candidate_26/incident_79525_candidate_26_after.tif
candidates/incident_79525/candidate_26/incident_79525_candidate_26_slope.tif
candidates/incident_79525/candidate_26/incident_79525_candidate_26_before.tif
candidates/incident_79525/candidate_27/incident_79525_candidate_27_mask.tif
candidates/incident_79525/candidate_27/incident_79525_candidate_27_slope.tif
candidates/incident_79525/candidate_27/incident_79525_candidate_27_after.tif
candidates/incident_79525/candidate_27/incident_79525_candidate_27_before.tif
candidates/incident_79525/candidate_28/incident_79525_candidate_28_mask.tif
candidates/incident_79525/candidate_28/incident_79525_candidate_28_after.tif
candidates/incident_79525/candidate_28/incident_79525_candidate_28_slope.tif
candidates/incident_79525/candidate_28/incident_79525_candidate_28_before.tif
candidates/incident_79525/candidate_29/incident_79525_candidate_29_mask.tif
candidates/incident_79525/candidate_29/incident_79525_candidate_29_slope.tif
candidates/incident_79525/candidate_29/incident_79525_candidate_29_before.tif
candidates/incident_79525/candidate_3/incident_79525_candidate_3_slope.tif
candidates/incident_79525/candidate_3/incident_79525_candidate_3_mask.tif
candidates/incident_79525/candidate_29/incident_79525_candidate_29_after.tif
candidates/incident_79525/candidate_3/incident_79525_candidate_3_after.tif
candidates/incident_79525/candidate_3/incident_79525_candidate_3_before.tif
candidates/incident_79525/candidate_4/incident_79525_candidate_4_mask.tif
candidates/incident_79525/candidate_4/incident_79525_candidate_4_after.tif
candidates/incident_79525/candidate_4/incident_79525_candidate_4_slope.tif
candidates/incident_79525/candidate_4/incident_79525_candidate_4_before.tif
candidates/incident_79525/candidate_5/incident_79525_candidate_5_mask.tif
candidates/incident_79525/candidate_5/incident_79525_candidate_5_slope.tif
candidates/incident_79525/candidate_5/incident_79525_candidate_5_after.tif
candidates/incident_79525/candidate_5/incident_79525_candidate_5_before.tif
candidates/incident_79525/candidate_6/incident_79525_candidate_6_mask.tif
candidates/incident_79525/candidate_6/incident_79525_candidate_6_slope.tif
candidates/incident_79525/candidate_6/incident_79525_candidate_6_before.tif
candidates/incident_79525/candidate_6/incident_79525_candidate_6_after.tif
candidates/incident_79525/candidate_7/incident_79525_candidate_7_mask.tif
candidates/incident_79525/candidate_7/incident_79525_candidate_7_slope.tif
candidates/incident_79525/candidate_8/incident_79525_candidate_8_mask.tif
candidates/incident_79525/candidate_8/incident_79525_candidate_8_slope.tif
candidates/incident_79525/candidate_8/incident_79525_candidate_8_before.tif
candidates/incident_79525/candidate_8/incident_79525_candidate_8_after.tif
candidates/incident_79525/candidate_7/incident_79525_candidate_7_after.tif
candidates/incident_79525/candidate_9/incident_79525_candidate_9_after.tif
candidates/incident_79525/candidate_7/incident_79525_candidate_7_before.tif
candidates/incident_79525/candidate_9/incident_79525_candidate_9_mask.tif
candidates/incident_79525/candidate_9/incident_79525_candidate_9_slope.tif
candidates/incident_79608/candidate_1/incident_79608_candidate_1_mask.tif
candidates/incident_79525/candidate_9/incident_79525_candidate_9_before.tif
candidates/incident_79608/candidate_1/incident_79608_candidate_1_slope.tif
candidates/incident_79608/candidate_10/incident_79608_candidate_10_mask.tif
candidates/incident_79608/candidate_1/incident_79608_candidate_1_before.tif
candidates/incident_79608/candidate_10/incident_79608_candidate_10_slope.tif
candidates/incident_79608/candidate_11/incident_79608_candidate_11_after.tif
candidates/incident_79608/candidate_10/incident_79608_candidate_10_after.tif
candidates/incident_79608/candidate_11/incident_79608_candidate_11_mask.tif
candidates/incident_79608/candidate_10/incident_79608_candidate_10_before.tif
candidates/incident_79608/candidate_11/incident_79608_candidate_11_before.tif
candidates/incident_79608/candidate_11/incident_79608_candidate_11_slope.tif
candidates/incident_79608/candidate_1/incident_79608_candidate_1_after.tif
candidates/incident_79608/candidate_12/incident_79608_candidate_12_mask.tif
candidates/incident_79608/candidate_13/incident_79608_candidate_13_mask.tif
candidates/incident_79608/candidate_12/incident_79608_candidate_12_slope.tif
candidates/incident_79608/candidate_12/incident_79608_candidate_12_before.tif
candidates/incident_79608/candidate_13/incident_79608_candidate_13_slope.tif
candidates/incident_79608/candidate_13/incident_79608_candidate_13_after.tif
candidates/incident_79608/candidate_12/incident_79608_candidate_12_after.tif
candidates/incident_79608/candidate_13/incident_79608_candidate_13_before.tif
candidates/incident_79608/candidate_14/incident_79608_candidate_14_mask.tif
candidates/incident_79608/candidate_14/incident_79608_candidate_14_slope.tif
candidates/incident_79608/candidate_14/incident_79608_candidate_14_after.tif
candidates/incident_79608/candidate_14/incident_79608_candidate_14_before.tif
candidates/incident_79608/candidate_15/incident_79608_candidate_15_slope.tif
candidates/incident_79608/candidate_15/incident_79608_candidate_15_mask.tif
candidates/incident_79608/candidate_15/incident_79608_candidate_15_after.tif
candidates/incident_79608/candidate_15/incident_79608_candidate_15_before.tif
candidates/incident_79608/candidate_16/incident_79608_candidate_16_mask.tif
candidates/incident_79608/candidate_16/incident_79608_candidate_16_slope.tif
candidates/incident_79608/candidate_16/incident_79608_candidate_16_before.tif
candidates/incident_79608/candidate_17/incident_79608_candidate_17_mask.tif
candidates/incident_79608/candidate_17/incident_79608_candidate_17_after.tif
candidates/incident_79608/candidate_17/incident_79608_candidate_17_before.tif
candidates/incident_79608/candidate_17/incident_79608_candidate_17_slope.tif
candidates/incident_79608/candidate_16/incident_79608_candidate_16_after.tif
candidates/incident_79608/candidate_18/incident_79608_candidate_18_mask.tif
candidates/incident_79608/candidate_18/incident_79608_candidate_18_after.tif
candidates/incident_79608/candidate_18/incident_79608_candidate_18_slope.tif
candidates/incident_79608/candidate_18/incident_79608_candidate_18_before.tif
candidates/incident_79608/candidate_19/incident_79608_candidate_19_mask.tif
candidates/incident_79608/candidate_19/incident_79608_candidate_19_slope.tif
candidates/incident_79608/candidate_19/incident_79608_candidate_19_after.tif
candidates/incident_79608/candidate_19/incident_79608_candidate_19_before.tif
candidates/incident_79608/candidate_2/incident_79608_candidate_2_mask.tif
candidates/incident_79608/candidate_2/incident_79608_candidate_2_slope.tif
candidates/incident_79608/candidate_2/incident_79608_candidate_2_after.tif
candidates/incident_79608/candidate_2/incident_79608_candidate_2_before.tif
candidates/incident_79608/candidate_20/incident_79608_candidate_20_after.tif
candidates/incident_79608/candidate_20/incident_79608_candidate_20_mask.tif
candidates/incident_79608/candidate_20/incident_79608_candidate_20_slope.tif
candidates/incident_79608/candidate_20/incident_79608_candidate_20_before.tif
candidates/incident_79608/candidate_21/incident_79608_candidate_21_mask.tif
candidates/incident_79608/candidate_21/incident_79608_candidate_21_after.tif
candidates/incident_79608/candidate_21/incident_79608_candidate_21_before.tif
candidates/incident_79608/candidate_21/incident_79608_candidate_21_slope.tif
candidates/incident_79608/candidate_22/incident_79608_candidate_22_mask.tif
candidates/incident_79608/candidate_22/incident_79608_candidate_22_slope.tif
candidates/incident_79608/candidate_22/incident_79608_candidate_22_after.tif
candidates/incident_79608/candidate_22/incident_79608_candidate_22_before.tif
candidates/incident_79608/candidate_23/incident_79608_candidate_23_mask.tif
candidates/incident_79608/candidate_23/incident_79608_candidate_23_slope.tif
candidates/incident_79608/candidate_23/incident_79608_candidate_23_after.tif
candidates/incident_79608/candidate_23/incident_79608_candidate_23_before.tif
candidates/incident_79608/candidate_24/incident_79608_candidate_24_mask.tif
candidates/incident_79608/candidate_24/incident_79608_candidate_24_slope.tif
candidates/incident_79608/candidate_25/incident_79608_candidate_25_mask.tif
candidates/incident_79608/candidate_24/incident_79608_candidate_24_after.tif
candidates/incident_79608/candidate_25/incident_79608_candidate_25_slope.tif
candidates/incident_79608/candidate_25/incident_79608_candidate_25_before.tif
candidates/incident_79608/candidate_25/incident_79608_candidate_25_after.tif
candidates/incident_79608/candidate_24/incident_79608_candidate_24_before.tif
candidates/incident_79608/candidate_26/incident_79608_candidate_26_mask.tif
candidates/incident_79608/candidate_26/incident_79608_candidate_26_after.tif
candidates/incident_79608/candidate_26/incident_79608_candidate_26_slope.tif
candidates/incident_79608/candidate_26/incident_79608_candidate_26_before.tif
candidates/incident_79608/candidate_27/incident_79608_candidate_27_mask.tif
candidates/incident_79608/candidate_27/incident_79608_candidate_27_before.tif
candidates/incident_79608/candidate_27/incident_79608_candidate_27_slope.tif
candidates/incident_79608/candidate_28/incident_79608_candidate_28_mask.tif
candidates/incident_79608/candidate_27/incident_79608_candidate_27_after.tif
candidates/incident_79608/candidate_28/incident_79608_candidate_28_slope.tif
candidates/incident_79608/candidate_28/incident_79608_candidate_28_after.tif
candidates/incident_79608/candidate_28/incident_79608_candidate_28_before.tif
candidates/incident_79608/candidate_29/incident_79608_candidate_29_mask.tif
candidates/incident_79608/candidate_29/incident_79608_candidate_29_slope.tif
candidates/incident_79608/candidate_3/incident_79608_candidate_3_mask.tif
candidates/incident_79608/candidate_29/incident_79608_candidate_29_after.tif
candidates/incident_79608/candidate_3/incident_79608_candidate_3_slope.tif
candidates/incident_79608/candidate_29/incident_79608_candidate_29_before.tif
candidates/incident_79608/candidate_3/incident_79608_candidate_3_after.tif
candidates/incident_79608/candidate_30/incident_79608_candidate_30_mask.tif
candidates/incident_79608/candidate_30/incident_79608_candidate_30_slope.tif
candidates/incident_79608/candidate_30/incident_79608_candidate_30_before.tif
candidates/incident_79608/candidate_30/incident_79608_candidate_30_after.tif
candidates/incident_79608/candidate_31/incident_79608_candidate_31_after.tif
candidates/incident_79608/candidate_31/incident_79608_candidate_31_mask.tif
candidates/incident_79608/candidate_3/incident_79608_candidate_3_before.tif
candidates/incident_79608/candidate_31/incident_79608_candidate_31_slope.tif
candidates/incident_79608/candidate_31/incident_79608_candidate_31_before.tif
candidates/incident_79608/candidate_32/incident_79608_candidate_32_mask.tif
candidates/incident_79608/candidate_32/incident_79608_candidate_32_slope.tif
candidates/incident_79608/candidate_32/incident_79608_candidate_32_after.tif
candidates/incident_79608/candidate_32/incident_79608_candidate_32_before.tif
candidates/incident_79608/candidate_33/incident_79608_candidate_33_mask.tif
candidates/incident_79608/candidate_33/incident_79608_candidate_33_slope.tif
candidates/incident_79608/candidate_33/incident_79608_candidate_33_after.tif
candidates/incident_79608/candidate_33/incident_79608_candidate_33_before.tif
candidates/incident_79608/candidate_34/incident_79608_candidate_34_mask.tif
candidates/incident_79608/candidate_34/incident_79608_candidate_34_slope.tif
candidates/incident_79608/candidate_34/incident_79608_candidate_34_after.tif
candidates/incident_79608/candidate_35/incident_79608_candidate_35_mask.tif
candidates/incident_79608/candidate_34/incident_79608_candidate_34_before.tif
candidates/incident_79608/candidate_35/incident_79608_candidate_35_slope.tif
candidates/incident_79608/candidate_35/incident_79608_candidate_35_after.tif
candidates/incident_79608/candidate_36/incident_79608_candidate_36_mask.tif
candidates/incident_79608/candidate_36/incident_79608_candidate_36_after.tif
candidates/incident_79608/candidate_36/incident_79608_candidate_36_slope.tif
candidates/incident_79608/candidate_36/incident_79608_candidate_36_before.tif
candidates/incident_79608/candidate_37/incident_79608_candidate_37_mask.tif
candidates/incident_79608/candidate_35/incident_79608_candidate_35_before.tif
candidates/incident_79608/candidate_37/incident_79608_candidate_37_slope.tif
candidates/incident_79608/candidate_37/incident_79608_candidate_37_after.tif
candidates/incident_79608/candidate_37/incident_79608_candidate_37_before.tif
candidates/incident_79608/candidate_38/incident_79608_candidate_38_mask.tif
candidates/incident_79608/candidate_38/incident_79608_candidate_38_slope.tif
candidates/incident_79608/candidate_38/incident_79608_candidate_38_before.tif
candidates/incident_79608/candidate_39/incident_79608_candidate_39_mask.tif
candidates/incident_79608/candidate_39/incident_79608_candidate_39_slope.tif
candidates/incident_79608/candidate_39/incident_79608_candidate_39_after.tif
candidates/incident_79608/candidate_39/incident_79608_candidate_39_before.tif
candidates/incident_79608/candidate_38/incident_79608_candidate_38_after.tif
candidates/incident_79608/candidate_4/incident_79608_candidate_4_mask.tif
candidates/incident_79608/candidate_4/incident_79608_candidate_4_slope.tif
candidates/incident_79608/candidate_4/incident_79608_candidate_4_before.tif
candidates/incident_79608/candidate_4/incident_79608_candidate_4_after.tif
candidates/incident_79608/candidate_40/incident_79608_candidate_40_mask.tif
candidates/incident_79608/candidate_40/incident_79608_candidate_40_after.tif
candidates/incident_79608/candidate_40/incident_79608_candidate_40_slope.tif
candidates/incident_79608/candidate_40/incident_79608_candidate_40_before.tif
candidates/incident_79608/candidate_41/incident_79608_candidate_41_mask.tif
candidates/incident_79608/candidate_41/incident_79608_candidate_41_slope.tif
candidates/incident_79608/candidate_41/incident_79608_candidate_41_after.tif
candidates/incident_79608/candidate_41/incident_79608_candidate_41_before.tif
candidates/incident_79608/candidate_42/incident_79608_candidate_42_slope.tif
candidates/incident_79608/candidate_42/incident_79608_candidate_42_mask.tif
candidates/incident_79608/candidate_42/incident_79608_candidate_42_after.tif
candidates/incident_79608/candidate_42/incident_79608_candidate_42_before.tif
candidates/incident_79608/candidate_43/incident_79608_candidate_43_mask.tif
candidates/incident_79608/candidate_43/incident_79608_candidate_43_after.tif
candidates/incident_79608/candidate_43/incident_79608_candidate_43_before.tif
candidates/incident_79608/candidate_43/incident_79608_candidate_43_slope.tif
candidates/incident_79608/candidate_44/incident_79608_candidate_44_mask.tif
candidates/incident_79608/candidate_44/incident_79608_candidate_44_slope.tif
candidates/incident_79608/candidate_45/incident_79608_candidate_45_mask.tif
candidates/incident_79608/candidate_45/incident_79608_candidate_45_slope.tif
candidates/incident_79608/candidate_44/incident_79608_candidate_44_after.tif
candidates/incident_79608/candidate_45/incident_79608_candidate_45_before.tif
candidates/incident_79608/candidate_44/incident_79608_candidate_44_before.tif
candidates/incident_79608/candidate_45/incident_79608_candidate_45_after.tif
candidates/incident_79608/candidate_46/incident_79608_candidate_46_after.tif
candidates/incident_79608/candidate_46/incident_79608_candidate_46_mask.tif
candidates/incident_79608/candidate_46/incident_79608_candidate_46_slope.tif
candidates/incident_79608/candidate_46/incident_79608_candidate_46_before.tif
candidates/incident_79608/candidate_47/incident_79608_candidate_47_mask.tif
candidates/incident_79608/candidate_47/incident_79608_candidate_47_after.tif
candidates/incident_79608/candidate_47/incident_79608_candidate_47_slope.tif
candidates/incident_79608/candidate_48/incident_79608_candidate_48_mask.tif
candidates/incident_79608/candidate_48/incident_79608_candidate_48_after.tif
candidates/incident_79608/candidate_48/incident_79608_candidate_48_slope.tif
candidates/incident_79608/candidate_47/incident_79608_candidate_47_before.tif
candidates/incident_79608/candidate_48/incident_79608_candidate_48_before.tif
candidates/incident_79608/candidate_49/incident_79608_candidate_49_mask.tif
candidates/incident_79608/candidate_49/incident_79608_candidate_49_after.tif
candidates/incident_79608/candidate_49/incident_79608_candidate_49_slope.tif
candidates/incident_79608/candidate_49/incident_79608_candidate_49_before.tif
candidates/incident_79608/candidate_5/incident_79608_candidate_5_mask.tif
candidates/incident_79608/candidate_5/incident_79608_candidate_5_slope.tif
candidates/incident_79608/candidate_5/incident_79608_candidate_5_before.tif
candidates/incident_79608/candidate_5/incident_79608_candidate_5_after.tif
candidates/incident_79608/candidate_50/incident_79608_candidate_50_mask.tif
candidates/incident_79608/candidate_50/incident_79608_candidate_50_slope.tif
candidates/incident_79608/candidate_50/incident_79608_candidate_50_before.tif
candidates/incident_79608/candidate_51/incident_79608_candidate_51_mask.tif
candidates/incident_79608/candidate_51/incident_79608_candidate_51_slope.tif
candidates/incident_79608/candidate_51/incident_79608_candidate_51_before.tif
candidates/incident_79608/candidate_50/incident_79608_candidate_50_after.tif
candidates/incident_79608/candidate_52/incident_79608_candidate_52_mask.tif
candidates/incident_79608/candidate_51/incident_79608_candidate_51_after.tif
candidates/incident_79608/candidate_52/incident_79608_candidate_52_slope.tif
candidates/incident_79608/candidate_52/incident_79608_candidate_52_after.tif
candidates/incident_79608/candidate_53/incident_79608_candidate_53_mask.tif
candidates/incident_79608/candidate_52/incident_79608_candidate_52_before.tif
candidates/incident_79608/candidate_53/incident_79608_candidate_53_slope.tif
candidates/incident_79608/candidate_53/incident_79608_candidate_53_before.tif
candidates/incident_79608/candidate_54/incident_79608_candidate_54_after.tif
candidates/incident_79608/candidate_54/incident_79608_candidate_54_slope.tif
candidates/incident_79608/candidate_54/incident_79608_candidate_54_mask.tif
candidates/incident_79608/candidate_54/incident_79608_candidate_54_before.tif
candidates/incident_79608/candidate_53/incident_79608_candidate_53_after.tif
candidates/incident_79608/candidate_55/incident_79608_candidate_55_before.tif
candidates/incident_79608/candidate_55/incident_79608_candidate_55_after.tif
candidates/incident_79608/candidate_55/incident_79608_candidate_55_mask.tif
candidates/incident_79608/candidate_55/incident_79608_candidate_55_slope.tif
candidates/incident_79608/candidate_56/incident_79608_candidate_56_slope.tif
candidates/incident_79608/candidate_56/incident_79608_candidate_56_mask.tif
candidates/incident_79608/candidate_56/incident_79608_candidate_56_before.tif
candidates/incident_79608/candidate_56/incident_79608_candidate_56_after.tif
candidates/incident_79608/candidate_57/incident_79608_candidate_57_slope.tif
candidates/incident_79608/candidate_57/incident_79608_candidate_57_mask.tif
candidates/incident_79608/candidate_57/incident_79608_candidate_57_after.tif
candidates/incident_79608/candidate_57/incident_79608_candidate_57_before.tif
candidates/incident_79608/candidate_58/incident_79608_candidate_58_mask.tif
candidates/incident_79608/candidate_58/incident_79608_candidate_58_slope.tif
candidates/incident_79608/candidate_58/incident_79608_candidate_58_before.tif
candidates/incident_79608/candidate_58/incident_79608_candidate_58_after.tif
candidates/incident_79608/candidate_59/incident_79608_candidate_59_mask.tif
candidates/incident_79608/candidate_59/incident_79608_candidate_59_slope.tif
candidates/incident_79608/candidate_59/incident_79608_candidate_59_after.tif
candidates/incident_79608/candidate_59/incident_79608_candidate_59_before.tif
candidates/incident_79608/candidate_6/incident_79608_candidate_6_mask.tif
candidates/incident_79608/candidate_6/incident_79608_candidate_6_slope.tif
candidates/incident_79608/candidate_6/incident_79608_candidate_6_after.tif
candidates/incident_79608/candidate_6/incident_79608_candidate_6_before.tif
candidates/incident_79608/candidate_60/incident_79608_candidate_60_mask.tif
candidates/incident_79608/candidate_60/incident_79608_candidate_60_slope.tif
candidates/incident_79608/candidate_60/incident_79608_candidate_60_after.tif
candidates/incident_79608/candidate_60/incident_79608_candidate_60_before.tif
candidates/incident_79608/candidate_61/incident_79608_candidate_61_mask.tif
candidates/incident_79608/candidate_61/incident_79608_candidate_61_slope.tif
candidates/incident_79608/candidate_61/incident_79608_candidate_61_after.tif
candidates/incident_79608/candidate_62/incident_79608_candidate_62_mask.tif
candidates/incident_79608/candidate_62/incident_79608_candidate_62_slope.tif
candidates/incident_79608/candidate_62/incident_79608_candidate_62_after.tif
candidates/incident_79608/candidate_61/incident_79608_candidate_61_before.tif
candidates/incident_79608/candidate_62/incident_79608_candidate_62_before.tif
candidates/incident_79608/candidate_63/incident_79608_candidate_63_mask.tif
candidates/incident_79608/candidate_63/incident_79608_candidate_63_slope.tif
candidates/incident_79608/candidate_63/incident_79608_candidate_63_before.tif
candidates/incident_79608/candidate_64/incident_79608_candidate_64_mask.tif
candidates/incident_79608/candidate_64/incident_79608_candidate_64_slope.tif
candidates/incident_79608/candidate_64/incident_79608_candidate_64_after.tif
candidates/incident_79608/candidate_65/incident_79608_candidate_65_mask.tif
candidates/incident_79608/candidate_63/incident_79608_candidate_63_after.tif
candidates/incident_79608/candidate_64/incident_79608_candidate_64_before.tif
candidates/incident_79608/candidate_65/incident_79608_candidate_65_after.tif
candidates/incident_79608/candidate_65/incident_79608_candidate_65_slope.tif
candidates/incident_79608/candidate_65/incident_79608_candidate_65_before.tif
candidates/incident_79608/candidate_66/incident_79608_candidate_66_mask.tif
candidates/incident_79608/candidate_66/incident_79608_candidate_66_slope.tif
candidates/incident_79608/candidate_66/incident_79608_candidate_66_after.tif
candidates/incident_79608/candidate_66/incident_79608_candidate_66_before.tif
candidates/incident_79608/candidate_67/incident_79608_candidate_67_mask.tif
candidates/incident_79608/candidate_67/incident_79608_candidate_67_slope.tif
candidates/incident_79608/candidate_67/incident_79608_candidate_67_after.tif
candidates/incident_79608/candidate_67/incident_79608_candidate_67_before.tif
candidates/incident_79608/candidate_68/incident_79608_candidate_68_slope.tif
candidates/incident_79608/candidate_68/incident_79608_candidate_68_mask.tif
candidates/incident_79608/candidate_68/incident_79608_candidate_68_before.tif
candidates/incident_79608/candidate_69/incident_79608_candidate_69_mask.tif
candidates/incident_79608/candidate_68/incident_79608_candidate_68_after.tif
candidates/incident_79608/candidate_69/incident_79608_candidate_69_slope.tif
candidates/incident_79608/candidate_69/incident_79608_candidate_69_after.tif
candidates/incident_79608/candidate_69/incident_79608_candidate_69_before.tif
candidates/incident_79608/candidate_7/incident_79608_candidate_7_mask.tif
candidates/incident_79608/candidate_7/incident_79608_candidate_7_slope.tif
candidates/incident_79608/candidate_7/incident_79608_candidate_7_before.tif
candidates/incident_79608/candidate_70/incident_79608_candidate_70_mask.tif
candidates/incident_79608/candidate_7/incident_79608_candidate_7_after.tif
candidates/incident_79608/candidate_70/incident_79608_candidate_70_slope.tif
candidates/incident_79608/candidate_70/incident_79608_candidate_70_before.tif
candidates/incident_79608/candidate_71/incident_79608_candidate_71_mask.tif
candidates/incident_79608/candidate_70/incident_79608_candidate_70_after.tif
candidates/incident_79608/candidate_71/incident_79608_candidate_71_slope.tif
candidates/incident_79608/candidate_71/incident_79608_candidate_71_before.tif
candidates/incident_79608/candidate_72/incident_79608_candidate_72_mask.tif
candidates/incident_79608/candidate_71/incident_79608_candidate_71_after.tif
candidates/incident_79608/candidate_72/incident_79608_candidate_72_after.tif
candidates/incident_79608/candidate_72/incident_79608_candidate_72_slope.tif
candidates/incident_79608/candidate_73/incident_79608_candidate_73_mask.tif
candidates/incident_79608/candidate_72/incident_79608_candidate_72_before.tif
candidates/incident_79608/candidate_73/incident_79608_candidate_73_after.tif
candidates/incident_79608/candidate_73/incident_79608_candidate_73_slope.tif
candidates/incident_79608/candidate_73/incident_79608_candidate_73_before.tif
candidates/incident_79608/candidate_74/incident_79608_candidate_74_mask.tif
candidates/incident_79608/candidate_74/incident_79608_candidate_74_after.tif
candidates/incident_79608/candidate_74/incident_79608_candidate_74_before.tif
candidates/incident_79608/candidate_74/incident_79608_candidate_74_slope.tif
candidates/incident_79608/candidate_75/incident_79608_candidate_75_mask.tif
candidates/incident_79608/candidate_75/incident_79608_candidate_75_slope.tif
candidates/incident_79608/candidate_75/incident_79608_candidate_75_before.tif
candidates/incident_79608/candidate_75/incident_79608_candidate_75_after.tif
candidates/incident_79608/candidate_76/incident_79608_candidate_76_slope.tif
candidates/incident_79608/candidate_76/incident_79608_candidate_76_mask.tif
candidates/incident_79608/candidate_76/incident_79608_candidate_76_after.tif
candidates/incident_79608/candidate_76/incident_79608_candidate_76_before.tif
candidates/incident_79608/candidate_77/incident_79608_candidate_77_mask.tif
candidates/incident_79608/candidate_77/incident_79608_candidate_77_slope.tif
candidates/incident_79608/candidate_77/incident_79608_candidate_77_after.tif
candidates/incident_79608/candidate_77/incident_79608_candidate_77_before.tif
candidates/incident_79608/candidate_78/incident_79608_candidate_78_mask.tif
candidates/incident_79608/candidate_78/incident_79608_candidate_78_after.tif
candidates/incident_79608/candidate_79/incident_79608_candidate_79_mask.tif
candidates/incident_79608/candidate_79/incident_79608_candidate_79_slope.tif
candidates/incident_79608/candidate_78/incident_79608_candidate_78_slope.tif
candidates/incident_79608/candidate_78/incident_79608_candidate_78_before.tif
candidates/incident_79608/candidate_79/incident_79608_candidate_79_before.tif
candidates/incident_79608/candidate_79/incident_79608_candidate_79_after.tif
candidates/incident_79608/candidate_8/incident_79608_candidate_8_mask.tif
candidates/incident_79608/candidate_8/incident_79608_candidate_8_after.tif
candidates/incident_79608/candidate_8/incident_79608_candidate_8_slope.tif
candidates/incident_79608/candidate_8/incident_79608_candidate_8_before.tif
candidates/incident_79608/candidate_80/incident_79608_candidate_80_mask.tif
candidates/incident_79608/candidate_80/incident_79608_candidate_80_slope.tif
candidates/incident_79608/candidate_80/incident_79608_candidate_80_after.tif
candidates/incident_79608/candidate_80/incident_79608_candidate_80_before.tif
candidates/incident_79608/candidate_81/incident_79608_candidate_81_mask.tif
candidates/incident_79608/candidate_81/incident_79608_candidate_81_before.tif
candidates/incident_79608/candidate_81/incident_79608_candidate_81_slope.tif
candidates/incident_79608/candidate_81/incident_79608_candidate_81_after.tif
candidates/incident_79608/candidate_82/incident_79608_candidate_82_mask.tif
candidates/incident_79608/candidate_82/incident_79608_candidate_82_slope.tif
candidates/incident_79608/candidate_82/incident_79608_candidate_82_after.tif
candidates/incident_79608/candidate_83/incident_79608_candidate_83_slope.tif
candidates/incident_79608/candidate_83/incident_79608_candidate_83_mask.tif
candidates/incident_79608/candidate_83/incident_79608_candidate_83_after.tif
candidates/incident_79608/candidate_82/incident_79608_candidate_82_before.tif
candidates/incident_79608/candidate_84/incident_79608_candidate_84_mask.tif
candidates/incident_79608/candidate_84/incident_79608_candidate_84_after.tif
candidates/incident_79608/candidate_84/incident_79608_candidate_84_slope.tif
candidates/incident_79608/candidate_85/incident_79608_candidate_85_mask.tif
candidates/incident_79608/candidate_83/incident_79608_candidate_83_before.tif
candidates/incident_79608/candidate_85/incident_79608_candidate_85_slope.tif
candidates/incident_79608/candidate_85/incident_79608_candidate_85_before.tif
candidates/incident_79608/candidate_85/incident_79608_candidate_85_after.tif
candidates/incident_79608/candidate_84/incident_79608_candidate_84_before.tif
candidates/incident_79608/candidate_86/incident_79608_candidate_86_mask.tif
candidates/incident_79608/candidate_86/incident_79608_candidate_86_slope.tif
candidates/incident_79608/candidate_86/incident_79608_candidate_86_after.tif
candidates/incident_79608/candidate_87/incident_79608_candidate_87_mask.tif
candidates/incident_79608/candidate_87/incident_79608_candidate_87_slope.tif
candidates/incident_79608/candidate_87/incident_79608_candidate_87_after.tif
candidates/incident_79608/candidate_87/incident_79608_candidate_87_before.tif
candidates/incident_79608/candidate_88/incident_79608_candidate_88_mask.tif
candidates/incident_79608/candidate_88/incident_79608_candidate_88_after.tif
candidates/incident_79608/candidate_88/incident_79608_candidate_88_slope.tif
candidates/incident_79608/candidate_86/incident_79608_candidate_86_before.tif
candidates/incident_79608/candidate_89/incident_79608_candidate_89_mask.tif
candidates/incident_79608/candidate_89/incident_79608_candidate_89_after.tif
candidates/incident_79608/candidate_89/incident_79608_candidate_89_slope.tif
candidates/incident_79608/candidate_88/incident_79608_candidate_88_before.tif
candidates/incident_79608/candidate_89/incident_79608_candidate_89_before.tif
candidates/incident_79608/candidate_9/incident_79608_candidate_9_mask.tif
candidates/incident_79608/candidate_9/incident_79608_candidate_9_slope.tif
candidates/incident_79608/candidate_9/incident_79608_candidate_9_before.tif
candidates/incident_79608/candidate_9/incident_79608_candidate_9_after.tif
candidates/incident_79608/candidate_90/incident_79608_candidate_90_mask.tif
candidates/incident_79608/candidate_90/incident_79608_candidate_90_slope.tif
candidates/incident_79608/candidate_90/incident_79608_candidate_90_after.tif
candidates/incident_79608/candidate_90/incident_79608_candidate_90_before.tif
candidates/incident_79608/candidate_91/incident_79608_candidate_91_slope.tif
candidates/incident_79608/candidate_91/incident_79608_candidate_91_mask.tif
candidates/incident_79608/candidate_91/incident_79608_candidate_91_after.tif
candidates/incident_79608/candidate_91/incident_79608_candidate_91_before.tif
candidates/incident_79608/candidate_92/incident_79608_candidate_92_mask.tif
candidates/incident_79608/candidate_92/incident_79608_candidate_92_slope.tif
candidates/incident_79608/candidate_92/incident_79608_candidate_92_after.tif
candidates/incident_79608/candidate_92/incident_79608_candidate_92_before.tif
candidates/incident_79608/candidate_93/incident_79608_candidate_93_mask.tif
candidates/incident_79608/candidate_93/incident_79608_candidate_93_slope.tif
candidates/incident_79608/candidate_93/incident_79608_candidate_93_before.tif
candidates/incident_79608/candidate_93/incident_79608_candidate_93_after.tif
candidates/incident_79661/candidate_10/incident_79661_candidate_10_mask.tif
candidates/incident_79661/candidate_10/incident_79661_candidate_10_slope.tif
candidates/incident_79661/candidate_1/incident_79661_candidate_1_after.tif
candidates/incident_79661/candidate_1/incident_79661_candidate_1_slope.tif
candidates/incident_79661/candidate_10/incident_79661_candidate_10_after.tif
candidates/incident_79661/candidate_10/incident_79661_candidate_10_before.tif
candidates/incident_79661/candidate_11/incident_79661_candidate_11_mask.tif
candidates/incident_79661/candidate_1/incident_79661_candidate_1_mask.tif
candidates/incident_79661/candidate_11/incident_79661_candidate_11_slope.tif
candidates/incident_79661/candidate_1/incident_79661_candidate_1_before.tif
candidates/incident_79661/candidate_11/incident_79661_candidate_11_after.tif
candidates/incident_79661/candidate_12/incident_79661_candidate_12_mask.tif
candidates/incident_79661/candidate_12/incident_79661_candidate_12_slope.tif
candidates/incident_79661/candidate_12/incident_79661_candidate_12_before.tif
candidates/incident_79661/candidate_13/incident_79661_candidate_13_mask.tif
candidates/incident_79661/candidate_11/incident_79661_candidate_11_before.tif
candidates/incident_79661/candidate_12/incident_79661_candidate_12_after.tif
candidates/incident_79661/candidate_13/incident_79661_candidate_13_slope.tif
candidates/incident_79661/candidate_13/incident_79661_candidate_13_before.tif
candidates/incident_79661/candidate_14/incident_79661_candidate_14_mask.tif
candidates/incident_79661/candidate_14/incident_79661_candidate_14_slope.tif
candidates/incident_79661/candidate_13/incident_79661_candidate_13_after.tif
candidates/incident_79661/candidate_14/incident_79661_candidate_14_after.tif
candidates/incident_79661/candidate_14/incident_79661_candidate_14_before.tif
candidates/incident_79661/candidate_15/incident_79661_candidate_15_mask.tif
candidates/incident_79661/candidate_15/incident_79661_candidate_15_slope.tif
candidates/incident_79661/candidate_15/incident_79661_candidate_15_after.tif
candidates/incident_79661/candidate_15/incident_79661_candidate_15_before.tif
candidates/incident_79661/candidate_16/incident_79661_candidate_16_mask.tif
candidates/incident_79661/candidate_16/incident_79661_candidate_16_slope.tif
candidates/incident_79661/candidate_16/incident_79661_candidate_16_before.tif
candidates/incident_79661/candidate_17/incident_79661_candidate_17_mask.tif
candidates/incident_79661/candidate_17/incident_79661_candidate_17_slope.tif
candidates/incident_79661/candidate_17/incident_79661_candidate_17_after.tif
candidates/incident_79661/candidate_16/incident_79661_candidate_16_after.tif
candidates/incident_79661/candidate_18/incident_79661_candidate_18_mask.tif
candidates/incident_79661/candidate_18/incident_79661_candidate_18_slope.tif
candidates/incident_79661/candidate_17/incident_79661_candidate_17_before.tif
candidates/incident_79661/candidate_18/incident_79661_candidate_18_after.tif
candidates/incident_79661/candidate_2/incident_79661_candidate_2_mask.tif
candidates/incident_79661/candidate_2/incident_79661_candidate_2_slope.tif
candidates/incident_79661/candidate_18/incident_79661_candidate_18_before.tif
candidates/incident_79661/candidate_2/incident_79661_candidate_2_after.tif
candidates/incident_79661/candidate_3/incident_79661_candidate_3_mask.tif
candidates/incident_79661/candidate_3/incident_79661_candidate_3_after.tif
candidates/incident_79661/candidate_3/incident_79661_candidate_3_slope.tif
candidates/incident_79661/candidate_3/incident_79661_candidate_3_before.tif
candidates/incident_79661/candidate_4/incident_79661_candidate_4_mask.tif
candidates/incident_79661/candidate_2/incident_79661_candidate_2_before.tif
candidates/incident_79661/candidate_4/incident_79661_candidate_4_slope.tif
candidates/incident_79661/candidate_4/incident_79661_candidate_4_before.tif
candidates/incident_79661/candidate_5/incident_79661_candidate_5_mask.tif
candidates/incident_79661/candidate_5/incident_79661_candidate_5_slope.tif
candidates/incident_79661/candidate_5/incident_79661_candidate_5_after.tif
candidates/incident_79661/candidate_4/incident_79661_candidate_4_after.tif
candidates/incident_79661/candidate_6/incident_79661_candidate_6_mask.tif
candidates/incident_79661/candidate_6/incident_79661_candidate_6_slope.tif
candidates/incident_79661/candidate_5/incident_79661_candidate_5_before.tif
candidates/incident_79661/candidate_6/incident_79661_candidate_6_before.tif
candidates/incident_79661/candidate_6/incident_79661_candidate_6_after.tif
candidates/incident_79661/candidate_7/incident_79661_candidate_7_mask.tif
candidates/incident_79661/candidate_7/incident_79661_candidate_7_slope.tif
candidates/incident_79661/candidate_7/incident_79661_candidate_7_before.tif
candidates/incident_79661/candidate_8/incident_79661_candidate_8_mask.tif
candidates/incident_79661/candidate_8/incident_79661_candidate_8_slope.tif
candidates/incident_79661/candidate_8/incident_79661_candidate_8_before.tif
candidates/incident_79661/candidate_7/incident_79661_candidate_7_after.tif
candidates/incident_79661/candidate_9/incident_79661_candidate_9_mask.tif
candidates/incident_79661/candidate_9/incident_79661_candidate_9_after.tif
candidates/incident_79661/candidate_9/incident_79661_candidate_9_slope.tif
candidates/incident_79661/candidate_8/incident_79661_candidate_8_after.tif
candidates/incident_79672/candidate_1/incident_79672_candidate_1_mask.tif
candidates/incident_79661/candidate_9/incident_79661_candidate_9_before.tif
candidates/incident_79672/candidate_1/incident_79672_candidate_1_slope.tif
candidates/incident_79672/candidate_1/incident_79672_candidate_1_before.tif
candidates/incident_79672/candidate_10/incident_79672_candidate_10_mask.tif
candidates/incident_79672/candidate_10/incident_79672_candidate_10_slope.tif
candidates/incident_79672/candidate_10/incident_79672_candidate_10_after.tif
candidates/incident_79672/candidate_10/incident_79672_candidate_10_before.tif
candidates/incident_79672/candidate_1/incident_79672_candidate_1_after.tif
candidates/incident_79672/candidate_11/incident_79672_candidate_11_mask.tif
candidates/incident_79672/candidate_11/incident_79672_candidate_11_before.tif
candidates/incident_79672/candidate_11/incident_79672_candidate_11_slope.tif
candidates/incident_79672/candidate_11/incident_79672_candidate_11_after.tif
candidates/incident_79672/candidate_2/incident_79672_candidate_2_mask.tif
candidates/incident_79672/candidate_2/incident_79672_candidate_2_slope.tif
candidates/incident_79672/candidate_2/incident_79672_candidate_2_before.tif
candidates/incident_79672/candidate_2/incident_79672_candidate_2_after.tif
candidates/incident_79672/candidate_3/incident_79672_candidate_3_mask.tif
candidates/incident_79672/candidate_3/incident_79672_candidate_3_slope.tif
candidates/incident_79672/candidate_3/incident_79672_candidate_3_after.tif
candidates/incident_79672/candidate_4/incident_79672_candidate_4_mask.tif
candidates/incident_79672/candidate_4/incident_79672_candidate_4_after.tif
candidates/incident_79672/candidate_4/incident_79672_candidate_4_slope.tif
candidates/incident_79672/candidate_4/incident_79672_candidate_4_before.tif
candidates/incident_79672/candidate_5/incident_79672_candidate_5_mask.tif
candidates/incident_79672/candidate_3/incident_79672_candidate_3_before.tif
candidates/incident_79672/candidate_5/incident_79672_candidate_5_after.tif
candidates/incident_79672/candidate_5/incident_79672_candidate_5_before.tif
candidates/incident_79672/candidate_5/incident_79672_candidate_5_slope.tif
candidates/incident_79672/candidate_6/incident_79672_candidate_6_mask.tif
candidates/incident_79672/candidate_6/incident_79672_candidate_6_slope.tif
candidates/incident_79672/candidate_6/incident_79672_candidate_6_before.tif
candidates/incident_79672/candidate_7/incident_79672_candidate_7_mask.tif
candidates/incident_79672/candidate_7/incident_79672_candidate_7_slope.tif
candidates/incident_79672/candidate_6/incident_79672_candidate_6_after.tif
candidates/incident_79672/candidate_8/incident_79672_candidate_8_mask.tif
candidates/incident_79672/candidate_8/incident_79672_candidate_8_after.tif
candidates/incident_79672/candidate_8/incident_79672_candidate_8_slope.tif
candidates/incident_79672/candidate_8/incident_79672_candidate_8_before.tif
candidates/incident_79672/candidate_7/incident_79672_candidate_7_after.tif
candidates/incident_79672/candidate_9/incident_79672_candidate_9_after.tif
candidates/incident_79672/candidate_7/incident_79672_candidate_7_before.tif
candidates/incident_79672/candidate_9/incident_79672_candidate_9_before.tif
candidates/incident_79672/candidate_9/incident_79672_candidate_9_slope.tif
candidates/incident_79672/candidate_9/incident_79672_candidate_9_mask.tif
candidates/incident_79673/candidate_1/incident_79673_candidate_1_slope.tif
candidates/incident_79673/candidate_1/incident_79673_candidate_1_mask.tif
candidates/incident_79673/candidate_10/incident_79673_candidate_10_mask.tif
candidates/incident_79673/candidate_10/incident_79673_candidate_10_slope.tif
candidates/incident_79673/candidate_10/incident_79673_candidate_10_after.tif
candidates/incident_79673/candidate_1/incident_79673_candidate_1_after.tif
candidates/incident_79673/candidate_10/incident_79673_candidate_10_before.tif
candidates/incident_79673/candidate_1/incident_79673_candidate_1_before.tif
candidates/incident_79673/candidate_11/incident_79673_candidate_11_mask.tif
candidates/incident_79673/candidate_11/incident_79673_candidate_11_slope.tif
candidates/incident_79673/candidate_11/incident_79673_candidate_11_after.tif
candidates/incident_79673/candidate_12/incident_79673_candidate_12_mask.tif
candidates/incident_79673/candidate_11/incident_79673_candidate_11_before.tif
candidates/incident_79673/candidate_12/incident_79673_candidate_12_slope.tif
candidates/incident_79673/candidate_12/incident_79673_candidate_12_after.tif
candidates/incident_79673/candidate_12/incident_79673_candidate_12_before.tif
candidates/incident_79673/candidate_13/incident_79673_candidate_13_slope.tif
candidates/incident_79673/candidate_13/incident_79673_candidate_13_mask.tif
candidates/incident_79673/candidate_13/incident_79673_candidate_13_after.tif
candidates/incident_79673/candidate_13/incident_79673_candidate_13_before.tif
candidates/incident_79673/candidate_14/incident_79673_candidate_14_mask.tif
candidates/incident_79673/candidate_14/incident_79673_candidate_14_slope.tif
candidates/incident_79673/candidate_14/incident_79673_candidate_14_after.tif
candidates/incident_79673/candidate_14/incident_79673_candidate_14_before.tif
candidates/incident_79673/candidate_15/incident_79673_candidate_15_mask.tif
candidates/incident_79673/candidate_15/incident_79673_candidate_15_slope.tif
candidates/incident_79673/candidate_16/incident_79673_candidate_16_mask.tif
candidates/incident_79673/candidate_16/incident_79673_candidate_16_after.tif
candidates/incident_79673/candidate_16/incident_79673_candidate_16_slope.tif
candidates/incident_79673/candidate_16/incident_79673_candidate_16_before.tif
candidates/incident_79673/candidate_17/incident_79673_candidate_17_mask.tif
candidates/incident_79673/candidate_15/incident_79673_candidate_15_after.tif
candidates/incident_79673/candidate_15/incident_79673_candidate_15_before.tif
candidates/incident_79673/candidate_17/incident_79673_candidate_17_after.tif
candidates/incident_79673/candidate_17/incident_79673_candidate_17_slope.tif
candidates/incident_79673/candidate_17/incident_79673_candidate_17_before.tif
candidates/incident_79673/candidate_18/incident_79673_candidate_18_mask.tif
candidates/incident_79673/candidate_18/incident_79673_candidate_18_slope.tif
candidates/incident_79673/candidate_19/incident_79673_candidate_19_mask.tif
candidates/incident_79673/candidate_19/incident_79673_candidate_19_slope.tif
candidates/incident_79673/candidate_18/incident_79673_candidate_18_after.tif
candidates/incident_79673/candidate_19/incident_79673_candidate_19_after.tif
candidates/incident_79673/candidate_18/incident_79673_candidate_18_before.tif
candidates/incident_79673/candidate_19/incident_79673_candidate_19_before.tif
candidates/incident_79673/candidate_2/incident_79673_candidate_2_slope.tif
candidates/incident_79673/candidate_2/incident_79673_candidate_2_mask.tif
candidates/incident_79673/candidate_2/incident_79673_candidate_2_after.tif
candidates/incident_79673/candidate_20/incident_79673_candidate_20_slope.tif
candidates/incident_79673/candidate_20/incident_79673_candidate_20_mask.tif
candidates/incident_79673/candidate_20/incident_79673_candidate_20_after.tif
candidates/incident_79673/candidate_21/incident_79673_candidate_21_mask.tif
candidates/incident_79673/candidate_2/incident_79673_candidate_2_before.tif
candidates/incident_79673/candidate_21/incident_79673_candidate_21_slope.tif
candidates/incident_79673/candidate_21/incident_79673_candidate_21_before.tif
candidates/incident_79673/candidate_21/incident_79673_candidate_21_after.tif
candidates/incident_79673/candidate_22/incident_79673_candidate_22_mask.tif
candidates/incident_79673/candidate_22/incident_79673_candidate_22_slope.tif
candidates/incident_79673/candidate_22/incident_79673_candidate_22_before.tif
candidates/incident_79673/candidate_23/incident_79673_candidate_23_mask.tif
candidates/incident_79673/candidate_22/incident_79673_candidate_22_after.tif
candidates/incident_79673/candidate_20/incident_79673_candidate_20_before.tif
candidates/incident_79673/candidate_23/incident_79673_candidate_23_after.tif
candidates/incident_79673/candidate_23/incident_79673_candidate_23_slope.tif
candidates/incident_79673/candidate_23/incident_79673_candidate_23_before.tif
candidates/incident_79673/candidate_24/incident_79673_candidate_24_mask.tif
candidates/incident_79673/candidate_24/incident_79673_candidate_24_slope.tif
candidates/incident_79673/candidate_24/incident_79673_candidate_24_after.tif
candidates/incident_79673/candidate_25/incident_79673_candidate_25_mask.tif
candidates/incident_79673/candidate_25/incident_79673_candidate_25_slope.tif
candidates/incident_79673/candidate_25/incident_79673_candidate_25_after.tif
candidates/incident_79673/candidate_25/incident_79673_candidate_25_before.tif
candidates/incident_79673/candidate_26/incident_79673_candidate_26_mask.tif
candidates/incident_79673/candidate_26/incident_79673_candidate_26_slope.tif
candidates/incident_79673/candidate_26/incident_79673_candidate_26_before.tif
candidates/incident_79673/candidate_26/incident_79673_candidate_26_after.tif
candidates/incident_79673/candidate_24/incident_79673_candidate_24_before.tif
candidates/incident_79673/candidate_27/incident_79673_candidate_27_mask.tif
candidates/incident_79673/candidate_27/incident_79673_candidate_27_after.tif
candidates/incident_79673/candidate_27/incident_79673_candidate_27_slope.tif
candidates/incident_79673/candidate_28/incident_79673_candidate_28_mask.tif
candidates/incident_79673/candidate_28/incident_79673_candidate_28_slope.tif
candidates/incident_79673/candidate_28/incident_79673_candidate_28_after.tif
candidates/incident_79673/candidate_28/incident_79673_candidate_28_before.tif
candidates/incident_79673/candidate_29/incident_79673_candidate_29_mask.tif
candidates/incident_79673/candidate_27/incident_79673_candidate_27_before.tif
candidates/incident_79673/candidate_29/incident_79673_candidate_29_after.tif
candidates/incident_79673/candidate_29/incident_79673_candidate_29_slope.tif
candidates/incident_79673/candidate_29/incident_79673_candidate_29_before.tif
candidates/incident_79673/candidate_3/incident_79673_candidate_3_mask.tif
candidates/incident_79673/candidate_3/incident_79673_candidate_3_slope.tif
candidates/incident_79673/candidate_3/incident_79673_candidate_3_before.tif
candidates/incident_79673/candidate_30/incident_79673_candidate_30_mask.tif
candidates/incident_79673/candidate_30/incident_79673_candidate_30_slope.tif
candidates/incident_79673/candidate_30/incident_79673_candidate_30_after.tif
candidates/incident_79673/candidate_3/incident_79673_candidate_3_after.tif
candidates/incident_79673/candidate_30/incident_79673_candidate_30_before.tif
candidates/incident_79673/candidate_31/incident_79673_candidate_31_after.tif
candidates/incident_79673/candidate_31/incident_79673_candidate_31_mask.tif
candidates/incident_79673/candidate_31/incident_79673_candidate_31_slope.tif
candidates/incident_79673/candidate_31/incident_79673_candidate_31_before.tif
candidates/incident_79673/candidate_32/incident_79673_candidate_32_slope.tif
candidates/incident_79673/candidate_32/incident_79673_candidate_32_mask.tif
candidates/incident_79673/candidate_33/incident_79673_candidate_33_mask.tif
candidates/incident_79673/candidate_32/incident_79673_candidate_32_before.tif
candidates/incident_79673/candidate_33/incident_79673_candidate_33_slope.tif
candidates/incident_79673/candidate_32/incident_79673_candidate_32_after.tif
candidates/incident_79673/candidate_33/incident_79673_candidate_33_after.tif
candidates/incident_79673/candidate_33/incident_79673_candidate_33_before.tif
candidates/incident_79673/candidate_34/incident_79673_candidate_34_after.tif
candidates/incident_79673/candidate_34/incident_79673_candidate_34_mask.tif
candidates/incident_79673/candidate_34/incident_79673_candidate_34_slope.tif
candidates/incident_79673/candidate_34/incident_79673_candidate_34_before.tif
candidates/incident_79673/candidate_35/incident_79673_candidate_35_mask.tif
candidates/incident_79673/candidate_35/incident_79673_candidate_35_slope.tif
candidates/incident_79673/candidate_35/incident_79673_candidate_35_after.tif
candidates/incident_79673/candidate_4/incident_79673_candidate_4_mask.tif
candidates/incident_79673/candidate_35/incident_79673_candidate_35_before.tif
candidates/incident_79673/candidate_4/incident_79673_candidate_4_slope.tif
candidates/incident_79673/candidate_4/incident_79673_candidate_4_after.tif
candidates/incident_79673/candidate_4/incident_79673_candidate_4_before.tif
candidates/incident_79673/candidate_5/incident_79673_candidate_5_mask.tif
candidates/incident_79673/candidate_5/incident_79673_candidate_5_slope.tif
candidates/incident_79673/candidate_5/incident_79673_candidate_5_after.tif
candidates/incident_79673/candidate_5/incident_79673_candidate_5_before.tif
candidates/incident_79673/candidate_6/incident_79673_candidate_6_mask.tif
candidates/incident_79673/candidate_6/incident_79673_candidate_6_after.tif
candidates/incident_79673/candidate_6/incident_79673_candidate_6_slope.tif
candidates/incident_79673/candidate_7/incident_79673_candidate_7_mask.tif
candidates/incident_79673/candidate_7/incident_79673_candidate_7_slope.tif
candidates/incident_79673/candidate_7/incident_79673_candidate_7_after.tif
candidates/incident_79673/candidate_7/incident_79673_candidate_7_before.tif
candidates/incident_79673/candidate_6/incident_79673_candidate_6_before.tif
candidates/incident_79673/candidate_8/incident_79673_candidate_8_mask.tif
candidates/incident_79673/candidate_8/incident_79673_candidate_8_after.tif
candidates/incident_79673/candidate_8/incident_79673_candidate_8_slope.tif
candidates/incident_79673/candidate_9/incident_79673_candidate_9_mask.tif
candidates/incident_79673/candidate_9/incident_79673_candidate_9_slope.tif
candidates/incident_79673/candidate_9/incident_79673_candidate_9_after.tif
candidates/incident_79691/candidate_1/incident_79691_candidate_1_mask.tif
candidates/incident_79673/candidate_9/incident_79673_candidate_9_before.tif
candidates/incident_79691/candidate_1/incident_79691_candidate_1_slope.tif
candidates/incident_79673/candidate_8/incident_79673_candidate_8_before.tif
candidates/incident_79691/candidate_1/incident_79691_candidate_1_before.tif
candidates/incident_79691/candidate_1/incident_79691_candidate_1_after.tif
candidates/incident_79691/candidate_10/incident_79691_candidate_10_slope.tif
candidates/incident_79691/candidate_10/incident_79691_candidate_10_mask.tif
candidates/incident_79691/candidate_11/incident_79691_candidate_11_mask.tif
candidates/incident_79691/candidate_11/incident_79691_candidate_11_after.tif
candidates/incident_79691/candidate_11/incident_79691_candidate_11_slope.tif
candidates/incident_79691/candidate_11/incident_79691_candidate_11_before.tif
candidates/incident_79691/candidate_10/incident_79691_candidate_10_before.tif
candidates/incident_79691/candidate_12/incident_79691_candidate_12_after.tif
candidates/incident_79691/candidate_12/incident_79691_candidate_12_before.tif
candidates/incident_79691/candidate_12/incident_79691_candidate_12_mask.tif
candidates/incident_79691/candidate_10/incident_79691_candidate_10_after.tif
candidates/incident_79691/candidate_12/incident_79691_candidate_12_slope.tif
candidates/incident_79691/candidate_13/incident_79691_candidate_13_mask.tif
candidates/incident_79691/candidate_13/incident_79691_candidate_13_slope.tif
candidates/incident_79691/candidate_13/incident_79691_candidate_13_after.tif
candidates/incident_79691/candidate_13/incident_79691_candidate_13_before.tif
candidates/incident_79691/candidate_14/incident_79691_candidate_14_mask.tif
candidates/incident_79691/candidate_14/incident_79691_candidate_14_slope.tif
candidates/incident_79691/candidate_14/incident_79691_candidate_14_after.tif
candidates/incident_79691/candidate_15/incident_79691_candidate_15_mask.tif
candidates/incident_79691/candidate_14/incident_79691_candidate_14_before.tif
candidates/incident_79691/candidate_15/incident_79691_candidate_15_slope.tif
candidates/incident_79691/candidate_15/incident_79691_candidate_15_before.tif
candidates/incident_79691/candidate_15/incident_79691_candidate_15_after.tif
candidates/incident_79691/candidate_2/incident_79691_candidate_2_mask.tif
candidates/incident_79691/candidate_2/incident_79691_candidate_2_slope.tif
candidates/incident_79691/candidate_3/incident_79691_candidate_3_after.tif
candidates/incident_79691/candidate_3/incident_79691_candidate_3_slope.tif
candidates/incident_79691/candidate_3/incident_79691_candidate_3_mask.tif
candidates/incident_79691/candidate_2/incident_79691_candidate_2_before.tif
candidates/incident_79691/candidate_3/incident_79691_candidate_3_before.tif
candidates/incident_79691/candidate_4/incident_79691_candidate_4_after.tif
candidates/incident_79691/candidate_2/incident_79691_candidate_2_after.tif
candidates/incident_79691/candidate_4/incident_79691_candidate_4_mask.tif
candidates/incident_79691/candidate_4/incident_79691_candidate_4_slope.tif
candidates/incident_79691/candidate_4/incident_79691_candidate_4_before.tif
candidates/incident_79691/candidate_5/incident_79691_candidate_5_mask.tif
candidates/incident_79691/candidate_5/incident_79691_candidate_5_after.tif
candidates/incident_79691/candidate_5/incident_79691_candidate_5_slope.tif
candidates/incident_79691/candidate_5/incident_79691_candidate_5_before.tif
candidates/incident_79691/candidate_6/incident_79691_candidate_6_mask.tif
candidates/incident_79691/candidate_6/incident_79691_candidate_6_slope.tif
candidates/incident_79691/candidate_6/incident_79691_candidate_6_after.tif
candidates/incident_79691/candidate_6/incident_79691_candidate_6_before.tif
candidates/incident_79691/candidate_7/incident_79691_candidate_7_mask.tif
candidates/incident_79691/candidate_7/incident_79691_candidate_7_slope.tif
candidates/incident_79691/candidate_7/incident_79691_candidate_7_after.tif
candidates/incident_79691/candidate_7/incident_79691_candidate_7_before.tif
candidates/incident_79691/candidate_8/incident_79691_candidate_8_mask.tif
candidates/incident_79691/candidate_8/incident_79691_candidate_8_slope.tif
candidates/incident_79691/candidate_8/incident_79691_candidate_8_before.tif
candidates/incident_79691/candidate_9/incident_79691_candidate_9_mask.tif
candidates/incident_79691/candidate_9/incident_79691_candidate_9_slope.tif
candidates/incident_79691/candidate_9/incident_79691_candidate_9_after.tif
candidates/incident_79691/candidate_9/incident_79691_candidate_9_before.tif
candidates/incident_79691/candidate_8/incident_79691_candidate_8_after.tif
candidates/incident_79752/candidate_10/incident_79752_candidate_10_mask.tif
candidates/incident_79752/candidate_1/incident_79752_candidate_1_mask.tif
candidates/incident_79752/candidate_1/incident_79752_candidate_1_after.tif
candidates/incident_79752/candidate_1/incident_79752_candidate_1_slope.tif
candidates/incident_79752/candidate_10/incident_79752_candidate_10_before.tif
candidates/incident_79752/candidate_10/incident_79752_candidate_10_slope.tif
candidates/incident_79752/candidate_1/incident_79752_candidate_1_before.tif
candidates/incident_79752/candidate_10/incident_79752_candidate_10_after.tif
candidates/incident_79752/candidate_2/incident_79752_candidate_2_mask.tif
candidates/incident_79752/candidate_2/incident_79752_candidate_2_before.tif
candidates/incident_79752/candidate_3/incident_79752_candidate_3_mask.tif
candidates/incident_79752/candidate_3/incident_79752_candidate_3_slope.tif
candidates/incident_79752/candidate_2/incident_79752_candidate_2_slope.tif
candidates/incident_79752/candidate_3/incident_79752_candidate_3_after.tif
candidates/incident_79752/candidate_4/incident_79752_candidate_4_mask.tif
candidates/incident_79752/candidate_4/incident_79752_candidate_4_slope.tif
candidates/incident_79752/candidate_2/incident_79752_candidate_2_after.tif
candidates/incident_79752/candidate_3/incident_79752_candidate_3_before.tif
candidates/incident_79752/candidate_4/incident_79752_candidate_4_before.tif
candidates/incident_79752/candidate_5/incident_79752_candidate_5_after.tif
candidates/incident_79752/candidate_4/incident_79752_candidate_4_after.tif
candidates/incident_79752/candidate_5/incident_79752_candidate_5_mask.tif
candidates/incident_79752/candidate_5/incident_79752_candidate_5_before.tif
candidates/incident_79752/candidate_5/incident_79752_candidate_5_slope.tif
candidates/incident_79752/candidate_6/incident_79752_candidate_6_mask.tif
candidates/incident_79752/candidate_6/incident_79752_candidate_6_after.tif
candidates/incident_79752/candidate_6/incident_79752_candidate_6_slope.tif
candidates/incident_79752/candidate_7/incident_79752_candidate_7_mask.tif
candidates/incident_79752/candidate_7/incident_79752_candidate_7_slope.tif
candidates/incident_79752/candidate_7/incident_79752_candidate_7_after.tif
candidates/incident_79752/candidate_8/incident_79752_candidate_8_mask.tif
candidates/incident_79752/candidate_8/incident_79752_candidate_8_slope.tif
candidates/incident_79752/candidate_8/incident_79752_candidate_8_before.tif
candidates/incident_79752/candidate_6/incident_79752_candidate_6_before.tif
candidates/incident_79752/candidate_8/incident_79752_candidate_8_after.tif
candidates/incident_79752/candidate_7/incident_79752_candidate_7_before.tif
candidates/incident_79752/candidate_9/incident_79752_candidate_9_after.tif
candidates/incident_79752/candidate_9/incident_79752_candidate_9_slope.tif
candidates/incident_79752/candidate_9/incident_79752_candidate_9_mask.tif
candidates/incident_79752/candidate_9/incident_79752_candidate_9_before.tif
candidates/incident_79767/candidate_1/incident_79767_candidate_1_slope.tif
candidates/incident_79767/candidate_1/incident_79767_candidate_1_mask.tif
candidates/incident_79767/candidate_10/incident_79767_candidate_10_mask.tif
candidates/incident_79767/candidate_10/incident_79767_candidate_10_slope.tif
candidates/incident_79767/candidate_1/incident_79767_candidate_1_after.tif
candidates/incident_79767/candidate_1/incident_79767_candidate_1_before.tif
candidates/incident_79767/candidate_10/incident_79767_candidate_10_after.tif
candidates/incident_79767/candidate_11/incident_79767_candidate_11_after.tif
candidates/incident_79767/candidate_11/incident_79767_candidate_11_mask.tif
candidates/incident_79767/candidate_11/incident_79767_candidate_11_before.tif
candidates/incident_79767/candidate_10/incident_79767_candidate_10_before.tif
candidates/incident_79767/candidate_11/incident_79767_candidate_11_slope.tif
candidates/incident_79767/candidate_12/incident_79767_candidate_12_mask.tif
candidates/incident_79767/candidate_13/incident_79767_candidate_13_mask.tif
candidates/incident_79767/candidate_12/incident_79767_candidate_12_slope.tif
candidates/incident_79767/candidate_12/incident_79767_candidate_12_after.tif
candidates/incident_79767/candidate_12/incident_79767_candidate_12_before.tif
candidates/incident_79767/candidate_13/incident_79767_candidate_13_slope.tif
candidates/incident_79767/candidate_13/incident_79767_candidate_13_before.tif
candidates/incident_79767/candidate_13/incident_79767_candidate_13_after.tif
candidates/incident_79767/candidate_14/incident_79767_candidate_14_mask.tif
candidates/incident_79767/candidate_14/incident_79767_candidate_14_after.tif
candidates/incident_79767/candidate_14/incident_79767_candidate_14_before.tif
candidates/incident_79767/candidate_14/incident_79767_candidate_14_slope.tif
candidates/incident_79767/candidate_15/incident_79767_candidate_15_mask.tif
candidates/incident_79767/candidate_15/incident_79767_candidate_15_slope.tif
candidates/incident_79767/candidate_15/incident_79767_candidate_15_after.tif
candidates/incident_79767/candidate_16/incident_79767_candidate_16_mask.tif
candidates/incident_79767/candidate_16/incident_79767_candidate_16_slope.tif
candidates/incident_79767/candidate_16/incident_79767_candidate_16_after.tif
candidates/incident_79767/candidate_16/incident_79767_candidate_16_before.tif
candidates/incident_79767/candidate_17/incident_79767_candidate_17_mask.tif
candidates/incident_79767/candidate_17/incident_79767_candidate_17_after.tif
candidates/incident_79767/candidate_17/incident_79767_candidate_17_before.tif
candidates/incident_79767/candidate_15/incident_79767_candidate_15_before.tif
candidates/incident_79767/candidate_17/incident_79767_candidate_17_slope.tif
candidates/incident_79767/candidate_18/incident_79767_candidate_18_after.tif
candidates/incident_79767/candidate_18/incident_79767_candidate_18_mask.tif
candidates/incident_79767/candidate_19/incident_79767_candidate_19_mask.tif
candidates/incident_79767/candidate_19/incident_79767_candidate_19_slope.tif
candidates/incident_79767/candidate_18/incident_79767_candidate_18_slope.tif
candidates/incident_79767/candidate_19/incident_79767_candidate_19_after.tif
candidates/incident_79767/candidate_19/incident_79767_candidate_19_before.tif
candidates/incident_79767/candidate_18/incident_79767_candidate_18_before.tif
candidates/incident_79767/candidate_2/incident_79767_candidate_2_slope.tif
candidates/incident_79767/candidate_2/incident_79767_candidate_2_after.tif
candidates/incident_79767/candidate_2/incident_79767_candidate_2_mask.tif
candidates/incident_79767/candidate_2/incident_79767_candidate_2_before.tif
candidates/incident_79767/candidate_20/incident_79767_candidate_20_mask.tif
candidates/incident_79767/candidate_20/incident_79767_candidate_20_after.tif
candidates/incident_79767/candidate_20/incident_79767_candidate_20_before.tif
candidates/incident_79767/candidate_20/incident_79767_candidate_20_slope.tif
candidates/incident_79767/candidate_21/incident_79767_candidate_21_mask.tif
candidates/incident_79767/candidate_21/incident_79767_candidate_21_slope.tif
candidates/incident_79767/candidate_21/incident_79767_candidate_21_before.tif
candidates/incident_79767/candidate_21/incident_79767_candidate_21_after.tif
candidates/incident_79767/candidate_22/incident_79767_candidate_22_slope.tif
candidates/incident_79767/candidate_22/incident_79767_candidate_22_mask.tif
candidates/incident_79767/candidate_22/incident_79767_candidate_22_after.tif
candidates/incident_79767/candidate_23/incident_79767_candidate_23_mask.tif
candidates/incident_79767/candidate_23/incident_79767_candidate_23_after.tif
candidates/incident_79767/candidate_23/incident_79767_candidate_23_slope.tif
candidates/incident_79767/candidate_23/incident_79767_candidate_23_before.tif
candidates/incident_79767/candidate_24/incident_79767_candidate_24_mask.tif
candidates/incident_79767/candidate_22/incident_79767_candidate_22_before.tif
candidates/incident_79767/candidate_24/incident_79767_candidate_24_before.tif
candidates/incident_79767/candidate_24/incident_79767_candidate_24_slope.tif
candidates/incident_79767/candidate_25/incident_79767_candidate_25_mask.tif
candidates/incident_79767/candidate_25/incident_79767_candidate_25_slope.tif
candidates/incident_79767/candidate_25/incident_79767_candidate_25_after.tif
candidates/incident_79767/candidate_25/incident_79767_candidate_25_before.tif
candidates/incident_79767/candidate_26/incident_79767_candidate_26_after.tif
candidates/incident_79767/candidate_26/incident_79767_candidate_26_mask.tif
candidates/incident_79767/candidate_24/incident_79767_candidate_24_after.tif
candidates/incident_79767/candidate_26/incident_79767_candidate_26_slope.tif
candidates/incident_79767/candidate_26/incident_79767_candidate_26_before.tif
candidates/incident_79767/candidate_27/incident_79767_candidate_27_after.tif
candidates/incident_79767/candidate_27/incident_79767_candidate_27_slope.tif
candidates/incident_79767/candidate_27/incident_79767_candidate_27_mask.tif
candidates/incident_79767/candidate_28/incident_79767_candidate_28_mask.tif
candidates/incident_79767/candidate_28/incident_79767_candidate_28_slope.tif
candidates/incident_79767/candidate_28/incident_79767_candidate_28_before.tif
candidates/incident_79767/candidate_28/incident_79767_candidate_28_after.tif
candidates/incident_79767/candidate_29/incident_79767_candidate_29_mask.tif
candidates/incident_79767/candidate_29/incident_79767_candidate_29_slope.tif
candidates/incident_79767/candidate_29/incident_79767_candidate_29_after.tif
candidates/incident_79767/candidate_29/incident_79767_candidate_29_before.tif
candidates/incident_79767/candidate_27/incident_79767_candidate_27_before.tif
candidates/incident_79767/candidate_3/incident_79767_candidate_3_mask.tif
candidates/incident_79767/candidate_3/incident_79767_candidate_3_slope.tif
candidates/incident_79767/candidate_3/incident_79767_candidate_3_before.tif
candidates/incident_79767/candidate_30/incident_79767_candidate_30_mask.tif
candidates/incident_79767/candidate_3/incident_79767_candidate_3_after.tif
candidates/incident_79767/candidate_30/incident_79767_candidate_30_slope.tif
candidates/incident_79767/candidate_30/incident_79767_candidate_30_after.tif
candidates/incident_79767/candidate_30/incident_79767_candidate_30_before.tif
candidates/incident_79767/candidate_31/incident_79767_candidate_31_after.tif
candidates/incident_79767/candidate_31/incident_79767_candidate_31_mask.tif
candidates/incident_79767/candidate_31/incident_79767_candidate_31_before.tif
candidates/incident_79767/candidate_32/incident_79767_candidate_32_mask.tif
candidates/incident_79767/candidate_31/incident_79767_candidate_31_slope.tif
candidates/incident_79767/candidate_32/incident_79767_candidate_32_before.tif
candidates/incident_79767/candidate_32/incident_79767_candidate_32_after.tif
candidates/incident_79767/candidate_32/incident_79767_candidate_32_slope.tif
candidates/incident_79767/candidate_33/incident_79767_candidate_33_mask.tif
candidates/incident_79767/candidate_33/incident_79767_candidate_33_slope.tif
candidates/incident_79767/candidate_33/incident_79767_candidate_33_after.tif
candidates/incident_79767/candidate_33/incident_79767_candidate_33_before.tif
candidates/incident_79767/candidate_34/incident_79767_candidate_34_mask.tif
candidates/incident_79767/candidate_34/incident_79767_candidate_34_slope.tif
candidates/incident_79767/candidate_34/incident_79767_candidate_34_before.tif
candidates/incident_79767/candidate_35/incident_79767_candidate_35_mask.tif
candidates/incident_79767/candidate_35/incident_79767_candidate_35_slope.tif
candidates/incident_79767/candidate_34/incident_79767_candidate_34_after.tif
candidates/incident_79767/candidate_35/incident_79767_candidate_35_before.tif
candidates/incident_79767/candidate_35/incident_79767_candidate_35_after.tif
candidates/incident_79767/candidate_36/incident_79767_candidate_36_before.tif
candidates/incident_79767/candidate_36/incident_79767_candidate_36_mask.tif
candidates/incident_79767/candidate_36/incident_79767_candidate_36_after.tif
candidates/incident_79767/candidate_36/incident_79767_candidate_36_slope.tif
candidates/incident_79767/candidate_37/incident_79767_candidate_37_slope.tif
candidates/incident_79767/candidate_37/incident_79767_candidate_37_mask.tif
candidates/incident_79767/candidate_37/incident_79767_candidate_37_after.tif
candidates/incident_79767/candidate_38/incident_79767_candidate_38_mask.tif
candidates/incident_79767/candidate_37/incident_79767_candidate_37_before.tif
candidates/incident_79767/candidate_38/incident_79767_candidate_38_slope.tif
candidates/incident_79767/candidate_38/incident_79767_candidate_38_after.tif
candidates/incident_79767/candidate_39/incident_79767_candidate_39_slope.tif
candidates/incident_79767/candidate_39/incident_79767_candidate_39_mask.tif
candidates/incident_79767/candidate_39/incident_79767_candidate_39_before.tif
candidates/incident_79767/candidate_4/incident_79767_candidate_4_mask.tif
candidates/incident_79767/candidate_4/incident_79767_candidate_4_before.tif
candidates/incident_79767/candidate_38/incident_79767_candidate_38_before.tif
candidates/incident_79767/candidate_4/incident_79767_candidate_4_slope.tif
candidates/incident_79767/candidate_4/incident_79767_candidate_4_after.tif
candidates/incident_79767/candidate_39/incident_79767_candidate_39_after.tif
candidates/incident_79767/candidate_40/incident_79767_candidate_40_slope.tif
candidates/incident_79767/candidate_40/incident_79767_candidate_40_mask.tif
candidates/incident_79767/candidate_40/incident_79767_candidate_40_before.tif
candidates/incident_79767/candidate_41/incident_79767_candidate_41_mask.tif
candidates/incident_79767/candidate_41/incident_79767_candidate_41_slope.tif
candidates/incident_79767/candidate_40/incident_79767_candidate_40_after.tif
candidates/incident_79767/candidate_41/incident_79767_candidate_41_after.tif
candidates/incident_79767/candidate_41/incident_79767_candidate_41_before.tif
candidates/incident_79767/candidate_42/incident_79767_candidate_42_mask.tif
candidates/incident_79767/candidate_42/incident_79767_candidate_42_slope.tif
candidates/incident_79767/candidate_42/incident_79767_candidate_42_after.tif
candidates/incident_79767/candidate_42/incident_79767_candidate_42_before.tif
candidates/incident_79767/candidate_43/incident_79767_candidate_43_slope.tif
candidates/incident_79767/candidate_43/incident_79767_candidate_43_mask.tif
candidates/incident_79767/candidate_44/incident_79767_candidate_44_mask.tif
candidates/incident_79767/candidate_43/incident_79767_candidate_43_before.tif
candidates/incident_79767/candidate_44/incident_79767_candidate_44_slope.tif
candidates/incident_79767/candidate_43/incident_79767_candidate_43_after.tif
candidates/incident_79767/candidate_44/incident_79767_candidate_44_before.tif
candidates/incident_79767/candidate_45/incident_79767_candidate_45_mask.tif
candidates/incident_79767/candidate_45/incident_79767_candidate_45_slope.tif
candidates/incident_79767/candidate_45/incident_79767_candidate_45_before.tif
candidates/incident_79767/candidate_44/incident_79767_candidate_44_after.tif
candidates/incident_79767/candidate_46/incident_79767_candidate_46_after.tif
candidates/incident_79767/candidate_46/incident_79767_candidate_46_mask.tif
candidates/incident_79767/candidate_46/incident_79767_candidate_46_before.tif
candidates/incident_79767/candidate_45/incident_79767_candidate_45_after.tif
candidates/incident_79767/candidate_46/incident_79767_candidate_46_slope.tif
candidates/incident_79767/candidate_47/incident_79767_candidate_47_mask.tif
candidates/incident_79767/candidate_47/incident_79767_candidate_47_slope.tif
candidates/incident_79767/candidate_47/incident_79767_candidate_47_after.tif
candidates/incident_79767/candidate_48/incident_79767_candidate_48_slope.tif
candidates/incident_79767/candidate_48/incident_79767_candidate_48_mask.tif
candidates/incident_79767/candidate_47/incident_79767_candidate_47_before.tif
candidates/incident_79767/candidate_49/incident_79767_candidate_49_mask.tif
candidates/incident_79767/candidate_49/incident_79767_candidate_49_slope.tif
candidates/incident_79767/candidate_49/incident_79767_candidate_49_after.tif
candidates/incident_79767/candidate_48/incident_79767_candidate_48_before.tif
candidates/incident_79767/candidate_49/incident_79767_candidate_49_before.tif
candidates/incident_79767/candidate_5/incident_79767_candidate_5_after.tif
candidates/incident_79767/candidate_48/incident_79767_candidate_48_after.tif
candidates/incident_79767/candidate_5/incident_79767_candidate_5_mask.tif
candidates/incident_79767/candidate_5/incident_79767_candidate_5_slope.tif
candidates/incident_79767/candidate_50/incident_79767_candidate_50_mask.tif
candidates/incident_79767/candidate_50/incident_79767_candidate_50_slope.tif
candidates/incident_79767/candidate_50/incident_79767_candidate_50_after.tif
candidates/incident_79767/candidate_5/incident_79767_candidate_5_before.tif
candidates/incident_79767/candidate_51/incident_79767_candidate_51_mask.tif
candidates/incident_79767/candidate_51/incident_79767_candidate_51_after.tif
candidates/incident_79767/candidate_51/incident_79767_candidate_51_before.tif
candidates/incident_79767/candidate_51/incident_79767_candidate_51_slope.tif
candidates/incident_79767/candidate_50/incident_79767_candidate_50_before.tif
candidates/incident_79767/candidate_52/incident_79767_candidate_52_mask.tif
candidates/incident_79767/candidate_52/incident_79767_candidate_52_slope.tif
candidates/incident_79767/candidate_52/incident_79767_candidate_52_before.tif
candidates/incident_79767/candidate_53/incident_79767_candidate_53_mask.tif
candidates/incident_79767/candidate_53/incident_79767_candidate_53_slope.tif
candidates/incident_79767/candidate_53/incident_79767_candidate_53_after.tif
candidates/incident_79767/candidate_53/incident_79767_candidate_53_before.tif
candidates/incident_79767/candidate_54/incident_79767_candidate_54_mask.tif
candidates/incident_79767/candidate_54/incident_79767_candidate_54_slope.tif
candidates/incident_79767/candidate_54/incident_79767_candidate_54_after.tif
candidates/incident_79767/candidate_55/incident_79767_candidate_55_mask.tif
candidates/incident_79767/candidate_54/incident_79767_candidate_54_before.tif
candidates/incident_79767/candidate_55/incident_79767_candidate_55_slope.tif
candidates/incident_79767/candidate_55/incident_79767_candidate_55_after.tif
candidates/incident_79767/candidate_55/incident_79767_candidate_55_before.tif
candidates/incident_79767/candidate_52/incident_79767_candidate_52_after.tif
candidates/incident_79767/candidate_56/incident_79767_candidate_56_mask.tif
candidates/incident_79767/candidate_56/incident_79767_candidate_56_slope.tif
candidates/incident_79767/candidate_56/incident_79767_candidate_56_after.tif
candidates/incident_79767/candidate_56/incident_79767_candidate_56_before.tif
candidates/incident_79767/candidate_57/incident_79767_candidate_57_mask.tif
candidates/incident_79767/candidate_57/incident_79767_candidate_57_slope.tif
candidates/incident_79767/candidate_58/incident_79767_candidate_58_slope.tif
candidates/incident_79767/candidate_58/incident_79767_candidate_58_mask.tif
candidates/incident_79767/candidate_57/incident_79767_candidate_57_after.tif
candidates/incident_79767/candidate_57/incident_79767_candidate_57_before.tif
candidates/incident_79767/candidate_58/incident_79767_candidate_58_after.tif
candidates/incident_79767/candidate_59/incident_79767_candidate_59_before.tif
candidates/incident_79767/candidate_59/incident_79767_candidate_59_mask.tif
candidates/incident_79767/candidate_59/incident_79767_candidate_59_slope.tif
candidates/incident_79767/candidate_6/incident_79767_candidate_6_before.tif
candidates/incident_79767/candidate_6/incident_79767_candidate_6_mask.tif
candidates/incident_79767/candidate_6/incident_79767_candidate_6_slope.tif
candidates/incident_79767/candidate_59/incident_79767_candidate_59_after.tif
candidates/incident_79767/candidate_58/incident_79767_candidate_58_before.tif
candidates/incident_79767/candidate_60/incident_79767_candidate_60_after.tif
candidates/incident_79767/candidate_60/incident_79767_candidate_60_mask.tif
candidates/incident_79767/candidate_60/incident_79767_candidate_60_slope.tif
candidates/incident_79767/candidate_61/incident_79767_candidate_61_mask.tif
candidates/incident_79767/candidate_61/incident_79767_candidate_61_slope.tif
candidates/incident_79767/candidate_60/incident_79767_candidate_60_before.tif
candidates/incident_79767/candidate_6/incident_79767_candidate_6_after.tif
candidates/incident_79767/candidate_61/incident_79767_candidate_61_before.tif
candidates/incident_79767/candidate_61/incident_79767_candidate_61_after.tif
candidates/incident_79767/candidate_7/incident_79767_candidate_7_mask.tif
candidates/incident_79767/candidate_7/incident_79767_candidate_7_before.tif
candidates/incident_79767/candidate_7/incident_79767_candidate_7_slope.tif
candidates/incident_79767/candidate_8/incident_79767_candidate_8_mask.tif
candidates/incident_79767/candidate_8/incident_79767_candidate_8_slope.tif
candidates/incident_79767/candidate_9/incident_79767_candidate_9_mask.tif
candidates/incident_79767/candidate_7/incident_79767_candidate_7_after.tif
candidates/incident_79767/candidate_9/incident_79767_candidate_9_after.tif
candidates/incident_79767/candidate_8/incident_79767_candidate_8_after.tif
candidates/incident_79767/candidate_9/incident_79767_candidate_9_slope.tif
candidates/incident_79767/candidate_8/incident_79767_candidate_8_before.tif
candidates/incident_79767/candidate_9/incident_79767_candidate_9_before.tif
candidates/incident_79837/candidate_1/incident_79837_candidate_1_after.tif
candidates/incident_79837/candidate_1/incident_79837_candidate_1_before.tif
candidates/incident_79837/candidate_1/incident_79837_candidate_1_slope.tif
candidates/incident_79837/candidate_1/incident_79837_candidate_1_mask.tif
candidates/incident_79837/candidate_10/incident_79837_candidate_10_after.tif
candidates/incident_79837/candidate_10/incident_79837_candidate_10_before.tif
candidates/incident_79837/candidate_10/incident_79837_candidate_10_mask.tif
candidates/incident_79837/candidate_10/incident_79837_candidate_10_slope.tif
candidates/incident_79837/candidate_11/incident_79837_candidate_11_slope.tif
candidates/incident_79837/candidate_12/incident_79837_candidate_12_after.tif
candidates/incident_79837/candidate_12/incident_79837_candidate_12_before.tif
candidates/incident_79837/candidate_12/incident_79837_candidate_12_mask.tif
candidates/incident_79837/candidate_11/incident_79837_candidate_11_after.tif
candidates/incident_79837/candidate_12/incident_79837_candidate_12_slope.tif
candidates/incident_79837/candidate_11/incident_79837_candidate_11_mask.tif
candidates/incident_79837/candidate_13/incident_79837_candidate_13_after.tif
candidates/incident_79837/candidate_11/incident_79837_candidate_11_before.tif
candidates/incident_79837/candidate_13/incident_79837_candidate_13_mask.tif
candidates/incident_79837/candidate_13/incident_79837_candidate_13_slope.tif
candidates/incident_79837/candidate_13/incident_79837_candidate_13_before.tif
candidates/incident_79837/candidate_14/incident_79837_candidate_14_after.tif
candidates/incident_79837/candidate_14/incident_79837_candidate_14_slope.tif
candidates/incident_79837/candidate_14/incident_79837_candidate_14_before.tif
candidates/incident_79837/candidate_14/incident_79837_candidate_14_mask.tif
candidates/incident_79837/candidate_15/incident_79837_candidate_15_after.tif
candidates/incident_79837/candidate_15/incident_79837_candidate_15_before.tif
candidates/incident_79837/candidate_15/incident_79837_candidate_15_mask.tif
candidates/incident_79837/candidate_16/incident_79837_candidate_16_after.tif
candidates/incident_79837/candidate_15/incident_79837_candidate_15_slope.tif
candidates/incident_79837/candidate_16/incident_79837_candidate_16_before.tif
candidates/incident_79837/candidate_16/incident_79837_candidate_16_mask.tif
candidates/incident_79837/candidate_16/incident_79837_candidate_16_slope.tif
candidates/incident_79837/candidate_17/incident_79837_candidate_17_mask.tif
candidates/incident_79837/candidate_17/incident_79837_candidate_17_before.tif
candidates/incident_79837/candidate_17/incident_79837_candidate_17_after.tif
candidates/incident_79837/candidate_17/incident_79837_candidate_17_slope.tif
candidates/incident_79837/candidate_18/incident_79837_candidate_18_mask.tif
candidates/incident_79837/candidate_18/incident_79837_candidate_18_slope.tif
candidates/incident_79837/candidate_18/incident_79837_candidate_18_before.tif
candidates/incident_79837/candidate_19/incident_79837_candidate_19_mask.tif
candidates/incident_79837/candidate_19/incident_79837_candidate_19_slope.tif
candidates/incident_79837/candidate_2/incident_79837_candidate_2_after.tif
candidates/incident_79837/candidate_19/incident_79837_candidate_19_after.tif
candidates/incident_79837/candidate_2/incident_79837_candidate_2_before.tif
candidates/incident_79837/candidate_18/incident_79837_candidate_18_after.tif
candidates/incident_79837/candidate_19/incident_79837_candidate_19_before.tif
candidates/incident_79837/candidate_2/incident_79837_candidate_2_mask.tif
candidates/incident_79837/candidate_2/incident_79837_candidate_2_slope.tif
candidates/incident_79837/candidate_20/incident_79837_candidate_20_after.tif
candidates/incident_79837/candidate_20/incident_79837_candidate_20_before.tif
candidates/incident_79837/candidate_20/incident_79837_candidate_20_mask.tif
candidates/incident_79837/candidate_20/incident_79837_candidate_20_slope.tif
candidates/incident_79837/candidate_21/incident_79837_candidate_21_slope.tif
candidates/incident_79837/candidate_21/incident_79837_candidate_21_mask.tif
candidates/incident_79837/candidate_21/incident_79837_candidate_21_after.tif
candidates/incident_79837/candidate_21/incident_79837_candidate_21_before.tif
candidates/incident_79837/candidate_22/incident_79837_candidate_22_before.tif
candidates/incident_79837/candidate_22/incident_79837_candidate_22_mask.tif
candidates/incident_79837/candidate_22/incident_79837_candidate_22_slope.tif
candidates/incident_79837/candidate_23/incident_79837_candidate_23_before.tif
candidates/incident_79837/candidate_23/incident_79837_candidate_23_mask.tif
candidates/incident_79837/candidate_22/incident_79837_candidate_22_after.tif
candidates/incident_79837/candidate_23/incident_79837_candidate_23_after.tif
candidates/incident_79837/candidate_23/incident_79837_candidate_23_slope.tif
candidates/incident_79837/candidate_24/incident_79837_candidate_24_after.tif
candidates/incident_79837/candidate_24/incident_79837_candidate_24_mask.tif
candidates/incident_79837/candidate_25/incident_79837_candidate_25_before.tif
candidates/incident_79837/candidate_25/incident_79837_candidate_25_slope.tif
candidates/incident_79837/candidate_24/incident_79837_candidate_24_slope.tif
candidates/incident_79837/candidate_25/incident_79837_candidate_25_after.tif
candidates/incident_79837/candidate_25/incident_79837_candidate_25_mask.tif
candidates/incident_79837/candidate_26/incident_79837_candidate_26_after.tif
candidates/incident_79837/candidate_24/incident_79837_candidate_24_before.tif
candidates/incident_79837/candidate_26/incident_79837_candidate_26_before.tif
candidates/incident_79837/candidate_26/incident_79837_candidate_26_mask.tif
candidates/incident_79837/candidate_26/incident_79837_candidate_26_slope.tif
candidates/incident_79837/candidate_27/incident_79837_candidate_27_before.tif
candidates/incident_79837/candidate_27/incident_79837_candidate_27_slope.tif
candidates/incident_79837/candidate_27/incident_79837_candidate_27_mask.tif
candidates/incident_79837/candidate_28/incident_79837_candidate_28_after.tif
candidates/incident_79837/candidate_28/incident_79837_candidate_28_before.tif
candidates/incident_79837/candidate_28/incident_79837_candidate_28_mask.tif
candidates/incident_79837/candidate_28/incident_79837_candidate_28_slope.tif
candidates/incident_79837/candidate_27/incident_79837_candidate_27_after.tif
candidates/incident_79837/candidate_29/incident_79837_candidate_29_mask.tif
candidates/incident_79837/candidate_29/incident_79837_candidate_29_slope.tif
candidates/incident_79837/candidate_29/incident_79837_candidate_29_after.tif
candidates/incident_79837/candidate_29/incident_79837_candidate_29_before.tif
candidates/incident_79837/candidate_3/incident_79837_candidate_3_mask.tif
candidates/incident_79837/candidate_3/incident_79837_candidate_3_before.tif
candidates/incident_79837/candidate_3/incident_79837_candidate_3_after.tif
candidates/incident_79837/candidate_30/incident_79837_candidate_30_before.tif
candidates/incident_79837/candidate_3/incident_79837_candidate_3_slope.tif
candidates/incident_79837/candidate_30/incident_79837_candidate_30_mask.tif
candidates/incident_79837/candidate_30/incident_79837_candidate_30_slope.tif
candidates/incident_79837/candidate_30/incident_79837_candidate_30_after.tif
candidates/incident_79837/candidate_31/incident_79837_candidate_31_before.tif
candidates/incident_79837/candidate_31/incident_79837_candidate_31_mask.tif
candidates/incident_79837/candidate_32/incident_79837_candidate_32_after.tif
candidates/incident_79837/candidate_31/incident_79837_candidate_31_slope.tif
candidates/incident_79837/candidate_31/incident_79837_candidate_31_after.tif
candidates/incident_79837/candidate_32/incident_79837_candidate_32_before.tif
candidates/incident_79837/candidate_32/incident_79837_candidate_32_mask.tif
candidates/incident_79837/candidate_32/incident_79837_candidate_32_slope.tif
candidates/incident_79837/candidate_33/incident_79837_candidate_33_mask.tif
candidates/incident_79837/candidate_33/incident_79837_candidate_33_slope.tif
candidates/incident_79837/candidate_33/incident_79837_candidate_33_before.tif
candidates/incident_79837/candidate_34/incident_79837_candidate_34_after.tif
candidates/incident_79837/candidate_34/incident_79837_candidate_34_before.tif
candidates/incident_79837/candidate_34/incident_79837_candidate_34_mask.tif
candidates/incident_79837/candidate_35/incident_79837_candidate_35_before.tif
candidates/incident_79837/candidate_33/incident_79837_candidate_33_after.tif
candidates/incident_79837/candidate_35/incident_79837_candidate_35_mask.tif
candidates/incident_79837/candidate_35/incident_79837_candidate_35_slope.tif
candidates/incident_79837/candidate_35/incident_79837_candidate_35_after.tif
candidates/incident_79837/candidate_34/incident_79837_candidate_34_slope.tif
candidates/incident_79837/candidate_36/incident_79837_candidate_36_after.tif
candidates/incident_79837/candidate_36/incident_79837_candidate_36_slope.tif
candidates/incident_79837/candidate_37/incident_79837_candidate_37_after.tif
candidates/incident_79837/candidate_37/incident_79837_candidate_37_before.tif
candidates/incident_79837/candidate_36/incident_79837_candidate_36_before.tif
candidates/incident_79837/candidate_37/incident_79837_candidate_37_slope.tif
candidates/incident_79837/candidate_36/incident_79837_candidate_36_mask.tif
candidates/incident_79837/candidate_38/incident_79837_candidate_38_before.tif
candidates/incident_79837/candidate_38/incident_79837_candidate_38_mask.tif
candidates/incident_79837/candidate_39/incident_79837_candidate_39_after.tif
candidates/incident_79837/candidate_37/incident_79837_candidate_37_mask.tif
candidates/incident_79837/candidate_39/incident_79837_candidate_39_before.tif
candidates/incident_79837/candidate_38/incident_79837_candidate_38_slope.tif
candidates/incident_79837/candidate_39/incident_79837_candidate_39_mask.tif
candidates/incident_79837/candidate_38/incident_79837_candidate_38_after.tif
candidates/incident_79837/candidate_4/incident_79837_candidate_4_after.tif
candidates/incident_79837/candidate_39/incident_79837_candidate_39_slope.tif
candidates/incident_79837/candidate_4/incident_79837_candidate_4_before.tif
candidates/incident_79837/candidate_40/incident_79837_candidate_40_after.tif
candidates/incident_79837/candidate_4/incident_79837_candidate_4_mask.tif
candidates/incident_79837/candidate_40/incident_79837_candidate_40_before.tif
candidates/incident_79837/candidate_40/incident_79837_candidate_40_mask.tif
candidates/incident_79837/candidate_4/incident_79837_candidate_4_slope.tif
candidates/incident_79837/candidate_40/incident_79837_candidate_40_slope.tif
candidates/incident_79837/candidate_41/incident_79837_candidate_41_after.tif
candidates/incident_79837/candidate_42/incident_79837_candidate_42_before.tif
candidates/incident_79837/candidate_41/incident_79837_candidate_41_slope.tif
candidates/incident_79837/candidate_41/incident_79837_candidate_41_mask.tif
candidates/incident_79837/candidate_42/incident_79837_candidate_42_after.tif
candidates/incident_79837/candidate_41/incident_79837_candidate_41_before.tif
candidates/incident_79837/candidate_42/incident_79837_candidate_42_mask.tif
candidates/incident_79837/candidate_42/incident_79837_candidate_42_slope.tif
candidates/incident_79837/candidate_43/incident_79837_candidate_43_before.tif
candidates/incident_79837/candidate_44/incident_79837_candidate_44_after.tif
candidates/incident_79837/candidate_43/incident_79837_candidate_43_slope.tif
candidates/incident_79837/candidate_44/incident_79837_candidate_44_before.tif
candidates/incident_79837/candidate_44/incident_79837_candidate_44_mask.tif
candidates/incident_79837/candidate_43/incident_79837_candidate_43_after.tif
candidates/incident_79837/candidate_43/incident_79837_candidate_43_mask.tif
candidates/incident_79837/candidate_45/incident_79837_candidate_45_after.tif
candidates/incident_79837/candidate_45/incident_79837_candidate_45_mask.tif
candidates/incident_79837/candidate_45/incident_79837_candidate_45_slope.tif
candidates/incident_79837/candidate_46/incident_79837_candidate_46_after.tif
candidates/incident_79837/candidate_44/incident_79837_candidate_44_slope.tif
candidates/incident_79837/candidate_46/incident_79837_candidate_46_mask.tif
candidates/incident_79837/candidate_46/incident_79837_candidate_46_slope.tif
candidates/incident_79837/candidate_46/incident_79837_candidate_46_before.tif
candidates/incident_79837/candidate_45/incident_79837_candidate_45_before.tif
candidates/incident_79837/candidate_47/incident_79837_candidate_47_mask.tif
candidates/incident_79837/candidate_47/incident_79837_candidate_47_after.tif
candidates/incident_79837/candidate_47/incident_79837_candidate_47_slope.tif
candidates/incident_79837/candidate_48/incident_79837_candidate_48_after.tif
candidates/incident_79837/candidate_48/incident_79837_candidate_48_before.tif
candidates/incident_79837/candidate_48/incident_79837_candidate_48_mask.tif
candidates/incident_79837/candidate_48/incident_79837_candidate_48_slope.tif
candidates/incident_79837/candidate_49/incident_79837_candidate_49_after.tif
candidates/incident_79837/candidate_49/incident_79837_candidate_49_mask.tif
candidates/incident_79837/candidate_47/incident_79837_candidate_47_before.tif
candidates/incident_79837/candidate_49/incident_79837_candidate_49_slope.tif
candidates/incident_79837/candidate_49/incident_79837_candidate_49_before.tif
candidates/incident_79837/candidate_5/incident_79837_candidate_5_before.tif
candidates/incident_79837/candidate_5/incident_79837_candidate_5_mask.tif
candidates/incident_79837/candidate_5/incident_79837_candidate_5_slope.tif
candidates/incident_79837/candidate_50/incident_79837_candidate_50_before.tif
candidates/incident_79837/candidate_50/incident_79837_candidate_50_slope.tif
candidates/incident_79837/candidate_51/incident_79837_candidate_51_after.tif
candidates/incident_79837/candidate_50/incident_79837_candidate_50_after.tif
candidates/incident_79837/candidate_5/incident_79837_candidate_5_after.tif
candidates/incident_79837/candidate_50/incident_79837_candidate_50_mask.tif
candidates/incident_79837/candidate_51/incident_79837_candidate_51_before.tif
candidates/incident_79837/candidate_51/incident_79837_candidate_51_mask.tif
candidates/incident_79837/candidate_52/incident_79837_candidate_52_after.tif
candidates/incident_79837/candidate_52/incident_79837_candidate_52_mask.tif
candidates/incident_79837/candidate_52/incident_79837_candidate_52_before.tif
candidates/incident_79837/candidate_52/incident_79837_candidate_52_slope.tif
candidates/incident_79837/candidate_53/incident_79837_candidate_53_after.tif
candidates/incident_79837/candidate_51/incident_79837_candidate_51_slope.tif
candidates/incident_79837/candidate_53/incident_79837_candidate_53_before.tif
candidates/incident_79837/candidate_53/incident_79837_candidate_53_mask.tif
candidates/incident_79837/candidate_53/incident_79837_candidate_53_slope.tif
candidates/incident_79837/candidate_54/incident_79837_candidate_54_after.tif
candidates/incident_79837/candidate_54/incident_79837_candidate_54_before.tif
candidates/incident_79837/candidate_54/incident_79837_candidate_54_slope.tif
candidates/incident_79837/candidate_54/incident_79837_candidate_54_mask.tif
candidates/incident_79837/candidate_55/incident_79837_candidate_55_mask.tif
candidates/incident_79837/candidate_55/incident_79837_candidate_55_after.tif
candidates/incident_79837/candidate_55/incident_79837_candidate_55_slope.tif
candidates/incident_79837/candidate_56/incident_79837_candidate_56_after.tif
candidates/incident_79837/candidate_56/incident_79837_candidate_56_before.tif
candidates/incident_79837/candidate_56/incident_79837_candidate_56_mask.tif
candidates/incident_79837/candidate_55/incident_79837_candidate_55_before.tif
candidates/incident_79837/candidate_56/incident_79837_candidate_56_slope.tif
candidates/incident_79837/candidate_57/incident_79837_candidate_57_mask.tif
candidates/incident_79837/candidate_57/incident_79837_candidate_57_slope.tif
candidates/incident_79837/candidate_57/incident_79837_candidate_57_after.tif
candidates/incident_79837/candidate_58/incident_79837_candidate_58_after.tif
candidates/incident_79837/candidate_57/incident_79837_candidate_57_before.tif
candidates/incident_79837/candidate_58/incident_79837_candidate_58_before.tif
candidates/incident_79837/candidate_58/incident_79837_candidate_58_slope.tif
candidates/incident_79837/candidate_58/incident_79837_candidate_58_mask.tif
candidates/incident_79837/candidate_59/incident_79837_candidate_59_slope.tif
candidates/incident_79837/candidate_6/incident_79837_candidate_6_after.tif
candidates/incident_79837/candidate_59/incident_79837_candidate_59_mask.tif
candidates/incident_79837/candidate_59/incident_79837_candidate_59_after.tif
candidates/incident_79837/candidate_6/incident_79837_candidate_6_before.tif
candidates/incident_79837/candidate_59/incident_79837_candidate_59_before.tif
candidates/incident_79837/candidate_6/incident_79837_candidate_6_mask.tif
candidates/incident_79837/candidate_6/incident_79837_candidate_6_slope.tif
candidates/incident_79837/candidate_60/incident_79837_candidate_60_after.tif
candidates/incident_79837/candidate_60/incident_79837_candidate_60_mask.tif
candidates/incident_79837/candidate_60/incident_79837_candidate_60_slope.tif
candidates/incident_79837/candidate_60/incident_79837_candidate_60_before.tif
candidates/incident_79837/candidate_61/incident_79837_candidate_61_mask.tif
candidates/incident_79837/candidate_61/incident_79837_candidate_61_slope.tif
candidates/incident_79837/candidate_61/incident_79837_candidate_61_before.tif
candidates/incident_79837/candidate_61/incident_79837_candidate_61_after.tif
candidates/incident_79837/candidate_62/incident_79837_candidate_62_mask.tif
candidates/incident_79837/candidate_62/incident_79837_candidate_62_before.tif
candidates/incident_79837/candidate_62/incident_79837_candidate_62_after.tif
candidates/incident_79837/candidate_62/incident_79837_candidate_62_slope.tif
candidates/incident_79837/candidate_63/incident_79837_candidate_63_after.tif
candidates/incident_79837/candidate_63/incident_79837_candidate_63_before.tif
candidates/incident_79837/candidate_63/incident_79837_candidate_63_mask.tif
candidates/incident_79837/candidate_63/incident_79837_candidate_63_slope.tif
candidates/incident_79837/candidate_68/incident_79837_candidate_68_mask.tif
candidates/incident_79898/candidate_1/incident_79898_candidate_1_mask.tif
candidates/incident_79898/candidate_1/incident_79898_candidate_1_slope.tif
candidates/incident_79898/candidate_10/incident_79898_candidate_10_mask.tif
candidates/incident_79898/candidate_10/incident_79898_candidate_10_slope.tif
candidates/incident_79898/candidate_11/incident_79898_candidate_11_mask.tif
candidates/incident_79898/candidate_11/incident_79898_candidate_11_slope.tif
candidates/incident_79898/candidate_12/incident_79898_candidate_12_mask.tif
candidates/incident_79898/candidate_12/incident_79898_candidate_12_slope.tif
candidates/incident_79898/candidate_13/incident_79898_candidate_13_mask.tif
candidates/incident_79898/candidate_13/incident_79898_candidate_13_slope.tif
candidates/incident_79898/candidate_14/incident_79898_candidate_14_mask.tif
candidates/incident_79898/candidate_14/incident_79898_candidate_14_slope.tif
candidates/incident_79898/candidate_15/incident_79898_candidate_15_mask.tif
candidates/incident_79898/candidate_15/incident_79898_candidate_15_slope.tif
candidates/incident_79898/candidate_16/incident_79898_candidate_16_slope.tif
candidates/incident_79898/candidate_16/incident_79898_candidate_16_mask.tif
candidates/incident_79898/candidate_2/incident_79898_candidate_2_slope.tif
candidates/incident_79898/candidate_2/incident_79898_candidate_2_mask.tif
candidates/incident_79898/candidate_3/incident_79898_candidate_3_mask.tif
candidates/incident_79898/candidate_3/incident_79898_candidate_3_slope.tif
candidates/incident_79898/candidate_4/incident_79898_candidate_4_mask.tif
candidates/incident_79898/candidate_4/incident_79898_candidate_4_slope.tif
candidates/incident_79898/candidate_5/incident_79898_candidate_5_mask.tif
candidates/incident_79898/candidate_5/incident_79898_candidate_5_slope.tif
candidates/incident_79898/candidate_6/incident_79898_candidate_6_mask.tif
candidates/incident_79898/candidate_6/incident_79898_candidate_6_slope.tif
candidates/incident_79898/candidate_7/incident_79898_candidate_7_mask.tif
candidates/incident_79898/candidate_7/incident_79898_candidate_7_slope.tif
candidates/incident_79898/candidate_8/incident_79898_candidate_8_mask.tif
candidates/incident_79898/candidate_8/incident_79898_candidate_8_slope.tif
candidates/incident_79898/candidate_9/incident_79898_candidate_9_mask.tif
candidates/incident_79898/candidate_9/incident_79898_candidate_9_slope.tif
candidates/incident_79927/candidate_1/incident_79927_candidate_1_mask.tif
candidates/incident_79927/candidate_1/incident_79927_candidate_1_slope.tif
candidates/incident_79927/candidate_10/incident_79927_candidate_10_mask.tif
candidates/incident_79927/candidate_10/incident_79927_candidate_10_slope.tif
candidates/incident_79927/candidate_11/incident_79927_candidate_11_slope.tif
candidates/incident_79927/candidate_11/incident_79927_candidate_11_mask.tif
candidates/incident_79927/candidate_12/incident_79927_candidate_12_mask.tif
candidates/incident_79927/candidate_12/incident_79927_candidate_12_slope.tif
candidates/incident_79927/candidate_13/incident_79927_candidate_13_slope.tif
candidates/incident_79927/candidate_13/incident_79927_candidate_13_mask.tif
candidates/incident_79927/candidate_14/incident_79927_candidate_14_mask.tif
candidates/incident_79927/candidate_14/incident_79927_candidate_14_slope.tif
candidates/incident_79927/candidate_15/incident_79927_candidate_15_mask.tif
candidates/incident_79927/candidate_15/incident_79927_candidate_15_slope.tif
candidates/incident_79927/candidate_16/incident_79927_candidate_16_mask.tif
candidates/incident_79927/candidate_16/incident_79927_candidate_16_slope.tif
candidates/incident_79927/candidate_17/incident_79927_candidate_17_mask.tif
candidates/incident_79927/candidate_17/incident_79927_candidate_17_slope.tif
candidates/incident_79927/candidate_18/incident_79927_candidate_18_mask.tif
candidates/incident_79927/candidate_18/incident_79927_candidate_18_slope.tif
candidates/incident_79927/candidate_19/incident_79927_candidate_19_mask.tif
candidates/incident_79927/candidate_19/incident_79927_candidate_19_slope.tif
candidates/incident_79927/candidate_2/incident_79927_candidate_2_slope.tif
candidates/incident_79927/candidate_2/incident_79927_candidate_2_mask.tif
candidates/incident_79927/candidate_20/incident_79927_candidate_20_mask.tif
candidates/incident_79927/candidate_20/incident_79927_candidate_20_slope.tif
candidates/incident_79927/candidate_21/incident_79927_candidate_21_mask.tif
candidates/incident_79927/candidate_21/incident_79927_candidate_21_slope.tif
candidates/incident_79927/candidate_22/incident_79927_candidate_22_mask.tif
candidates/incident_79927/candidate_22/incident_79927_candidate_22_slope.tif
candidates/incident_79927/candidate_23/incident_79927_candidate_23_mask.tif
candidates/incident_79927/candidate_23/incident_79927_candidate_23_slope.tif
candidates/incident_79927/candidate_24/incident_79927_candidate_24_mask.tif
candidates/incident_79927/candidate_24/incident_79927_candidate_24_slope.tif
candidates/incident_79927/candidate_25/incident_79927_candidate_25_mask.tif
candidates/incident_79927/candidate_25/incident_79927_candidate_25_slope.tif
candidates/incident_79927/candidate_26/incident_79927_candidate_26_mask.tif
candidates/incident_79927/candidate_26/incident_79927_candidate_26_slope.tif
candidates/incident_79927/candidate_27/incident_79927_candidate_27_mask.tif
candidates/incident_79927/candidate_27/incident_79927_candidate_27_slope.tif
candidates/incident_79927/candidate_28/incident_79927_candidate_28_mask.tif
candidates/incident_79927/candidate_28/incident_79927_candidate_28_slope.tif
candidates/incident_79927/candidate_29/incident_79927_candidate_29_slope.tif
candidates/incident_79927/candidate_29/incident_79927_candidate_29_mask.tif
candidates/incident_79927/candidate_3/incident_79927_candidate_3_slope.tif
candidates/incident_79927/candidate_3/incident_79927_candidate_3_mask.tif
candidates/incident_79927/candidate_30/incident_79927_candidate_30_mask.tif
candidates/incident_79927/candidate_30/incident_79927_candidate_30_slope.tif
candidates/incident_79927/candidate_4/incident_79927_candidate_4_mask.tif
candidates/incident_79927/candidate_4/incident_79927_candidate_4_slope.tif
candidates/incident_79927/candidate_5/incident_79927_candidate_5_mask.tif
candidates/incident_79927/candidate_5/incident_79927_candidate_5_slope.tif
candidates/incident_79927/candidate_6/incident_79927_candidate_6_mask.tif
candidates/incident_79927/candidate_6/incident_79927_candidate_6_slope.tif
candidates/incident_79927/candidate_7/incident_79927_candidate_7_slope.tif
candidates/incident_79927/candidate_7/incident_79927_candidate_7_mask.tif
candidates/incident_79927/candidate_8/incident_79927_candidate_8_slope.tif
candidates/incident_79927/candidate_8/incident_79927_candidate_8_mask.tif
candidates/incident_79927/candidate_9/incident_79927_candidate_9_mask.tif
candidates/incident_79927/candidate_9/incident_79927_candidate_9_slope.tif
candidates/incident_79938/candidate_10/incident_79938_candidate_10_mask.tif
candidates/incident_79938/candidate_10/incident_79938_candidate_10_slope.tif
candidates/incident_79938/candidate_11/incident_79938_candidate_11_mask.tif
candidates/incident_79938/candidate_11/incident_79938_candidate_11_slope.tif
candidates/incident_79938/candidate_12/incident_79938_candidate_12_mask.tif
candidates/incident_79938/candidate_12/incident_79938_candidate_12_slope.tif
candidates/incident_79938/candidate_13/incident_79938_candidate_13_mask.tif
candidates/incident_79938/candidate_13/incident_79938_candidate_13_slope.tif
candidates/incident_79938/candidate_14/incident_79938_candidate_14_mask.tif
candidates/incident_79938/candidate_14/incident_79938_candidate_14_slope.tif
candidates/incident_79938/candidate_15/incident_79938_candidate_15_mask.tif
candidates/incident_79938/candidate_15/incident_79938_candidate_15_slope.tif
candidates/incident_79938/candidate_16/incident_79938_candidate_16_mask.tif
candidates/incident_79938/candidate_16/incident_79938_candidate_16_slope.tif
candidates/incident_79938/candidate_17/incident_79938_candidate_17_mask.tif
candidates/incident_79938/candidate_17/incident_79938_candidate_17_slope.tif
candidates/incident_79938/candidate_18/incident_79938_candidate_18_mask.tif
candidates/incident_79938/candidate_18/incident_79938_candidate_18_slope.tif
candidates/incident_79938/candidate_17/incident_79938_candidate_17_before.tif
candidates/incident_79938/candidate_3/incident_79938_candidate_3_mask.tif
candidates/incident_79938/candidate_3/incident_79938_candidate_3_slope.tif
candidates/incident_79938/candidate_4/incident_79938_candidate_4_slope.tif
candidates/incident_79938/candidate_4/incident_79938_candidate_4_mask.tif
candidates/incident_79938/candidate_5/incident_79938_candidate_5_mask.tif
candidates/incident_79938/candidate_5/incident_79938_candidate_5_slope.tif
candidates/incident_79938/candidate_6/incident_79938_candidate_6_slope.tif
candidates/incident_79938/candidate_6/incident_79938_candidate_6_mask.tif
candidates/incident_79938/candidate_7/incident_79938_candidate_7_slope.tif
candidates/incident_79938/candidate_7/incident_79938_candidate_7_mask.tif
candidates/incident_79938/candidate_8/incident_79938_candidate_8_slope.tif
candidates/incident_79938/candidate_8/incident_79938_candidate_8_mask.tif
candidates/incident_79938/candidate_9/incident_79938_candidate_9_mask.tif
candidates/incident_79938/candidate_9/incident_79938_candidate_9_slope.tif
candidates/incident_79955/candidate_1/incident_79955_candidate_1_mask.tif
candidates/incident_79955/candidate_1/incident_79955_candidate_1_slope.tif
candidates/incident_79978/candidate_1/incident_79978_candidate_1_mask.tif
candidates/incident_79978/candidate_1/incident_79978_candidate_1_slope.tif
candidates/incident_79978/candidate_2/incident_79978_candidate_2_slope.tif
candidates/incident_79978/candidate_2/incident_79978_candidate_2_mask.tif
candidates/incident_79978/candidate_3/incident_79978_candidate_3_mask.tif
candidates/incident_79978/candidate_3/incident_79978_candidate_3_slope.tif
candidates/incident_79978/candidate_4/incident_79978_candidate_4_mask.tif
candidates/incident_79978/candidate_4/incident_79978_candidate_4_slope.tif
candidates/incident_79978/candidate_5/incident_79978_candidate_5_mask.tif
candidates/incident_79978/candidate_5/incident_79978_candidate_5_slope.tif
candidates/incident_80009/candidate_1/incident_80009_candidate_1_slope.tif
candidates/incident_80009/candidate_1/incident_80009_candidate_1_mask.tif
candidates/incident_80009/candidate_10/incident_80009_candidate_10_mask.tif
candidates/incident_80009/candidate_10/incident_80009_candidate_10_slope.tif
candidates/incident_80009/candidate_11/incident_80009_candidate_11_mask.tif
candidates/incident_80009/candidate_11/incident_80009_candidate_11_slope.tif
candidates/incident_80009/candidate_12/incident_80009_candidate_12_slope.tif
candidates/incident_80009/candidate_12/incident_80009_candidate_12_mask.tif
candidates/incident_80009/candidate_13/incident_80009_candidate_13_mask.tif
candidates/incident_80009/candidate_13/incident_80009_candidate_13_slope.tif
candidates/incident_80009/candidate_14/incident_80009_candidate_14_mask.tif
candidates/incident_80009/candidate_14/incident_80009_candidate_14_slope.tif
candidates/incident_80009/candidate_15/incident_80009_candidate_15_slope.tif
candidates/incident_80009/candidate_15/incident_80009_candidate_15_mask.tif
candidates/incident_80009/candidate_16/incident_80009_candidate_16_mask.tif
candidates/incident_80009/candidate_16/incident_80009_candidate_16_slope.tif
candidates/incident_80009/candidate_17/incident_80009_candidate_17_mask.tif
candidates/incident_80009/candidate_15/incident_80009_candidate_15_before.tif
candidates/incident_80009/candidate_17/incident_80009_candidate_17_slope.tif
candidates/incident_80009/candidate_2/incident_80009_candidate_2_mask.tif
candidates/incident_80009/candidate_2/incident_80009_candidate_2_slope.tif
candidates/incident_80009/candidate_3/incident_80009_candidate_3_mask.tif
candidates/incident_80009/candidate_3/incident_80009_candidate_3_slope.tif
candidates/incident_80009/candidate_4/incident_80009_candidate_4_mask.tif
candidates/incident_80009/candidate_4/incident_80009_candidate_4_slope.tif
candidates/incident_80009/candidate_5/incident_80009_candidate_5_mask.tif
candidates/incident_80009/candidate_5/incident_80009_candidate_5_slope.tif
candidates/incident_80009/candidate_6/incident_80009_candidate_6_slope.tif
candidates/incident_80009/candidate_6/incident_80009_candidate_6_mask.tif
candidates/incident_80009/candidate_7/incident_80009_candidate_7_mask.tif
candidates/incident_80009/candidate_7/incident_80009_candidate_7_slope.tif
candidates/incident_80009/candidate_8/incident_80009_candidate_8_mask.tif
candidates/incident_80009/candidate_8/incident_80009_candidate_8_slope.tif
candidates/incident_80009/candidate_9/incident_80009_candidate_9_slope.tif
candidates/incident_80009/candidate_9/incident_80009_candidate_9_mask.tif
candidates/incident_80020/candidate_14/incident_80020_candidate_14_before.tif
candidates/incident_80020/candidate_17/incident_80020_candidate_17_slope.tif
candidates/incident_80020/candidate_19/incident_80020_candidate_19_before.tif
candidates/incident_80020/candidate_25/incident_80020_candidate_25_mask.tif
candidates/incident_80020/candidate_24/incident_80020_candidate_24_slope.tif
candidates/incident_80020/candidate_28/incident_80020_candidate_28_before.tif
candidates/incident_80020/candidate_29/incident_80020_candidate_29_before.tif
candidates/incident_80020/candidate_35/incident_80020_candidate_35_before.tif
candidates/incident_80020/candidate_37/incident_80020_candidate_37_mask.tif
candidates/incident_80020/candidate_37/incident_80020_candidate_37_slope.tif
candidates/incident_80020/candidate_38/incident_80020_candidate_38_after.tif
candidates/incident_80020/candidate_37/incident_80020_candidate_37_before.tif
candidates/incident_80020/candidate_38/incident_80020_candidate_38_slope.tif
candidates/incident_80020/candidate_38/incident_80020_candidate_38_mask.tif
candidates/incident_80020/candidate_38/incident_80020_candidate_38_before.tif
candidates/incident_80020/candidate_39/incident_80020_candidate_39_mask.tif
candidates/incident_80020/candidate_39/incident_80020_candidate_39_before.tif
candidates/incident_80020/candidate_39/incident_80020_candidate_39_after.tif
candidates/incident_80020/candidate_39/incident_80020_candidate_39_slope.tif
candidates/incident_80020/candidate_4/incident_80020_candidate_4_after.tif
candidates/incident_80020/candidate_4/incident_80020_candidate_4_slope.tif
candidates/incident_80020/candidate_4/incident_80020_candidate_4_mask.tif
candidates/incident_80020/candidate_40/incident_80020_candidate_40_after.tif
candidates/incident_80020/candidate_4/incident_80020_candidate_4_before.tif
candidates/incident_80020/candidate_40/incident_80020_candidate_40_mask.tif
candidates/incident_80020/candidate_40/incident_80020_candidate_40_slope.tif
candidates/incident_80020/candidate_41/incident_80020_candidate_41_mask.tif
candidates/incident_80020/candidate_40/incident_80020_candidate_40_before.tif
candidates/incident_80020/candidate_41/incident_80020_candidate_41_after.tif
candidates/incident_80020/candidate_41/incident_80020_candidate_41_before.tif
candidates/incident_80020/candidate_41/incident_80020_candidate_41_slope.tif
candidates/incident_80020/candidate_42/incident_80020_candidate_42_before.tif
candidates/incident_80020/candidate_42/incident_80020_candidate_42_after.tif
candidates/incident_80020/candidate_42/incident_80020_candidate_42_mask.tif
candidates/incident_80020/candidate_42/incident_80020_candidate_42_slope.tif
candidates/incident_80020/candidate_43/incident_80020_candidate_43_after.tif
candidates/incident_80020/candidate_43/incident_80020_candidate_43_before.tif
candidates/incident_80020/candidate_43/incident_80020_candidate_43_slope.tif
candidates/incident_80020/candidate_43/incident_80020_candidate_43_mask.tif
candidates/incident_80020/candidate_44/incident_80020_candidate_44_after.tif
candidates/incident_80020/candidate_44/incident_80020_candidate_44_before.tif
candidates/incident_80020/candidate_44/incident_80020_candidate_44_slope.tif
candidates/incident_80020/candidate_44/incident_80020_candidate_44_mask.tif
candidates/incident_80020/candidate_45/incident_80020_candidate_45_after.tif
candidates/incident_80020/candidate_45/incident_80020_candidate_45_before.tif
candidates/incident_80020/candidate_45/incident_80020_candidate_45_mask.tif
candidates/incident_80020/candidate_45/incident_80020_candidate_45_slope.tif
candidates/incident_80020/candidate_46/incident_80020_candidate_46_mask.tif
candidates/incident_80020/candidate_46/incident_80020_candidate_46_slope.tif
candidates/incident_80020/candidate_46/incident_80020_candidate_46_after.tif
candidates/incident_80020/candidate_46/incident_80020_candidate_46_before.tif
candidates/incident_80020/candidate_47/incident_80020_candidate_47_mask.tif
candidates/incident_80020/candidate_47/incident_80020_candidate_47_before.tif
candidates/incident_80020/candidate_47/incident_80020_candidate_47_slope.tif
candidates/incident_80020/candidate_47/incident_80020_candidate_47_after.tif
candidates/incident_80020/candidate_48/incident_80020_candidate_48_after.tif
candidates/incident_80020/candidate_48/incident_80020_candidate_48_before.tif
candidates/incident_80020/candidate_48/incident_80020_candidate_48_slope.tif
candidates/incident_80020/candidate_48/incident_80020_candidate_48_mask.tif
candidates/incident_80020/candidate_49/incident_80020_candidate_49_after.tif
candidates/incident_80020/candidate_49/incident_80020_candidate_49_mask.tif
candidates/incident_80020/candidate_49/incident_80020_candidate_49_before.tif
candidates/incident_80020/candidate_49/incident_80020_candidate_49_slope.tif
candidates/incident_80020/candidate_5/incident_80020_candidate_5_before.tif
candidates/incident_80020/candidate_5/incident_80020_candidate_5_mask.tif
candidates/incident_80020/candidate_5/incident_80020_candidate_5_slope.tif
candidates/incident_80020/candidate_50/incident_80020_candidate_50_after.tif
candidates/incident_80020/candidate_50/incident_80020_candidate_50_before.tif
candidates/incident_80020/candidate_5/incident_80020_candidate_5_after.tif
candidates/incident_80020/candidate_50/incident_80020_candidate_50_slope.tif
candidates/incident_80020/candidate_50/incident_80020_candidate_50_mask.tif
candidates/incident_80020/candidate_51/incident_80020_candidate_51_before.tif
candidates/incident_80020/candidate_51/incident_80020_candidate_51_mask.tif
candidates/incident_80020/candidate_51/incident_80020_candidate_51_after.tif
candidates/incident_80020/candidate_51/incident_80020_candidate_51_slope.tif
candidates/incident_80020/candidate_52/incident_80020_candidate_52_slope.tif
candidates/incident_80020/candidate_52/incident_80020_candidate_52_mask.tif
candidates/incident_80020/candidate_52/incident_80020_candidate_52_after.tif
candidates/incident_80020/candidate_6/incident_80020_candidate_6_mask.tif
candidates/incident_80020/candidate_52/incident_80020_candidate_52_before.tif
candidates/incident_80020/candidate_6/incident_80020_candidate_6_before.tif
candidates/incident_80020/candidate_6/incident_80020_candidate_6_slope.tif
candidates/incident_80020/candidate_6/incident_80020_candidate_6_after.tif
candidates/incident_80020/candidate_7/incident_80020_candidate_7_after.tif
candidates/incident_80020/candidate_7/incident_80020_candidate_7_before.tif
candidates/incident_80020/candidate_7/incident_80020_candidate_7_mask.tif
candidates/incident_80020/candidate_7/incident_80020_candidate_7_slope.tif
candidates/incident_80020/candidate_8/incident_80020_candidate_8_after.tif
candidates/incident_80020/candidate_8/incident_80020_candidate_8_mask.tif
candidates/incident_80020/candidate_8/incident_80020_candidate_8_slope.tif
candidates/incident_80020/candidate_8/incident_80020_candidate_8_before.tif
candidates/incident_80020/candidate_9/incident_80020_candidate_9_after.tif
candidates/incident_80020/candidate_9/incident_80020_candidate_9_mask.tif
candidates/incident_80020/candidate_9/incident_80020_candidate_9_slope.tif
candidates/incident_80020/candidate_9/incident_80020_candidate_9_before.tif
candidates/incident_80047/candidate_1/incident_80047_candidate_1_before.tif
candidates/incident_80047/candidate_1/incident_80047_candidate_1_slope.tif
candidates/incident_80047/candidate_1/incident_80047_candidate_1_mask.tif
candidates/incident_80047/candidate_10/incident_80047_candidate_10_mask.tif
candidates/incident_80047/candidate_10/incident_80047_candidate_10_before.tif
candidates/incident_80047/candidate_1/incident_80047_candidate_1_after.tif
candidates/incident_80047/candidate_10/incident_80047_candidate_10_slope.tif
candidates/incident_80047/candidate_11/incident_80047_candidate_11_after.tif
candidates/incident_80047/candidate_10/incident_80047_candidate_10_after.tif
candidates/incident_80047/candidate_11/incident_80047_candidate_11_before.tif
candidates/incident_80047/candidate_11/incident_80047_candidate_11_mask.tif
candidates/incident_80047/candidate_11/incident_80047_candidate_11_slope.tif
candidates/incident_80047/candidate_12/incident_80047_candidate_12_after.tif
candidates/incident_80047/candidate_12/incident_80047_candidate_12_mask.tif
candidates/incident_80047/candidate_12/incident_80047_candidate_12_before.tif
candidates/incident_80047/candidate_13/incident_80047_candidate_13_after.tif
candidates/incident_80047/candidate_13/incident_80047_candidate_13_before.tif
candidates/incident_80047/candidate_13/incident_80047_candidate_13_mask.tif
candidates/incident_80047/candidate_12/incident_80047_candidate_12_slope.tif
candidates/incident_80047/candidate_14/incident_80047_candidate_14_after.tif
candidates/incident_80047/candidate_13/incident_80047_candidate_13_slope.tif
candidates/incident_80047/candidate_14/incident_80047_candidate_14_mask.tif
candidates/incident_80047/candidate_14/incident_80047_candidate_14_slope.tif
candidates/incident_80047/candidate_14/incident_80047_candidate_14_before.tif
candidates/incident_80047/candidate_15/incident_80047_candidate_15_after.tif
candidates/incident_80047/candidate_15/incident_80047_candidate_15_mask.tif
candidates/incident_80047/candidate_15/incident_80047_candidate_15_slope.tif
candidates/incident_80047/candidate_15/incident_80047_candidate_15_before.tif
candidates/incident_80047/candidate_16/incident_80047_candidate_16_after.tif
candidates/incident_80047/candidate_16/incident_80047_candidate_16_before.tif
candidates/incident_80047/candidate_16/incident_80047_candidate_16_mask.tif
candidates/incident_80047/candidate_16/incident_80047_candidate_16_slope.tif
candidates/incident_80047/candidate_17/incident_80047_candidate_17_after.tif
candidates/incident_80047/candidate_17/incident_80047_candidate_17_before.tif
candidates/incident_80047/candidate_17/incident_80047_candidate_17_mask.tif
candidates/incident_80047/candidate_17/incident_80047_candidate_17_slope.tif
candidates/incident_80047/candidate_18/incident_80047_candidate_18_after.tif
candidates/incident_80047/candidate_18/incident_80047_candidate_18_before.tif
candidates/incident_80047/candidate_18/incident_80047_candidate_18_slope.tif
candidates/incident_80047/candidate_18/incident_80047_candidate_18_mask.tif
candidates/incident_80047/candidate_19/incident_80047_candidate_19_after.tif
candidates/incident_80047/candidate_19/incident_80047_candidate_19_mask.tif
candidates/incident_80047/candidate_19/incident_80047_candidate_19_before.tif
candidates/incident_80047/candidate_19/incident_80047_candidate_19_slope.tif
candidates/incident_80047/candidate_2/incident_80047_candidate_2_before.tif
candidates/incident_80047/candidate_2/incident_80047_candidate_2_slope.tif
candidates/incident_80047/candidate_2/incident_80047_candidate_2_mask.tif
candidates/incident_80047/candidate_2/incident_80047_candidate_2_after.tif
candidates/incident_80047/candidate_20/incident_80047_candidate_20_after.tif
candidates/incident_80047/candidate_20/incident_80047_candidate_20_mask.tif
candidates/incident_80047/candidate_20/incident_80047_candidate_20_slope.tif
candidates/incident_80047/candidate_20/incident_80047_candidate_20_before.tif
candidates/incident_80047/candidate_21/incident_80047_candidate_21_before.tif
candidates/incident_80047/candidate_21/incident_80047_candidate_21_mask.tif
candidates/incident_80047/candidate_21/incident_80047_candidate_21_slope.tif
candidates/incident_80047/candidate_22/incident_80047_candidate_22_after.tif
candidates/incident_80047/candidate_21/incident_80047_candidate_21_after.tif
candidates/incident_80047/candidate_22/incident_80047_candidate_22_mask.tif
candidates/incident_80047/candidate_22/incident_80047_candidate_22_slope.tif
candidates/incident_80047/candidate_22/incident_80047_candidate_22_before.tif
candidates/incident_80047/candidate_23/incident_80047_candidate_23_slope.tif
candidates/incident_80047/candidate_23/incident_80047_candidate_23_mask.tif
candidates/incident_80047/candidate_23/incident_80047_candidate_23_before.tif
candidates/incident_80047/candidate_23/incident_80047_candidate_23_after.tif
candidates/incident_80047/candidate_24/incident_80047_candidate_24_before.tif
candidates/incident_80047/candidate_24/incident_80047_candidate_24_slope.tif
candidates/incident_80047/candidate_24/incident_80047_candidate_24_mask.tif
candidates/incident_80047/candidate_24/incident_80047_candidate_24_after.tif
candidates/incident_80047/candidate_25/incident_80047_candidate_25_after.tif
candidates/incident_80047/candidate_25/incident_80047_candidate_25_mask.tif
candidates/incident_80047/candidate_25/incident_80047_candidate_25_before.tif
candidates/incident_80047/candidate_25/incident_80047_candidate_25_slope.tif
candidates/incident_80047/candidate_26/incident_80047_candidate_26_after.tif
candidates/incident_80047/candidate_26/incident_80047_candidate_26_mask.tif
candidates/incident_80047/candidate_26/incident_80047_candidate_26_slope.tif
candidates/incident_80047/candidate_26/incident_80047_candidate_26_before.tif
candidates/incident_80047/candidate_27/incident_80047_candidate_27_before.tif
candidates/incident_80047/candidate_27/incident_80047_candidate_27_after.tif
candidates/incident_80047/candidate_27/incident_80047_candidate_27_mask.tif
candidates/incident_80047/candidate_27/incident_80047_candidate_27_slope.tif
candidates/incident_80047/candidate_3/incident_80047_candidate_3_mask.tif
candidates/incident_80047/candidate_3/incident_80047_candidate_3_after.tif
candidates/incident_80047/candidate_3/incident_80047_candidate_3_slope.tif
candidates/incident_80047/candidate_3/incident_80047_candidate_3_before.tif
candidates/incident_80047/candidate_4/incident_80047_candidate_4_mask.tif
candidates/incident_80047/candidate_4/incident_80047_candidate_4_after.tif
candidates/incident_80047/candidate_4/incident_80047_candidate_4_slope.tif
candidates/incident_80047/candidate_5/incident_80047_candidate_5_before.tif
candidates/incident_80047/candidate_5/incident_80047_candidate_5_after.tif
candidates/incident_80047/candidate_5/incident_80047_candidate_5_mask.tif
candidates/incident_80047/candidate_4/incident_80047_candidate_4_before.tif
candidates/incident_80047/candidate_5/incident_80047_candidate_5_slope.tif
candidates/incident_80047/candidate_6/incident_80047_candidate_6_before.tif
candidates/incident_80047/candidate_6/incident_80047_candidate_6_mask.tif
candidates/incident_80047/candidate_6/incident_80047_candidate_6_slope.tif
candidates/incident_80047/candidate_7/incident_80047_candidate_7_after.tif
candidates/incident_80047/candidate_7/incident_80047_candidate_7_slope.tif
candidates/incident_80047/candidate_7/incident_80047_candidate_7_mask.tif
candidates/incident_80047/candidate_6/incident_80047_candidate_6_after.tif
candidates/incident_80047/candidate_7/incident_80047_candidate_7_before.tif
candidates/incident_80047/candidate_8/incident_80047_candidate_8_after.tif
candidates/incident_80047/candidate_8/incident_80047_candidate_8_before.tif
candidates/incident_80047/candidate_8/incident_80047_candidate_8_mask.tif
candidates/incident_80047/candidate_8/incident_80047_candidate_8_slope.tif
candidates/incident_80047/candidate_9/incident_80047_candidate_9_before.tif
candidates/incident_80047/candidate_9/incident_80047_candidate_9_after.tif
candidates/incident_80047/candidate_9/incident_80047_candidate_9_mask.tif
candidates/incident_80054/candidate_1/incident_80054_candidate_1_mask.tif
candidates/incident_80054/candidate_1/incident_80054_candidate_1_slope.tif
candidates/incident_80047/candidate_9/incident_80047_candidate_9_slope.tif
candidates/incident_80054/candidate_10/incident_80054_candidate_10_mask.tif
candidates/incident_80054/candidate_1/incident_80054_candidate_1_after.tif
candidates/incident_80054/candidate_1/incident_80054_candidate_1_before.tif
candidates/incident_80054/candidate_10/incident_80054_candidate_10_before.tif
candidates/incident_80054/candidate_10/incident_80054_candidate_10_slope.tif
candidates/incident_80054/candidate_10/incident_80054_candidate_10_after.tif
candidates/incident_80054/candidate_11/incident_80054_candidate_11_mask.tif
candidates/incident_80054/candidate_11/incident_80054_candidate_11_before.tif
candidates/incident_80054/candidate_11/incident_80054_candidate_11_after.tif
candidates/incident_80054/candidate_11/incident_80054_candidate_11_slope.tif
candidates/incident_80054/candidate_12/incident_80054_candidate_12_slope.tif
candidates/incident_80054/candidate_12/incident_80054_candidate_12_mask.tif
candidates/incident_80054/candidate_12/incident_80054_candidate_12_after.tif
candidates/incident_80054/candidate_13/incident_80054_candidate_13_mask.tif
candidates/incident_80054/candidate_13/incident_80054_candidate_13_slope.tif
candidates/incident_80054/candidate_13/incident_80054_candidate_13_after.tif
candidates/incident_80054/candidate_13/incident_80054_candidate_13_before.tif
candidates/incident_80054/candidate_14/incident_80054_candidate_14_mask.tif
candidates/incident_80054/candidate_14/incident_80054_candidate_14_slope.tif
candidates/incident_80054/candidate_12/incident_80054_candidate_12_before.tif
candidates/incident_80054/candidate_14/incident_80054_candidate_14_before.tif
candidates/incident_80054/candidate_15/incident_80054_candidate_15_mask.tif
candidates/incident_80054/candidate_15/incident_80054_candidate_15_after.tif
candidates/incident_80054/candidate_15/incident_80054_candidate_15_slope.tif
candidates/incident_80054/candidate_14/incident_80054_candidate_14_after.tif
candidates/incident_80054/candidate_15/incident_80054_candidate_15_before.tif
candidates/incident_80054/candidate_16/incident_80054_candidate_16_mask.tif
candidates/incident_80054/candidate_16/incident_80054_candidate_16_after.tif
candidates/incident_80054/candidate_16/incident_80054_candidate_16_slope.tif
candidates/incident_80054/candidate_17/incident_80054_candidate_17_slope.tif
candidates/incident_80054/candidate_17/incident_80054_candidate_17_mask.tif
candidates/incident_80054/candidate_17/incident_80054_candidate_17_after.tif
candidates/incident_80054/candidate_16/incident_80054_candidate_16_before.tif
candidates/incident_80054/candidate_17/incident_80054_candidate_17_before.tif
candidates/incident_80054/candidate_18/incident_80054_candidate_18_mask.tif
candidates/incident_80054/candidate_2/incident_80054_candidate_2_after.tif
candidates/incident_80054/candidate_18/incident_80054_candidate_18_slope.tif
candidates/incident_80054/candidate_19/incident_80054_candidate_19_mask.tif
candidates/incident_80054/candidate_2/incident_80054_candidate_2_before.tif
candidates/incident_80054/candidate_18/incident_80054_candidate_18_after.tif
candidates/incident_80054/candidate_19/incident_80054_candidate_19_after.tif
candidates/incident_80054/candidate_18/incident_80054_candidate_18_before.tif
candidates/incident_80054/candidate_19/incident_80054_candidate_19_slope.tif
candidates/incident_80054/candidate_2/incident_80054_candidate_2_slope.tif
candidates/incident_80054/candidate_19/incident_80054_candidate_19_before.tif
candidates/incident_80054/candidate_2/incident_80054_candidate_2_mask.tif
candidates/incident_80054/candidate_20/incident_80054_candidate_20_mask.tif
candidates/incident_80054/candidate_20/incident_80054_candidate_20_slope.tif
candidates/incident_80054/candidate_20/incident_80054_candidate_20_before.tif
candidates/incident_80054/candidate_21/incident_80054_candidate_21_mask.tif
candidates/incident_80054/candidate_20/incident_80054_candidate_20_after.tif
candidates/incident_80054/candidate_21/incident_80054_candidate_21_slope.tif
candidates/incident_80054/candidate_22/incident_80054_candidate_22_mask.tif
candidates/incident_80054/candidate_22/incident_80054_candidate_22_slope.tif
candidates/incident_80054/candidate_22/incident_80054_candidate_22_before.tif
candidates/incident_80054/candidate_21/incident_80054_candidate_21_before.tif
candidates/incident_80054/candidate_22/incident_80054_candidate_22_after.tif
candidates/incident_80054/candidate_21/incident_80054_candidate_21_after.tif
candidates/incident_80054/candidate_23/incident_80054_candidate_23_after.tif
candidates/incident_80054/candidate_23/incident_80054_candidate_23_mask.tif
candidates/incident_80054/candidate_23/incident_80054_candidate_23_slope.tif
candidates/incident_80054/candidate_23/incident_80054_candidate_23_before.tif
candidates/incident_80054/candidate_24/incident_80054_candidate_24_slope.tif
candidates/incident_80054/candidate_24/incident_80054_candidate_24_mask.tif
candidates/incident_80054/candidate_24/incident_80054_candidate_24_before.tif
candidates/incident_80054/candidate_25/incident_80054_candidate_25_mask.tif
candidates/incident_80054/candidate_25/incident_80054_candidate_25_slope.tif
candidates/incident_80054/candidate_25/incident_80054_candidate_25_after.tif
candidates/incident_80054/candidate_3/incident_80054_candidate_3_mask.tif
candidates/incident_80054/candidate_24/incident_80054_candidate_24_after.tif
candidates/incident_80054/candidate_3/incident_80054_candidate_3_after.tif
candidates/incident_80054/candidate_3/incident_80054_candidate_3_slope.tif
candidates/incident_80054/candidate_25/incident_80054_candidate_25_before.tif
candidates/incident_80054/candidate_3/incident_80054_candidate_3_before.tif
candidates/incident_80054/candidate_4/incident_80054_candidate_4_after.tif
candidates/incident_80054/candidate_4/incident_80054_candidate_4_mask.tif
candidates/incident_80054/candidate_4/incident_80054_candidate_4_slope.tif
candidates/incident_80054/candidate_5/incident_80054_candidate_5_mask.tif
candidates/incident_80054/candidate_5/incident_80054_candidate_5_slope.tif
candidates/incident_80054/candidate_5/incident_80054_candidate_5_after.tif
candidates/incident_80054/candidate_6/incident_80054_candidate_6_mask.tif
candidates/incident_80054/candidate_5/incident_80054_candidate_5_before.tif
candidates/incident_80054/candidate_4/incident_80054_candidate_4_before.tif
candidates/incident_80054/candidate_6/incident_80054_candidate_6_slope.tif
candidates/incident_80054/candidate_6/incident_80054_candidate_6_before.tif
candidates/incident_80054/candidate_7/incident_80054_candidate_7_mask.tif
candidates/incident_80054/candidate_6/incident_80054_candidate_6_after.tif
candidates/incident_80054/candidate_7/incident_80054_candidate_7_slope.tif
candidates/incident_80054/candidate_7/incident_80054_candidate_7_after.tif
candidates/incident_80054/candidate_7/incident_80054_candidate_7_before.tif
candidates/incident_80054/candidate_8/incident_80054_candidate_8_mask.tif
candidates/incident_80054/candidate_8/incident_80054_candidate_8_after.tif
candidates/incident_80054/candidate_8/incident_80054_candidate_8_before.tif
candidates/incident_80054/candidate_8/incident_80054_candidate_8_slope.tif
candidates/incident_80054/candidate_9/incident_80054_candidate_9_mask.tif
candidates/incident_80054/candidate_9/incident_80054_candidate_9_slope.tif
candidates/incident_80054/candidate_9/incident_80054_candidate_9_after.tif
candidates/incident_80091/candidate_1/incident_80091_candidate_1_mask.tif
candidates/incident_80054/candidate_9/incident_80054_candidate_9_before.tif
candidates/incident_80091/candidate_1/incident_80091_candidate_1_slope.tif
candidates/incident_80091/candidate_1/incident_80091_candidate_1_before.tif
candidates/incident_80091/candidate_10/incident_80091_candidate_10_mask.tif
candidates/incident_80091/candidate_10/incident_80091_candidate_10_after.tif
candidates/incident_80091/candidate_10/incident_80091_candidate_10_before.tif
candidates/incident_80091/candidate_1/incident_80091_candidate_1_after.tif
candidates/incident_80091/candidate_10/incident_80091_candidate_10_slope.tif
candidates/incident_80091/candidate_11/incident_80091_candidate_11_before.tif
candidates/incident_80091/candidate_11/incident_80091_candidate_11_after.tif
candidates/incident_80091/candidate_11/incident_80091_candidate_11_mask.tif
candidates/incident_80091/candidate_12/incident_80091_candidate_12_before.tif
candidates/incident_80091/candidate_12/incident_80091_candidate_12_after.tif
candidates/incident_80091/candidate_12/incident_80091_candidate_12_mask.tif
candidates/incident_80091/candidate_11/incident_80091_candidate_11_slope.tif
candidates/incident_80091/candidate_12/incident_80091_candidate_12_slope.tif
candidates/incident_80091/candidate_13/incident_80091_candidate_13_after.tif
candidates/incident_80091/candidate_13/incident_80091_candidate_13_before.tif
candidates/incident_80091/candidate_13/incident_80091_candidate_13_mask.tif
candidates/incident_80091/candidate_14/incident_80091_candidate_14_after.tif
candidates/incident_80091/candidate_13/incident_80091_candidate_13_slope.tif
candidates/incident_80091/candidate_14/incident_80091_candidate_14_mask.tif
candidates/incident_80091/candidate_14/incident_80091_candidate_14_slope.tif
candidates/incident_80091/candidate_15/incident_80091_candidate_15_after.tif
candidates/incident_80091/candidate_15/incident_80091_candidate_15_mask.tif
candidates/incident_80091/candidate_15/incident_80091_candidate_15_before.tif
candidates/incident_80091/candidate_14/incident_80091_candidate_14_before.tif
candidates/incident_80091/candidate_15/incident_80091_candidate_15_slope.tif
candidates/incident_80091/candidate_16/incident_80091_candidate_16_after.tif
candidates/incident_80091/candidate_16/incident_80091_candidate_16_before.tif
candidates/incident_80091/candidate_16/incident_80091_candidate_16_mask.tif
candidates/incident_80091/candidate_16/incident_80091_candidate_16_slope.tif
candidates/incident_80091/candidate_17/incident_80091_candidate_17_mask.tif
candidates/incident_80091/candidate_17/incident_80091_candidate_17_slope.tif
candidates/incident_80091/candidate_17/incident_80091_candidate_17_after.tif
candidates/incident_80091/candidate_18/incident_80091_candidate_18_after.tif
candidates/incident_80091/candidate_17/incident_80091_candidate_17_before.tif
candidates/incident_80091/candidate_18/incident_80091_candidate_18_before.tif
candidates/incident_80091/candidate_18/incident_80091_candidate_18_mask.tif
candidates/incident_80091/candidate_18/incident_80091_candidate_18_slope.tif
candidates/incident_80091/candidate_19/incident_80091_candidate_19_after.tif
candidates/incident_80091/candidate_19/incident_80091_candidate_19_mask.tif
candidates/incident_80091/candidate_19/incident_80091_candidate_19_slope.tif
candidates/incident_80091/candidate_2/incident_80091_candidate_2_after.tif
candidates/incident_80091/candidate_2/incident_80091_candidate_2_mask.tif
candidates/incident_80091/candidate_2/incident_80091_candidate_2_slope.tif
candidates/incident_80091/candidate_19/incident_80091_candidate_19_before.tif
candidates/incident_80091/candidate_20/incident_80091_candidate_20_after.tif
candidates/incident_80091/candidate_20/incident_80091_candidate_20_slope.tif
candidates/incident_80091/candidate_20/incident_80091_candidate_20_mask.tif
candidates/incident_80091/candidate_20/incident_80091_candidate_20_before.tif
candidates/incident_80091/candidate_2/incident_80091_candidate_2_before.tif
candidates/incident_80091/candidate_21/incident_80091_candidate_21_before.tif
candidates/incident_80091/candidate_21/incident_80091_candidate_21_after.tif
candidates/incident_80091/candidate_21/incident_80091_candidate_21_mask.tif
candidates/incident_80091/candidate_21/incident_80091_candidate_21_slope.tif
candidates/incident_80091/candidate_22/incident_80091_candidate_22_slope.tif
candidates/incident_80091/candidate_22/incident_80091_candidate_22_before.tif
candidates/incident_80091/candidate_22/incident_80091_candidate_22_after.tif
candidates/incident_80091/candidate_22/incident_80091_candidate_22_mask.tif
candidates/incident_80091/candidate_23/incident_80091_candidate_23_before.tif
candidates/incident_80091/candidate_23/incident_80091_candidate_23_slope.tif
candidates/incident_80091/candidate_23/incident_80091_candidate_23_mask.tif
candidates/incident_80091/candidate_24/incident_80091_candidate_24_after.tif
candidates/incident_80091/candidate_23/incident_80091_candidate_23_after.tif
candidates/incident_80091/candidate_24/incident_80091_candidate_24_mask.tif
candidates/incident_80091/candidate_24/incident_80091_candidate_24_before.tif
candidates/incident_80091/candidate_24/incident_80091_candidate_24_slope.tif
candidates/incident_80091/candidate_25/incident_80091_candidate_25_mask.tif
candidates/incident_80091/candidate_25/incident_80091_candidate_25_after.tif
candidates/incident_80091/candidate_25/incident_80091_candidate_25_before.tif
candidates/incident_80091/candidate_26/incident_80091_candidate_26_mask.tif
candidates/incident_80091/candidate_25/incident_80091_candidate_25_slope.tif
candidates/incident_80091/candidate_26/incident_80091_candidate_26_slope.tif
candidates/incident_80091/candidate_26/incident_80091_candidate_26_after.tif
candidates/incident_80091/candidate_27/incident_80091_candidate_27_after.tif
candidates/incident_80091/candidate_27/incident_80091_candidate_27_mask.tif
candidates/incident_80091/candidate_26/incident_80091_candidate_26_before.tif
candidates/incident_80091/candidate_27/incident_80091_candidate_27_slope.tif
candidates/incident_80091/candidate_28/incident_80091_candidate_28_after.tif
candidates/incident_80091/candidate_27/incident_80091_candidate_27_before.tif
candidates/incident_80091/candidate_28/incident_80091_candidate_28_mask.tif
candidates/incident_80091/candidate_28/incident_80091_candidate_28_before.tif
candidates/incident_80091/candidate_28/incident_80091_candidate_28_slope.tif
candidates/incident_80091/candidate_29/incident_80091_candidate_29_after.tif
candidates/incident_80091/candidate_29/incident_80091_candidate_29_mask.tif
candidates/incident_80091/candidate_29/incident_80091_candidate_29_slope.tif
candidates/incident_80091/candidate_3/incident_80091_candidate_3_after.tif
candidates/incident_80091/candidate_3/incident_80091_candidate_3_before.tif
candidates/incident_80091/candidate_29/incident_80091_candidate_29_before.tif
candidates/incident_80091/candidate_3/incident_80091_candidate_3_slope.tif
candidates/incident_80091/candidate_3/incident_80091_candidate_3_mask.tif
candidates/incident_80091/candidate_30/incident_80091_candidate_30_before.tif
candidates/incident_80091/candidate_30/incident_80091_candidate_30_mask.tif
candidates/incident_80091/candidate_30/incident_80091_candidate_30_slope.tif
candidates/incident_80091/candidate_31/incident_80091_candidate_31_after.tif
candidates/incident_80091/candidate_30/incident_80091_candidate_30_after.tif
candidates/incident_80091/candidate_31/incident_80091_candidate_31_mask.tif
candidates/incident_80091/candidate_31/incident_80091_candidate_31_before.tif
candidates/incident_80091/candidate_31/incident_80091_candidate_31_slope.tif
candidates/incident_80091/candidate_32/incident_80091_candidate_32_before.tif
candidates/incident_80091/candidate_32/incident_80091_candidate_32_mask.tif
candidates/incident_80091/candidate_32/incident_80091_candidate_32_slope.tif
candidates/incident_80091/candidate_33/incident_80091_candidate_33_mask.tif
candidates/incident_80091/candidate_33/incident_80091_candidate_33_before.tif
candidates/incident_80091/candidate_33/incident_80091_candidate_33_after.tif
candidates/incident_80091/candidate_32/incident_80091_candidate_32_after.tif
candidates/incident_80091/candidate_33/incident_80091_candidate_33_slope.tif
candidates/incident_80091/candidate_34/incident_80091_candidate_34_after.tif
candidates/incident_80091/candidate_34/incident_80091_candidate_34_before.tif
candidates/incident_80091/candidate_34/incident_80091_candidate_34_slope.tif
candidates/incident_80091/candidate_35/incident_80091_candidate_35_before.tif
candidates/incident_80091/candidate_35/incident_80091_candidate_35_after.tif
candidates/incident_80091/candidate_34/incident_80091_candidate_34_mask.tif
candidates/incident_80091/candidate_35/incident_80091_candidate_35_mask.tif
candidates/incident_80091/candidate_35/incident_80091_candidate_35_slope.tif
candidates/incident_80091/candidate_36/incident_80091_candidate_36_after.tif
candidates/incident_80091/candidate_36/incident_80091_candidate_36_mask.tif
candidates/incident_80091/candidate_36/incident_80091_candidate_36_slope.tif
candidates/incident_80091/candidate_37/incident_80091_candidate_37_after.tif
candidates/incident_80091/candidate_36/incident_80091_candidate_36_before.tif
candidates/incident_80091/candidate_37/incident_80091_candidate_37_before.tif
candidates/incident_80091/candidate_37/incident_80091_candidate_37_mask.tif
candidates/incident_80091/candidate_37/incident_80091_candidate_37_slope.tif
candidates/incident_80091/candidate_38/incident_80091_candidate_38_before.tif
candidates/incident_80091/candidate_38/incident_80091_candidate_38_slope.tif
candidates/incident_80091/candidate_39/incident_80091_candidate_39_after.tif
candidates/incident_80091/candidate_39/incident_80091_candidate_39_before.tif
candidates/incident_80091/candidate_39/incident_80091_candidate_39_mask.tif
candidates/incident_80091/candidate_38/incident_80091_candidate_38_mask.tif
candidates/incident_80091/candidate_38/incident_80091_candidate_38_after.tif
candidates/incident_80091/candidate_39/incident_80091_candidate_39_slope.tif
candidates/incident_80091/candidate_4/incident_80091_candidate_4_mask.tif
candidates/incident_80091/candidate_4/incident_80091_candidate_4_slope.tif
candidates/incident_80091/candidate_4/incident_80091_candidate_4_after.tif
candidates/incident_80091/candidate_40/incident_80091_candidate_40_after.tif
candidates/incident_80091/candidate_4/incident_80091_candidate_4_before.tif
candidates/incident_80091/candidate_40/incident_80091_candidate_40_before.tif
candidates/incident_80091/candidate_40/incident_80091_candidate_40_mask.tif
candidates/incident_80091/candidate_40/incident_80091_candidate_40_slope.tif
candidates/incident_80091/candidate_41/incident_80091_candidate_41_after.tif
candidates/incident_80091/candidate_41/incident_80091_candidate_41_before.tif
candidates/incident_80091/candidate_41/incident_80091_candidate_41_slope.tif
candidates/incident_80091/candidate_41/incident_80091_candidate_41_mask.tif
candidates/incident_80091/candidate_42/incident_80091_candidate_42_before.tif
candidates/incident_80091/candidate_42/incident_80091_candidate_42_mask.tif
candidates/incident_80091/candidate_42/incident_80091_candidate_42_slope.tif
candidates/incident_80091/candidate_42/incident_80091_candidate_42_after.tif
candidates/incident_80091/candidate_43/incident_80091_candidate_43_slope.tif
candidates/incident_80091/candidate_43/incident_80091_candidate_43_mask.tif
candidates/incident_80091/candidate_43/incident_80091_candidate_43_before.tif
candidates/incident_80091/candidate_44/incident_80091_candidate_44_after.tif
candidates/incident_80091/candidate_44/incident_80091_candidate_44_mask.tif
candidates/incident_80091/candidate_43/incident_80091_candidate_43_after.tif
candidates/incident_80091/candidate_44/incident_80091_candidate_44_slope.tif
candidates/incident_80091/candidate_44/incident_80091_candidate_44_before.tif
candidates/incident_80091/candidate_45/incident_80091_candidate_45_after.tif
candidates/incident_80091/candidate_45/incident_80091_candidate_45_mask.tif
candidates/incident_80091/candidate_45/incident_80091_candidate_45_slope.tif
candidates/incident_80091/candidate_45/incident_80091_candidate_45_before.tif
candidates/incident_80091/candidate_46/incident_80091_candidate_46_after.tif
candidates/incident_80091/candidate_46/incident_80091_candidate_46_before.tif
candidates/incident_80091/candidate_46/incident_80091_candidate_46_mask.tif
candidates/incident_80091/candidate_46/incident_80091_candidate_46_slope.tif
candidates/incident_80091/candidate_47/incident_80091_candidate_47_after.tif
candidates/incident_80091/candidate_47/incident_80091_candidate_47_before.tif
candidates/incident_80091/candidate_47/incident_80091_candidate_47_mask.tif
candidates/incident_80091/candidate_48/incident_80091_candidate_48_after.tif
candidates/incident_80091/candidate_48/incident_80091_candidate_48_before.tif
candidates/incident_80091/candidate_47/incident_80091_candidate_47_slope.tif
candidates/incident_80091/candidate_48/incident_80091_candidate_48_mask.tif
candidates/incident_80091/candidate_48/incident_80091_candidate_48_slope.tif
candidates/incident_80091/candidate_49/incident_80091_candidate_49_after.tif
candidates/incident_80091/candidate_49/incident_80091_candidate_49_mask.tif
candidates/incident_80091/candidate_49/incident_80091_candidate_49_slope.tif
candidates/incident_80091/candidate_5/incident_80091_candidate_5_after.tif
candidates/incident_80091/candidate_5/incident_80091_candidate_5_before.tif
candidates/incident_80091/candidate_5/incident_80091_candidate_5_mask.tif
candidates/incident_80091/candidate_49/incident_80091_candidate_49_before.tif
candidates/incident_80091/candidate_5/incident_80091_candidate_5_slope.tif
candidates/incident_80091/candidate_50/incident_80091_candidate_50_after.tif
candidates/incident_80091/candidate_50/incident_80091_candidate_50_before.tif
candidates/incident_80091/candidate_50/incident_80091_candidate_50_mask.tif
candidates/incident_80091/candidate_50/incident_80091_candidate_50_slope.tif
candidates/incident_80091/candidate_51/incident_80091_candidate_51_after.tif
candidates/incident_80091/candidate_51/incident_80091_candidate_51_mask.tif
candidates/incident_80091/candidate_51/incident_80091_candidate_51_slope.tif
candidates/incident_80091/candidate_51/incident_80091_candidate_51_before.tif
candidates/incident_80091/candidate_52/incident_80091_candidate_52_after.tif
candidates/incident_80091/candidate_52/incident_80091_candidate_52_before.tif
candidates/incident_80091/candidate_52/incident_80091_candidate_52_mask.tif
candidates/incident_80091/candidate_52/incident_80091_candidate_52_slope.tif
candidates/incident_80091/candidate_53/incident_80091_candidate_53_after.tif
candidates/incident_80091/candidate_53/incident_80091_candidate_53_before.tif
candidates/incident_80091/candidate_53/incident_80091_candidate_53_slope.tif
candidates/incident_80091/candidate_53/incident_80091_candidate_53_mask.tif
candidates/incident_80091/candidate_54/incident_80091_candidate_54_after.tif
candidates/incident_80091/candidate_54/incident_80091_candidate_54_before.tif
candidates/incident_80091/candidate_54/incident_80091_candidate_54_mask.tif
candidates/incident_80091/candidate_55/incident_80091_candidate_55_before.tif
candidates/incident_80091/candidate_55/incident_80091_candidate_55_mask.tif
candidates/incident_80091/candidate_55/incident_80091_candidate_55_after.tif
candidates/incident_80091/candidate_54/incident_80091_candidate_54_slope.tif
candidates/incident_80091/candidate_55/incident_80091_candidate_55_slope.tif
candidates/incident_80091/candidate_56/incident_80091_candidate_56_after.tif
candidates/incident_80091/candidate_56/incident_80091_candidate_56_before.tif
candidates/incident_80091/candidate_56/incident_80091_candidate_56_mask.tif
candidates/incident_80091/candidate_56/incident_80091_candidate_56_slope.tif
candidates/incident_80091/candidate_57/incident_80091_candidate_57_slope.tif
candidates/incident_80091/candidate_57/incident_80091_candidate_57_mask.tif
candidates/incident_80091/candidate_57/incident_80091_candidate_57_after.tif
candidates/incident_80091/candidate_57/incident_80091_candidate_57_before.tif
candidates/incident_80091/candidate_58/incident_80091_candidate_58_after.tif
candidates/incident_80091/candidate_58/incident_80091_candidate_58_mask.tif
candidates/incident_80091/candidate_58/incident_80091_candidate_58_before.tif
candidates/incident_80091/candidate_58/incident_80091_candidate_58_slope.tif
candidates/incident_80091/candidate_59/incident_80091_candidate_59_after.tif
candidates/incident_80091/candidate_59/incident_80091_candidate_59_before.tif
candidates/incident_80091/candidate_59/incident_80091_candidate_59_mask.tif
candidates/incident_80091/candidate_59/incident_80091_candidate_59_slope.tif
candidates/incident_80091/candidate_6/incident_80091_candidate_6_after.tif
candidates/incident_80091/candidate_6/incident_80091_candidate_6_mask.tif
candidates/incident_80091/candidate_6/incident_80091_candidate_6_before.tif
candidates/incident_80091/candidate_6/incident_80091_candidate_6_slope.tif
candidates/incident_80091/candidate_60/incident_80091_candidate_60_mask.tif
candidates/incident_80091/candidate_60/incident_80091_candidate_60_after.tif
candidates/incident_80091/candidate_60/incident_80091_candidate_60_before.tif
candidates/incident_80091/candidate_60/incident_80091_candidate_60_slope.tif
candidates/incident_80091/candidate_61/incident_80091_candidate_61_after.tif
candidates/incident_80091/candidate_61/incident_80091_candidate_61_mask.tif
candidates/incident_80091/candidate_61/incident_80091_candidate_61_slope.tif
candidates/incident_80091/candidate_62/incident_80091_candidate_62_mask.tif
candidates/incident_80091/candidate_62/incident_80091_candidate_62_after.tif
candidates/incident_80091/candidate_62/incident_80091_candidate_62_before.tif
candidates/incident_80091/candidate_61/incident_80091_candidate_61_before.tif
candidates/incident_80091/candidate_62/incident_80091_candidate_62_slope.tif
candidates/incident_80091/candidate_63/incident_80091_candidate_63_after.tif
candidates/incident_80091/candidate_63/incident_80091_candidate_63_before.tif
candidates/incident_80091/candidate_63/incident_80091_candidate_63_mask.tif
candidates/incident_80091/candidate_63/incident_80091_candidate_63_slope.tif
candidates/incident_80091/candidate_64/incident_80091_candidate_64_after.tif
candidates/incident_80091/candidate_64/incident_80091_candidate_64_before.tif
candidates/incident_80091/candidate_64/incident_80091_candidate_64_mask.tif
candidates/incident_80091/candidate_64/incident_80091_candidate_64_slope.tif
candidates/incident_80091/candidate_65/incident_80091_candidate_65_after.tif
candidates/incident_80091/candidate_65/incident_80091_candidate_65_before.tif
candidates/incident_80091/candidate_65/incident_80091_candidate_65_mask.tif
candidates/incident_80091/candidate_65/incident_80091_candidate_65_slope.tif
candidates/incident_80091/candidate_66/incident_80091_candidate_66_mask.tif
candidates/incident_80091/candidate_66/incident_80091_candidate_66_slope.tif
candidates/incident_80091/candidate_66/incident_80091_candidate_66_before.tif
candidates/incident_80091/candidate_66/incident_80091_candidate_66_after.tif
candidates/incident_80091/candidate_67/incident_80091_candidate_67_after.tif
candidates/incident_80091/candidate_67/incident_80091_candidate_67_before.tif
candidates/incident_80091/candidate_67/incident_80091_candidate_67_mask.tif
candidates/incident_80091/candidate_67/incident_80091_candidate_67_slope.tif
candidates/incident_80091/candidate_68/incident_80091_candidate_68_after.tif
candidates/incident_80091/candidate_68/incident_80091_candidate_68_mask.tif
candidates/incident_80091/candidate_69/incident_80091_candidate_69_after.tif
candidates/incident_80091/candidate_68/incident_80091_candidate_68_slope.tif
candidates/incident_80091/candidate_68/incident_80091_candidate_68_before.tif
candidates/incident_80091/candidate_69/incident_80091_candidate_69_before.tif
candidates/incident_80091/candidate_69/incident_80091_candidate_69_mask.tif
candidates/incident_80091/candidate_69/incident_80091_candidate_69_slope.tif
candidates/incident_80091/candidate_7/incident_80091_candidate_7_after.tif
candidates/incident_80091/candidate_7/incident_80091_candidate_7_before.tif
candidates/incident_80091/candidate_7/incident_80091_candidate_7_mask.tif
candidates/incident_80091/candidate_7/incident_80091_candidate_7_slope.tif
candidates/incident_80091/candidate_70/incident_80091_candidate_70_slope.tif
candidates/incident_80091/candidate_70/incident_80091_candidate_70_mask.tif
candidates/incident_80091/candidate_70/incident_80091_candidate_70_before.tif
candidates/incident_80091/candidate_70/incident_80091_candidate_70_after.tif
candidates/incident_80091/candidate_71/incident_80091_candidate_71_after.tif
candidates/incident_80091/candidate_71/incident_80091_candidate_71_before.tif
candidates/incident_80091/candidate_71/incident_80091_candidate_71_mask.tif
candidates/incident_80091/candidate_71/incident_80091_candidate_71_slope.tif
candidates/incident_80091/candidate_72/incident_80091_candidate_72_before.tif
candidates/incident_80091/candidate_72/incident_80091_candidate_72_mask.tif
candidates/incident_80091/candidate_72/incident_80091_candidate_72_after.tif
candidates/incident_80091/candidate_72/incident_80091_candidate_72_slope.tif
candidates/incident_80091/candidate_73/incident_80091_candidate_73_after.tif
candidates/incident_80091/candidate_73/incident_80091_candidate_73_before.tif
candidates/incident_80091/candidate_73/incident_80091_candidate_73_mask.tif
candidates/incident_80091/candidate_73/incident_80091_candidate_73_slope.tif
candidates/incident_80091/candidate_74/incident_80091_candidate_74_before.tif
candidates/incident_80091/candidate_74/incident_80091_candidate_74_slope.tif
candidates/incident_80091/candidate_74/incident_80091_candidate_74_mask.tif
candidates/incident_80091/candidate_74/incident_80091_candidate_74_after.tif
candidates/incident_80091/candidate_75/incident_80091_candidate_75_after.tif
candidates/incident_80091/candidate_75/incident_80091_candidate_75_before.tif
candidates/incident_80091/candidate_75/incident_80091_candidate_75_mask.tif
candidates/incident_80091/candidate_75/incident_80091_candidate_75_slope.tif
candidates/incident_80091/candidate_76/incident_80091_candidate_76_after.tif
candidates/incident_80091/candidate_76/incident_80091_candidate_76_mask.tif
candidates/incident_80091/candidate_76/incident_80091_candidate_76_before.tif
candidates/incident_80091/candidate_76/incident_80091_candidate_76_slope.tif
candidates/incident_80091/candidate_77/incident_80091_candidate_77_before.tif
candidates/incident_80091/candidate_77/incident_80091_candidate_77_mask.tif
candidates/incident_80091/candidate_77/incident_80091_candidate_77_slope.tif
candidates/incident_80091/candidate_78/incident_80091_candidate_78_mask.tif
candidates/incident_80091/candidate_77/incident_80091_candidate_77_after.tif
candidates/incident_80091/candidate_78/incident_80091_candidate_78_after.tif
candidates/incident_80091/candidate_78/incident_80091_candidate_78_slope.tif
candidates/incident_80091/candidate_78/incident_80091_candidate_78_before.tif
candidates/incident_80091/candidate_79/incident_80091_candidate_79_after.tif
candidates/incident_80091/candidate_79/incident_80091_candidate_79_before.tif
candidates/incident_80091/candidate_79/incident_80091_candidate_79_mask.tif
candidates/incident_80091/candidate_79/incident_80091_candidate_79_slope.tif
candidates/incident_80091/candidate_8/incident_80091_candidate_8_after.tif
candidates/incident_80091/candidate_8/incident_80091_candidate_8_before.tif
candidates/incident_80091/candidate_8/incident_80091_candidate_8_slope.tif
candidates/incident_80091/candidate_80/incident_80091_candidate_80_after.tif
candidates/incident_80091/candidate_8/incident_80091_candidate_8_mask.tif
candidates/incident_80091/candidate_80/incident_80091_candidate_80_before.tif
candidates/incident_80091/candidate_80/incident_80091_candidate_80_mask.tif
candidates/incident_80091/candidate_80/incident_80091_candidate_80_slope.tif
candidates/incident_80091/candidate_81/incident_80091_candidate_81_after.tif
candidates/incident_80091/candidate_81/incident_80091_candidate_81_mask.tif
candidates/incident_80091/candidate_81/incident_80091_candidate_81_slope.tif
candidates/incident_80091/candidate_81/incident_80091_candidate_81_before.tif
candidates/incident_80091/candidate_82/incident_80091_candidate_82_after.tif
candidates/incident_80091/candidate_82/incident_80091_candidate_82_before.tif
candidates/incident_80091/candidate_82/incident_80091_candidate_82_slope.tif
candidates/incident_80091/candidate_82/incident_80091_candidate_82_mask.tif
candidates/incident_80091/candidate_83/incident_80091_candidate_83_after.tif
candidates/incident_80091/candidate_83/incident_80091_candidate_83_mask.tif
candidates/incident_80091/candidate_83/incident_80091_candidate_83_slope.tif
candidates/incident_80091/candidate_83/incident_80091_candidate_83_before.tif
candidates/incident_80091/candidate_84/incident_80091_candidate_84_before.tif
candidates/incident_80091/candidate_84/incident_80091_candidate_84_after.tif
candidates/incident_80091/candidate_84/incident_80091_candidate_84_mask.tif
candidates/incident_80091/candidate_84/incident_80091_candidate_84_slope.tif
candidates/incident_80091/candidate_85/incident_80091_candidate_85_after.tif
candidates/incident_80091/candidate_85/incident_80091_candidate_85_slope.tif
candidates/incident_80091/candidate_85/incident_80091_candidate_85_mask.tif
candidates/incident_80091/candidate_9/incident_80091_candidate_9_after.tif
candidates/incident_80091/candidate_9/incident_80091_candidate_9_mask.tif
candidates/incident_80091/candidate_9/incident_80091_candidate_9_before.tif
candidates/incident_80091/candidate_9/incident_80091_candidate_9_slope.tif
candidates/incident_80137/candidate_1/incident_80137_candidate_1_mask.tif
candidates/incident_80137/candidate_1/incident_80137_candidate_1_slope.tif
candidates/incident_80091/candidate_85/incident_80091_candidate_85_before.tif
candidates/incident_80137/candidate_1/incident_80137_candidate_1_after.tif
candidates/incident_80137/candidate_2/incident_80137_candidate_2_mask.tif
candidates/incident_80137/candidate_1/incident_80137_candidate_1_before.tif
candidates/incident_80137/candidate_2/incident_80137_candidate_2_slope.tif
candidates/incident_80137/candidate_2/incident_80137_candidate_2_before.tif
candidates/incident_80150/candidate_1/incident_80150_candidate_1_after.tif
candidates/incident_80150/candidate_1/incident_80150_candidate_1_mask.tif
candidates/incident_80150/candidate_1/incident_80150_candidate_1_slope.tif
candidates/incident_80150/candidate_1/incident_80150_candidate_1_before.tif
candidates/incident_80137/candidate_2/incident_80137_candidate_2_after.tif
candidates/incident_80150/candidate_10/incident_80150_candidate_10_mask.tif
candidates/incident_80150/candidate_10/incident_80150_candidate_10_slope.tif
candidates/incident_80150/candidate_10/incident_80150_candidate_10_after.tif
candidates/incident_80150/candidate_11/incident_80150_candidate_11_mask.tif
candidates/incident_80150/candidate_11/incident_80150_candidate_11_slope.tif
candidates/incident_80150/candidate_11/incident_80150_candidate_11_after.tif
candidates/incident_80150/candidate_11/incident_80150_candidate_11_before.tif
candidates/incident_80150/candidate_10/incident_80150_candidate_10_before.tif
candidates/incident_80150/candidate_12/incident_80150_candidate_12_after.tif
candidates/incident_80150/candidate_12/incident_80150_candidate_12_mask.tif
candidates/incident_80150/candidate_12/incident_80150_candidate_12_slope.tif
candidates/incident_80150/candidate_13/incident_80150_candidate_13_mask.tif
candidates/incident_80150/candidate_12/incident_80150_candidate_12_before.tif
candidates/incident_80150/candidate_15/incident_80150_candidate_15_after.tif
candidates/incident_80150/candidate_13/incident_80150_candidate_13_slope.tif
candidates/incident_80150/candidate_13/incident_80150_candidate_13_after.tif
candidates/incident_80150/candidate_14/incident_80150_candidate_14_mask.tif
candidates/incident_80150/candidate_15/incident_80150_candidate_15_before.tif
candidates/incident_80150/candidate_14/incident_80150_candidate_14_slope.tif
candidates/incident_80150/candidate_14/incident_80150_candidate_14_after.tif
candidates/incident_80150/candidate_14/incident_80150_candidate_14_before.tif
candidates/incident_80150/candidate_15/incident_80150_candidate_15_slope.tif
candidates/incident_80150/candidate_13/incident_80150_candidate_13_before.tif
candidates/incident_80150/candidate_15/incident_80150_candidate_15_mask.tif
candidates/incident_80150/candidate_16/incident_80150_candidate_16_mask.tif
candidates/incident_80150/candidate_16/incident_80150_candidate_16_slope.tif
candidates/incident_80150/candidate_17/incident_80150_candidate_17_mask.tif
candidates/incident_80150/candidate_16/incident_80150_candidate_16_before.tif
candidates/incident_80150/candidate_17/incident_80150_candidate_17_slope.tif
candidates/incident_80150/candidate_17/incident_80150_candidate_17_after.tif
candidates/incident_80150/candidate_17/incident_80150_candidate_17_before.tif
candidates/incident_80150/candidate_16/incident_80150_candidate_16_after.tif
candidates/incident_80150/candidate_18/incident_80150_candidate_18_mask.tif
candidates/incident_80150/candidate_18/incident_80150_candidate_18_slope.tif
candidates/incident_80150/candidate_18/incident_80150_candidate_18_after.tif
candidates/incident_80150/candidate_19/incident_80150_candidate_19_mask.tif
candidates/incident_80150/candidate_18/incident_80150_candidate_18_before.tif
candidates/incident_80150/candidate_19/incident_80150_candidate_19_after.tif
candidates/incident_80150/candidate_19/incident_80150_candidate_19_before.tif
candidates/incident_80150/candidate_19/incident_80150_candidate_19_slope.tif
candidates/incident_80150/candidate_2/incident_80150_candidate_2_mask.tif
candidates/incident_80150/candidate_2/incident_80150_candidate_2_slope.tif
candidates/incident_80150/candidate_2/incident_80150_candidate_2_after.tif
candidates/incident_80150/candidate_2/incident_80150_candidate_2_before.tif
candidates/incident_80150/candidate_20/incident_80150_candidate_20_mask.tif
candidates/incident_80150/candidate_20/incident_80150_candidate_20_slope.tif
candidates/incident_80150/candidate_20/incident_80150_candidate_20_after.tif
candidates/incident_80150/candidate_21/incident_80150_candidate_21_mask.tif
candidates/incident_80150/candidate_21/incident_80150_candidate_21_slope.tif
candidates/incident_80150/candidate_21/incident_80150_candidate_21_before.tif
candidates/incident_80150/candidate_21/incident_80150_candidate_21_after.tif
candidates/incident_80150/candidate_20/incident_80150_candidate_20_before.tif
candidates/incident_80150/candidate_22/incident_80150_candidate_22_mask.tif
candidates/incident_80150/candidate_22/incident_80150_candidate_22_slope.tif
candidates/incident_80150/candidate_22/incident_80150_candidate_22_after.tif
candidates/incident_80150/candidate_23/incident_80150_candidate_23_mask.tif
candidates/incident_80150/candidate_23/incident_80150_candidate_23_after.tif
candidates/incident_80150/candidate_23/incident_80150_candidate_23_slope.tif
candidates/incident_80150/candidate_22/incident_80150_candidate_22_before.tif
candidates/incident_80150/candidate_23/incident_80150_candidate_23_before.tif
candidates/incident_80150/candidate_24/incident_80150_candidate_24_mask.tif
candidates/incident_80150/candidate_24/incident_80150_candidate_24_after.tif
candidates/incident_80150/candidate_24/incident_80150_candidate_24_slope.tif
candidates/incident_80150/candidate_24/incident_80150_candidate_24_before.tif
candidates/incident_80150/candidate_25/incident_80150_candidate_25_mask.tif
candidates/incident_80150/candidate_25/incident_80150_candidate_25_slope.tif
candidates/incident_80150/candidate_25/incident_80150_candidate_25_after.tif
candidates/incident_80150/candidate_25/incident_80150_candidate_25_before.tif
candidates/incident_80150/candidate_26/incident_80150_candidate_26_slope.tif
candidates/incident_80150/candidate_26/incident_80150_candidate_26_mask.tif
candidates/incident_80150/candidate_26/incident_80150_candidate_26_after.tif
candidates/incident_80150/candidate_27/incident_80150_candidate_27_mask.tif
candidates/incident_80150/candidate_27/incident_80150_candidate_27_slope.tif
candidates/incident_80150/candidate_26/incident_80150_candidate_26_before.tif
candidates/incident_80150/candidate_27/incident_80150_candidate_27_before.tif
candidates/incident_80150/candidate_27/incident_80150_candidate_27_after.tif
candidates/incident_80150/candidate_28/incident_80150_candidate_28_mask.tif
candidates/incident_80150/candidate_28/incident_80150_candidate_28_after.tif
candidates/incident_80150/candidate_28/incident_80150_candidate_28_slope.tif
candidates/incident_80150/candidate_29/incident_80150_candidate_29_slope.tif
candidates/incident_80150/candidate_29/incident_80150_candidate_29_mask.tif
candidates/incident_80150/candidate_29/incident_80150_candidate_29_before.tif
candidates/incident_80150/candidate_29/incident_80150_candidate_29_after.tif
candidates/incident_80150/candidate_3/incident_80150_candidate_3_mask.tif
candidates/incident_80150/candidate_28/incident_80150_candidate_28_before.tif
candidates/incident_80150/candidate_3/incident_80150_candidate_3_after.tif
candidates/incident_80150/candidate_3/incident_80150_candidate_3_slope.tif
candidates/incident_80150/candidate_4/incident_80150_candidate_4_mask.tif
candidates/incident_80150/candidate_4/incident_80150_candidate_4_slope.tif
candidates/incident_80150/candidate_3/incident_80150_candidate_3_before.tif
candidates/incident_80150/candidate_5/incident_80150_candidate_5_mask.tif
candidates/incident_80150/candidate_5/incident_80150_candidate_5_after.tif
candidates/incident_80150/candidate_5/incident_80150_candidate_5_slope.tif
candidates/incident_80150/candidate_5/incident_80150_candidate_5_before.tif
candidates/incident_80150/candidate_4/incident_80150_candidate_4_after.tif
candidates/incident_80150/candidate_6/incident_80150_candidate_6_mask.tif
candidates/incident_80150/candidate_4/incident_80150_candidate_4_before.tif
candidates/incident_80150/candidate_6/incident_80150_candidate_6_after.tif
candidates/incident_80150/candidate_6/incident_80150_candidate_6_slope.tif
candidates/incident_80150/candidate_7/incident_80150_candidate_7_mask.tif
candidates/incident_80150/candidate_6/incident_80150_candidate_6_before.tif
candidates/incident_80150/candidate_7/incident_80150_candidate_7_after.tif
candidates/incident_80150/candidate_7/incident_80150_candidate_7_slope.tif
candidates/incident_80150/candidate_7/incident_80150_candidate_7_before.tif
candidates/incident_80150/candidate_8/incident_80150_candidate_8_mask.tif
candidates/incident_80150/candidate_8/incident_80150_candidate_8_slope.tif
candidates/incident_80150/candidate_8/incident_80150_candidate_8_before.tif
candidates/incident_80150/candidate_9/incident_80150_candidate_9_mask.tif
candidates/incident_80150/candidate_8/incident_80150_candidate_8_after.tif
candidates/incident_80150/candidate_9/incident_80150_candidate_9_slope.tif
candidates/incident_80150/candidate_9/incident_80150_candidate_9_after.tif
candidates/incident_80150/candidate_9/incident_80150_candidate_9_before.tif
candidates/incident_80152/candidate_1/incident_80152_candidate_1_slope.tif
candidates/incident_80152/candidate_1/incident_80152_candidate_1_mask.tif
candidates/incident_80152/candidate_1/incident_80152_candidate_1_before.tif
candidates/incident_80152/candidate_10/incident_80152_candidate_10_after.tif
candidates/incident_80152/candidate_10/incident_80152_candidate_10_before.tif
candidates/incident_80152/candidate_10/incident_80152_candidate_10_mask.tif
candidates/incident_80152/candidate_10/incident_80152_candidate_10_slope.tif
candidates/incident_80152/candidate_11/incident_80152_candidate_11_after.tif
candidates/incident_80152/candidate_11/incident_80152_candidate_11_before.tif
candidates/incident_80152/candidate_1/incident_80152_candidate_1_after.tif
candidates/incident_80152/candidate_11/incident_80152_candidate_11_slope.tif
candidates/incident_80152/candidate_12/incident_80152_candidate_12_before.tif
candidates/incident_80152/candidate_11/incident_80152_candidate_11_mask.tif
candidates/incident_80152/candidate_12/incident_80152_candidate_12_mask.tif
candidates/incident_80152/candidate_12/incident_80152_candidate_12_slope.tif
candidates/incident_80152/candidate_13/incident_80152_candidate_13_before.tif
candidates/incident_80152/candidate_12/incident_80152_candidate_12_after.tif
candidates/incident_80152/candidate_14/incident_80152_candidate_14_after.tif
candidates/incident_80152/candidate_13/incident_80152_candidate_13_slope.tif
candidates/incident_80152/candidate_13/incident_80152_candidate_13_mask.tif
candidates/incident_80152/candidate_13/incident_80152_candidate_13_after.tif
candidates/incident_80152/candidate_14/incident_80152_candidate_14_before.tif
candidates/incident_80152/candidate_14/incident_80152_candidate_14_mask.tif
candidates/incident_80152/candidate_14/incident_80152_candidate_14_slope.tif
candidates/incident_80152/candidate_15/incident_80152_candidate_15_after.tif
candidates/incident_80152/candidate_15/incident_80152_candidate_15_mask.tif
candidates/incident_80152/candidate_16/incident_80152_candidate_16_after.tif
candidates/incident_80152/candidate_15/incident_80152_candidate_15_slope.tif
candidates/incident_80152/candidate_16/incident_80152_candidate_16_before.tif
candidates/incident_80152/candidate_15/incident_80152_candidate_15_before.tif
candidates/incident_80152/candidate_16/incident_80152_candidate_16_slope.tif
candidates/incident_80152/candidate_16/incident_80152_candidate_16_mask.tif
candidates/incident_80152/candidate_17/incident_80152_candidate_17_after.tif
candidates/incident_80152/candidate_17/incident_80152_candidate_17_before.tif
candidates/incident_80152/candidate_17/incident_80152_candidate_17_slope.tif
candidates/incident_80152/candidate_18/incident_80152_candidate_18_after.tif
candidates/incident_80152/candidate_17/incident_80152_candidate_17_mask.tif
candidates/incident_80152/candidate_18/incident_80152_candidate_18_mask.tif
candidates/incident_80152/candidate_18/incident_80152_candidate_18_before.tif
candidates/incident_80152/candidate_18/incident_80152_candidate_18_slope.tif
candidates/incident_80152/candidate_19/incident_80152_candidate_19_mask.tif
candidates/incident_80152/candidate_19/incident_80152_candidate_19_after.tif
candidates/incident_80152/candidate_19/incident_80152_candidate_19_before.tif
candidates/incident_80152/candidate_19/incident_80152_candidate_19_slope.tif
candidates/incident_80152/candidate_2/incident_80152_candidate_2_after.tif
candidates/incident_80152/candidate_2/incident_80152_candidate_2_mask.tif
candidates/incident_80152/candidate_2/incident_80152_candidate_2_before.tif
candidates/incident_80152/candidate_20/incident_80152_candidate_20_mask.tif
candidates/incident_80152/candidate_2/incident_80152_candidate_2_slope.tif
candidates/incident_80152/candidate_20/incident_80152_candidate_20_after.tif
candidates/incident_80152/candidate_20/incident_80152_candidate_20_before.tif
candidates/incident_80152/candidate_20/incident_80152_candidate_20_slope.tif
candidates/incident_80152/candidate_21/incident_80152_candidate_21_after.tif
candidates/incident_80152/candidate_21/incident_80152_candidate_21_mask.tif
candidates/incident_80152/candidate_22/incident_80152_candidate_22_mask.tif
candidates/incident_80152/candidate_21/incident_80152_candidate_21_slope.tif
candidates/incident_80152/candidate_22/incident_80152_candidate_22_after.tif
candidates/incident_80152/candidate_21/incident_80152_candidate_21_before.tif
candidates/incident_80152/candidate_22/incident_80152_candidate_22_slope.tif
candidates/incident_80152/candidate_22/incident_80152_candidate_22_before.tif
candidates/incident_80152/candidate_23/incident_80152_candidate_23_after.tif
candidates/incident_80152/candidate_23/incident_80152_candidate_23_before.tif
candidates/incident_80152/candidate_24/incident_80152_candidate_24_after.tif
candidates/incident_80152/candidate_23/incident_80152_candidate_23_slope.tif
candidates/incident_80152/candidate_23/incident_80152_candidate_23_mask.tif
candidates/incident_80152/candidate_24/incident_80152_candidate_24_before.tif
candidates/incident_80152/candidate_24/incident_80152_candidate_24_slope.tif
candidates/incident_80152/candidate_24/incident_80152_candidate_24_mask.tif
candidates/incident_80152/candidate_25/incident_80152_candidate_25_after.tif
candidates/incident_80152/candidate_25/incident_80152_candidate_25_mask.tif
candidates/incident_80152/candidate_25/incident_80152_candidate_25_slope.tif
candidates/incident_80152/candidate_26/incident_80152_candidate_26_after.tif
candidates/incident_80152/candidate_25/incident_80152_candidate_25_before.tif
candidates/incident_80152/candidate_26/incident_80152_candidate_26_before.tif
candidates/incident_80152/candidate_26/incident_80152_candidate_26_slope.tif
candidates/incident_80152/candidate_27/incident_80152_candidate_27_after.tif
candidates/incident_80152/candidate_26/incident_80152_candidate_26_mask.tif
candidates/incident_80152/candidate_27/incident_80152_candidate_27_slope.tif
candidates/incident_80152/candidate_27/incident_80152_candidate_27_mask.tif
candidates/incident_80152/candidate_28/incident_80152_candidate_28_after.tif
candidates/incident_80152/candidate_28/incident_80152_candidate_28_before.tif
candidates/incident_80152/candidate_28/incident_80152_candidate_28_mask.tif
candidates/incident_80152/candidate_29/incident_80152_candidate_29_after.tif
candidates/incident_80152/candidate_27/incident_80152_candidate_27_before.tif
candidates/incident_80152/candidate_28/incident_80152_candidate_28_slope.tif
candidates/incident_80152/candidate_29/incident_80152_candidate_29_mask.tif
candidates/incident_80152/candidate_29/incident_80152_candidate_29_before.tif
candidates/incident_80152/candidate_29/incident_80152_candidate_29_slope.tif
candidates/incident_80152/candidate_3/incident_80152_candidate_3_after.tif
candidates/incident_80152/candidate_3/incident_80152_candidate_3_mask.tif
candidates/incident_80152/candidate_3/incident_80152_candidate_3_slope.tif
candidates/incident_80152/candidate_30/incident_80152_candidate_30_after.tif
candidates/incident_80152/candidate_30/incident_80152_candidate_30_before.tif
candidates/incident_80152/candidate_30/incident_80152_candidate_30_mask.tif
candidates/incident_80152/candidate_31/incident_80152_candidate_31_after.tif
candidates/incident_80152/candidate_3/incident_80152_candidate_3_before.tif
candidates/incident_80152/candidate_31/incident_80152_candidate_31_before.tif
candidates/incident_80152/candidate_30/incident_80152_candidate_30_slope.tif
candidates/incident_80152/candidate_31/incident_80152_candidate_31_mask.tif
candidates/incident_80152/candidate_31/incident_80152_candidate_31_slope.tif
candidates/incident_80152/candidate_32/incident_80152_candidate_32_before.tif
candidates/incident_80152/candidate_32/incident_80152_candidate_32_after.tif
candidates/incident_80152/candidate_32/incident_80152_candidate_32_slope.tif
candidates/incident_80152/candidate_32/incident_80152_candidate_32_mask.tif
candidates/incident_80152/candidate_33/incident_80152_candidate_33_mask.tif
candidates/incident_80152/candidate_33/incident_80152_candidate_33_after.tif
candidates/incident_80152/candidate_33/incident_80152_candidate_33_before.tif
candidates/incident_80152/candidate_33/incident_80152_candidate_33_slope.tif
candidates/incident_80152/candidate_34/incident_80152_candidate_34_before.tif
candidates/incident_80152/candidate_34/incident_80152_candidate_34_after.tif
candidates/incident_80152/candidate_34/incident_80152_candidate_34_slope.tif
candidates/incident_80152/candidate_34/incident_80152_candidate_34_mask.tif
candidates/incident_80152/candidate_35/incident_80152_candidate_35_after.tif
candidates/incident_80152/candidate_35/incident_80152_candidate_35_before.tif
candidates/incident_80152/candidate_35/incident_80152_candidate_35_slope.tif
candidates/incident_80152/candidate_36/incident_80152_candidate_36_after.tif
candidates/incident_80152/candidate_35/incident_80152_candidate_35_mask.tif
candidates/incident_80152/candidate_36/incident_80152_candidate_36_mask.tif
candidates/incident_80152/candidate_36/incident_80152_candidate_36_before.tif
candidates/incident_80152/candidate_36/incident_80152_candidate_36_slope.tif
candidates/incident_80152/candidate_37/incident_80152_candidate_37_after.tif
candidates/incident_80152/candidate_37/incident_80152_candidate_37_mask.tif
candidates/incident_80152/candidate_37/incident_80152_candidate_37_slope.tif
candidates/incident_80152/candidate_37/incident_80152_candidate_37_before.tif
candidates/incident_80152/candidate_38/incident_80152_candidate_38_after.tif
candidates/incident_80152/candidate_38/incident_80152_candidate_38_slope.tif
candidates/incident_80152/candidate_38/incident_80152_candidate_38_mask.tif
candidates/incident_80152/candidate_39/incident_80152_candidate_39_after.tif
candidates/incident_80152/candidate_38/incident_80152_candidate_38_before.tif
candidates/incident_80152/candidate_39/incident_80152_candidate_39_before.tif
candidates/incident_80152/candidate_39/incident_80152_candidate_39_mask.tif
candidates/incident_80152/candidate_4/incident_80152_candidate_4_after.tif
candidates/incident_80152/candidate_4/incident_80152_candidate_4_before.tif
candidates/incident_80152/candidate_4/incident_80152_candidate_4_mask.tif
candidates/incident_80152/candidate_39/incident_80152_candidate_39_slope.tif
candidates/incident_80152/candidate_40/incident_80152_candidate_40_after.tif
candidates/incident_80152/candidate_40/incident_80152_candidate_40_mask.tif
candidates/incident_80152/candidate_4/incident_80152_candidate_4_slope.tif
candidates/incident_80152/candidate_40/incident_80152_candidate_40_slope.tif
candidates/incident_80152/candidate_41/incident_80152_candidate_41_after.tif
candidates/incident_80152/candidate_41/incident_80152_candidate_41_mask.tif
candidates/incident_80152/candidate_41/incident_80152_candidate_41_before.tif
candidates/incident_80152/candidate_40/incident_80152_candidate_40_before.tif
candidates/incident_80152/candidate_41/incident_80152_candidate_41_slope.tif
candidates/incident_80152/candidate_42/incident_80152_candidate_42_after.tif
candidates/incident_80152/candidate_42/incident_80152_candidate_42_before.tif
candidates/incident_80152/candidate_42/incident_80152_candidate_42_mask.tif
candidates/incident_80152/candidate_42/incident_80152_candidate_42_slope.tif
candidates/incident_80152/candidate_43/incident_80152_candidate_43_mask.tif
candidates/incident_80152/candidate_43/incident_80152_candidate_43_before.tif
candidates/incident_80152/candidate_43/incident_80152_candidate_43_slope.tif
candidates/incident_80152/candidate_43/incident_80152_candidate_43_after.tif
candidates/incident_80152/candidate_44/incident_80152_candidate_44_before.tif
candidates/incident_80152/candidate_44/incident_80152_candidate_44_mask.tif
candidates/incident_80152/candidate_44/incident_80152_candidate_44_after.tif
candidates/incident_80152/candidate_45/incident_80152_candidate_45_after.tif
candidates/incident_80152/candidate_45/incident_80152_candidate_45_before.tif
candidates/incident_80152/candidate_44/incident_80152_candidate_44_slope.tif
candidates/incident_80152/candidate_45/incident_80152_candidate_45_slope.tif
candidates/incident_80152/candidate_45/incident_80152_candidate_45_mask.tif
candidates/incident_80152/candidate_46/incident_80152_candidate_46_before.tif
candidates/incident_80152/candidate_46/incident_80152_candidate_46_slope.tif
candidates/incident_80152/candidate_46/incident_80152_candidate_46_mask.tif
candidates/incident_80152/candidate_46/incident_80152_candidate_46_after.tif
candidates/incident_80152/candidate_47/incident_80152_candidate_47_before.tif
candidates/incident_80152/candidate_47/incident_80152_candidate_47_mask.tif
candidates/incident_80152/candidate_47/incident_80152_candidate_47_after.tif
candidates/incident_80152/candidate_47/incident_80152_candidate_47_slope.tif
candidates/incident_80152/candidate_48/incident_80152_candidate_48_after.tif
candidates/incident_80152/candidate_48/incident_80152_candidate_48_before.tif
candidates/incident_80152/candidate_48/incident_80152_candidate_48_mask.tif
candidates/incident_80152/candidate_48/incident_80152_candidate_48_slope.tif
candidates/incident_80152/candidate_49/incident_80152_candidate_49_before.tif
candidates/incident_80152/candidate_49/incident_80152_candidate_49_after.tif
candidates/incident_80152/candidate_49/incident_80152_candidate_49_mask.tif
candidates/incident_80152/candidate_49/incident_80152_candidate_49_slope.tif
candidates/incident_80152/candidate_5/incident_80152_candidate_5_after.tif
candidates/incident_80152/candidate_5/incident_80152_candidate_5_mask.tif
candidates/incident_80152/candidate_5/incident_80152_candidate_5_slope.tif
candidates/incident_80152/candidate_5/incident_80152_candidate_5_before.tif
candidates/incident_80152/candidate_50/incident_80152_candidate_50_mask.tif
candidates/incident_80152/candidate_50/incident_80152_candidate_50_before.tif
candidates/incident_80152/candidate_50/incident_80152_candidate_50_after.tif
candidates/incident_80152/candidate_50/incident_80152_candidate_50_slope.tif
candidates/incident_80152/candidate_51/incident_80152_candidate_51_after.tif
candidates/incident_80152/candidate_51/incident_80152_candidate_51_before.tif
candidates/incident_80152/candidate_51/incident_80152_candidate_51_mask.tif
candidates/incident_80152/candidate_51/incident_80152_candidate_51_slope.tif
candidates/incident_80152/candidate_52/incident_80152_candidate_52_after.tif
candidates/incident_80152/candidate_52/incident_80152_candidate_52_before.tif
candidates/incident_80152/candidate_52/incident_80152_candidate_52_mask.tif
candidates/incident_80152/candidate_52/incident_80152_candidate_52_slope.tif
candidates/incident_80152/candidate_53/incident_80152_candidate_53_after.tif
candidates/incident_80152/candidate_53/incident_80152_candidate_53_before.tif
candidates/incident_80152/candidate_53/incident_80152_candidate_53_mask.tif
candidates/incident_80152/candidate_53/incident_80152_candidate_53_slope.tif
candidates/incident_80152/candidate_54/incident_80152_candidate_54_after.tif
candidates/incident_80152/candidate_54/incident_80152_candidate_54_before.tif
candidates/incident_80152/candidate_54/incident_80152_candidate_54_mask.tif
candidates/incident_80152/candidate_54/incident_80152_candidate_54_slope.tif
candidates/incident_80152/candidate_55/incident_80152_candidate_55_after.tif
candidates/incident_80152/candidate_55/incident_80152_candidate_55_mask.tif
candidates/incident_80152/candidate_55/incident_80152_candidate_55_before.tif
candidates/incident_80152/candidate_56/incident_80152_candidate_56_after.tif
candidates/incident_80152/candidate_55/incident_80152_candidate_55_slope.tif
candidates/incident_80152/candidate_56/incident_80152_candidate_56_mask.tif
candidates/incident_80152/candidate_56/incident_80152_candidate_56_before.tif
candidates/incident_80152/candidate_56/incident_80152_candidate_56_slope.tif
candidates/incident_80152/candidate_57/incident_80152_candidate_57_after.tif
candidates/incident_80152/candidate_57/incident_80152_candidate_57_slope.tif
candidates/incident_80152/candidate_57/incident_80152_candidate_57_mask.tif
candidates/incident_80152/candidate_58/incident_80152_candidate_58_after.tif
candidates/incident_80152/candidate_58/incident_80152_candidate_58_mask.tif
candidates/incident_80152/candidate_58/incident_80152_candidate_58_slope.tif
candidates/incident_80152/candidate_57/incident_80152_candidate_57_before.tif
candidates/incident_80152/candidate_59/incident_80152_candidate_59_after.tif
candidates/incident_80152/candidate_59/incident_80152_candidate_59_before.tif
candidates/incident_80152/candidate_59/incident_80152_candidate_59_mask.tif
candidates/incident_80152/candidate_59/incident_80152_candidate_59_slope.tif
candidates/incident_80152/candidate_58/incident_80152_candidate_58_before.tif
candidates/incident_80152/candidate_6/incident_80152_candidate_6_before.tif
candidates/incident_80152/candidate_6/incident_80152_candidate_6_mask.tif
candidates/incident_80152/candidate_6/incident_80152_candidate_6_slope.tif
candidates/incident_80152/candidate_6/incident_80152_candidate_6_after.tif
candidates/incident_80152/candidate_60/incident_80152_candidate_60_before.tif
candidates/incident_80152/candidate_60/incident_80152_candidate_60_mask.tif
candidates/incident_80152/candidate_60/incident_80152_candidate_60_after.tif
candidates/incident_80152/candidate_60/incident_80152_candidate_60_slope.tif
candidates/incident_80152/candidate_61/incident_80152_candidate_61_mask.tif
candidates/incident_80152/candidate_61/incident_80152_candidate_61_before.tif
candidates/incident_80152/candidate_61/incident_80152_candidate_61_after.tif
candidates/incident_80152/candidate_61/incident_80152_candidate_61_slope.tif
candidates/incident_80152/candidate_62/incident_80152_candidate_62_mask.tif
candidates/incident_80152/candidate_62/incident_80152_candidate_62_slope.tif
candidates/incident_80152/candidate_62/incident_80152_candidate_62_after.tif
candidates/incident_80152/candidate_62/incident_80152_candidate_62_before.tif
candidates/incident_80152/candidate_63/incident_80152_candidate_63_mask.tif
candidates/incident_80152/candidate_63/incident_80152_candidate_63_slope.tif
candidates/incident_80152/candidate_63/incident_80152_candidate_63_before.tif
candidates/incident_80152/candidate_64/incident_80152_candidate_64_after.tif
candidates/incident_80152/candidate_63/incident_80152_candidate_63_after.tif
candidates/incident_80152/candidate_64/incident_80152_candidate_64_before.tif
candidates/incident_80152/candidate_64/incident_80152_candidate_64_slope.tif
candidates/incident_80152/candidate_64/incident_80152_candidate_64_mask.tif
candidates/incident_80152/candidate_65/incident_80152_candidate_65_mask.tif
candidates/incident_80152/candidate_65/incident_80152_candidate_65_before.tif
candidates/incident_80152/candidate_65/incident_80152_candidate_65_slope.tif
candidates/incident_80152/candidate_66/incident_80152_candidate_66_after.tif
candidates/incident_80152/candidate_65/incident_80152_candidate_65_after.tif
candidates/incident_80152/candidate_66/incident_80152_candidate_66_slope.tif
candidates/incident_80152/candidate_66/incident_80152_candidate_66_before.tif
candidates/incident_80152/candidate_66/incident_80152_candidate_66_mask.tif
candidates/incident_80152/candidate_67/incident_80152_candidate_67_after.tif
candidates/incident_80152/candidate_67/incident_80152_candidate_67_before.tif
candidates/incident_80152/candidate_67/incident_80152_candidate_67_slope.tif
candidates/incident_80152/candidate_68/incident_80152_candidate_68_after.tif
candidates/incident_80152/candidate_68/incident_80152_candidate_68_before.tif
candidates/incident_80152/candidate_67/incident_80152_candidate_67_mask.tif
candidates/incident_80152/candidate_68/incident_80152_candidate_68_mask.tif
candidates/incident_80152/candidate_68/incident_80152_candidate_68_slope.tif
candidates/incident_80152/candidate_69/incident_80152_candidate_69_after.tif
candidates/incident_80152/candidate_69/incident_80152_candidate_69_before.tif
candidates/incident_80152/candidate_69/incident_80152_candidate_69_mask.tif
candidates/incident_80152/candidate_69/incident_80152_candidate_69_slope.tif
candidates/incident_80152/candidate_7/incident_80152_candidate_7_mask.tif
candidates/incident_80152/candidate_7/incident_80152_candidate_7_before.tif
candidates/incident_80152/candidate_7/incident_80152_candidate_7_after.tif
candidates/incident_80152/candidate_7/incident_80152_candidate_7_slope.tif
candidates/incident_80152/candidate_70/incident_80152_candidate_70_after.tif
candidates/incident_80152/candidate_70/incident_80152_candidate_70_before.tif
candidates/incident_80152/candidate_70/incident_80152_candidate_70_mask.tif
candidates/incident_80152/candidate_70/incident_80152_candidate_70_slope.tif
candidates/incident_80152/candidate_8/incident_80152_candidate_8_after.tif
candidates/incident_80152/candidate_8/incident_80152_candidate_8_slope.tif
candidates/incident_80152/candidate_8/incident_80152_candidate_8_before.tif
candidates/incident_80152/candidate_8/incident_80152_candidate_8_mask.tif
candidates/incident_80152/candidate_9/incident_80152_candidate_9_after.tif
candidates/incident_80152/candidate_9/incident_80152_candidate_9_before.tif
candidates/incident_80152/candidate_9/incident_80152_candidate_9_mask.tif
candidates/incident_80152/candidate_9/incident_80152_candidate_9_slope.tif
candidates/incident_80201/candidate_1/incident_80201_candidate_1_after.tif
candidates/incident_80201/candidate_10/incident_80201_candidate_10_before.tif
candidates/incident_80201/candidate_10/incident_80201_candidate_10_after.tif
candidates/incident_80201/candidate_1/incident_80201_candidate_1_mask.tif
candidates/incident_80201/candidate_1/incident_80201_candidate_1_before.tif
candidates/incident_80201/candidate_10/incident_80201_candidate_10_mask.tif
candidates/incident_80201/candidate_10/incident_80201_candidate_10_slope.tif
candidates/incident_80201/candidate_1/incident_80201_candidate_1_slope.tif
candidates/incident_80201/candidate_11/incident_80201_candidate_11_before.tif
candidates/incident_80201/candidate_11/incident_80201_candidate_11_after.tif
candidates/incident_80201/candidate_11/incident_80201_candidate_11_mask.tif
candidates/incident_80201/candidate_11/incident_80201_candidate_11_slope.tif
candidates/incident_80201/candidate_12/incident_80201_candidate_12_after.tif
candidates/incident_80201/candidate_12/incident_80201_candidate_12_before.tif
candidates/incident_80201/candidate_12/incident_80201_candidate_12_slope.tif
candidates/incident_80201/candidate_12/incident_80201_candidate_12_mask.tif
candidates/incident_80201/candidate_13/incident_80201_candidate_13_before.tif
candidates/incident_80201/candidate_13/incident_80201_candidate_13_after.tif
candidates/incident_80201/candidate_13/incident_80201_candidate_13_mask.tif
candidates/incident_80201/candidate_13/incident_80201_candidate_13_slope.tif
candidates/incident_80201/candidate_14/incident_80201_candidate_14_mask.tif
candidates/incident_80201/candidate_14/incident_80201_candidate_14_before.tif
candidates/incident_80201/candidate_14/incident_80201_candidate_14_slope.tif
candidates/incident_80201/candidate_14/incident_80201_candidate_14_after.tif
candidates/incident_80201/candidate_15/incident_80201_candidate_15_after.tif
candidates/incident_80201/candidate_15/incident_80201_candidate_15_before.tif
candidates/incident_80201/candidate_15/incident_80201_candidate_15_mask.tif
candidates/incident_80201/candidate_15/incident_80201_candidate_15_slope.tif
candidates/incident_80201/candidate_16/incident_80201_candidate_16_after.tif
candidates/incident_80201/candidate_16/incident_80201_candidate_16_before.tif
candidates/incident_80201/candidate_16/incident_80201_candidate_16_mask.tif
candidates/incident_80201/candidate_17/incident_80201_candidate_17_before.tif
candidates/incident_80201/candidate_16/incident_80201_candidate_16_slope.tif
candidates/incident_80201/candidate_17/incident_80201_candidate_17_mask.tif
candidates/incident_80201/candidate_17/incident_80201_candidate_17_after.tif
candidates/incident_80201/candidate_17/incident_80201_candidate_17_slope.tif
candidates/incident_80201/candidate_18/incident_80201_candidate_18_after.tif
candidates/incident_80201/candidate_18/incident_80201_candidate_18_before.tif
candidates/incident_80201/candidate_18/incident_80201_candidate_18_mask.tif
candidates/incident_80201/candidate_18/incident_80201_candidate_18_slope.tif
candidates/incident_80201/candidate_19/incident_80201_candidate_19_mask.tif
candidates/incident_80201/candidate_19/incident_80201_candidate_19_after.tif
candidates/incident_80201/candidate_19/incident_80201_candidate_19_slope.tif
candidates/incident_80201/candidate_2/incident_80201_candidate_2_after.tif
candidates/incident_80201/candidate_2/incident_80201_candidate_2_mask.tif
candidates/incident_80201/candidate_20/incident_80201_candidate_20_after.tif
candidates/incident_80201/candidate_2/incident_80201_candidate_2_slope.tif
candidates/incident_80201/candidate_19/incident_80201_candidate_19_before.tif
candidates/incident_80201/candidate_20/incident_80201_candidate_20_before.tif
candidates/incident_80201/candidate_20/incident_80201_candidate_20_mask.tif
candidates/incident_80201/candidate_21/incident_80201_candidate_21_after.tif
candidates/incident_80201/candidate_2/incident_80201_candidate_2_before.tif
candidates/incident_80201/candidate_21/incident_80201_candidate_21_slope.tif
candidates/incident_80201/candidate_21/incident_80201_candidate_21_mask.tif
candidates/incident_80201/candidate_20/incident_80201_candidate_20_slope.tif
candidates/incident_80201/candidate_22/incident_80201_candidate_22_before.tif
candidates/incident_80201/candidate_21/incident_80201_candidate_21_before.tif
candidates/incident_80201/candidate_22/incident_80201_candidate_22_mask.tif
candidates/incident_80201/candidate_22/incident_80201_candidate_22_slope.tif
candidates/incident_80201/candidate_22/incident_80201_candidate_22_after.tif
candidates/incident_80201/candidate_23/incident_80201_candidate_23_before.tif
candidates/incident_80201/candidate_23/incident_80201_candidate_23_mask.tif
candidates/incident_80201/candidate_23/incident_80201_candidate_23_after.tif
candidates/incident_80201/candidate_23/incident_80201_candidate_23_slope.tif
candidates/incident_80201/candidate_24/incident_80201_candidate_24_after.tif
candidates/incident_80201/candidate_24/incident_80201_candidate_24_mask.tif
candidates/incident_80201/candidate_24/incident_80201_candidate_24_slope.tif
candidates/incident_80201/candidate_24/incident_80201_candidate_24_before.tif
candidates/incident_80201/candidate_25/incident_80201_candidate_25_after.tif
candidates/incident_80201/candidate_25/incident_80201_candidate_25_before.tif
candidates/incident_80201/candidate_25/incident_80201_candidate_25_mask.tif
candidates/incident_80201/candidate_25/incident_80201_candidate_25_slope.tif
candidates/incident_80201/candidate_26/incident_80201_candidate_26_after.tif
candidates/incident_80201/candidate_26/incident_80201_candidate_26_before.tif
candidates/incident_80201/candidate_26/incident_80201_candidate_26_mask.tif
candidates/incident_80201/candidate_26/incident_80201_candidate_26_slope.tif
candidates/incident_80201/candidate_27/incident_80201_candidate_27_before.tif
candidates/incident_80201/candidate_34/incident_80201_candidate_34_before.tif
candidates/incident_80201/candidate_36/incident_80201_candidate_36_after.tif
candidates/incident_80201/candidate_41/incident_80201_candidate_41_after.tif
candidates/incident_80201/candidate_7/incident_80201_candidate_7_after.tif
candidates/incident_80201/candidate_8/incident_80201_candidate_8_slope.tif
candidates/incident_80201/candidate_8/incident_80201_candidate_8_before.tif
candidates/candidate_status.csv
candidates/candidate_metadata.csv
