id,title,incident_on,min_lon,min_lat,max_lon,max_lat
89615,"Landslide at Ghattapakha, Bakaiya Rural Municipality-11",20-05-2026,85.17988214,27.37861434,85.28882991,27.44529812
89623,"Landslide at Bharangdanda, Makawanpurgadhi Rural Municipality-5",20-05-2026,85.05702439,27.43560124,85.12019398,27.48831754
89610,"Landslide at Sipatole, Bhaktapur Municipality-9",19-05-2026,85.43420691,27.67261686,85.44891996,27.67756656
89614,"Landslide at Dhumke, Barahtal Rural Municipality-8",19-05-2026,81.45289762,28.59842689,81.56253372,28.72631796
89603,Landslide at MadhyaNepal Municipality-10,18-05-2026,84.28070349,28.14189462,84.32018588,28.1809808
89523,Landslide at Inaruwa Municipality-8,16-05-2026,87.10905233,26.61607892,87.16998942,26.66194625
89539,"Landslide at Limbudin Norunga Kholsa , Sidingba Rural Municipality-5",16-05-2026,87.84607741,27.30300624,87.95410643,27.3464156
89550,Landslide at Khumbupasanglahmu Rural Municipality-3,16-05-2026,86.56391828,27.67450779,86.89989835,27.81638911
89531,Landslide at Raghuganga Rural Municipality-8,15-05-2026,83.42055015,28.48904911,83.53806011,28.69745521
89477,"Landslide at Ragakate, Halesi Tuwachung Municipality-11",14-05-2026,86.67033655,27.0883669,86.75116851,27.18809898
89503,"Landslide at Bimirebhanjayang, MadhyaNepal Municipality-10",14-05-2026,84.28070349,28.14189462,84.32018588,28.1809808
89514,Landslide at Chulachuli Rural Municipality-6,14-05-2026,87.59961128,26.75238936,87.70280114,26.8673308
89435,"Landslide at mahabhir, Raghuganga Rural Municipality-8",12-05-2026,83.42055015,28.48904911,83.53806011,28.69745521
89463,"Landslide at Hattisude, Katari Municipality-11",12-05-2026,86.36683202,27.0633127,86.42406272,27.11431256
89407,Landslide at Rolpa Municipality-10,10-05-2026,82.63861451,28.31188035,82.71498855,28.43185747
89374,Landslide at Phaktanglung Rural Municipality-6,09-05-2026,87.71183495,27.49151796,88.20166777,27.90595938
89372,"Landslide at Hattisude, Katari Municipality-11",08-05-2026,86.36683202,27.0633127,86.42406272,27.11431256
89384,"Landslide at Chapali, Konjyosom Rural Municipality-4",08-05-2026,85.31847231,27.5384786,85.36589926,27.55891782
89385,"Landslide at Bharayangdanda, Makawanpurgadhi Rural Municipality-5",08-05-2026,85.05702439,27.43560124,85.12019398,27.48831754
89329,"Landslide at Thumki, Dhankuta Municipality-2",07-05-2026,87.32946555,26.98687752,87.3796788,27.0493181
89354,Landslide at Inaruwa Municipality-8,07-05-2026,87.10905233,26.61607892,87.16998942,26.66194625
89363,"Landslide at Tuin Khola , Ichchhyakamana Rural Municipality-5",07-05-2026,84.55685995,27.82682401,84.60442033,27.86350749
89367,Landslide at Anbukhaireni Rural Municipality-4,07-05-2026,84.50568162,27.83176332,84.55885888,27.88690537
89368,"Landslide at Siddhababa Temple , Tinau Rural Municipality-3",07-05-2026,83.46107837,27.70502737,83.5877999,27.78384995
89312,"Landslide at Kantilokpath, Konjyosom Rural Municipality-4",06-05-2026,85.31847231,27.5384786,85.36589926,27.55891782
89316,"Landslide at Dhansare, Khandbari Municipality-7",06-05-2026,87.20220932,27.36909377,87.23760611,27.40124225
89317,Landslide at Triyuga Municipality-15,06-05-2026,86.68873709,26.86937606,86.76811032,26.94506296
89327,"Landslide at Hurhure, Rautamai Rural Municipality-7",06-05-2026,86.60214311,26.88376529,86.67347335,26.967371
89333,Landslide at Sharada Municipality-9,06-05-2026,82.0418337,28.33689377,82.1070692,28.41133874
89341,"Landslide at Malmul, Mathagadhi Rural Municipality-1",06-05-2026,83.59887623,27.8165172,83.66574946,27.87199622
89342,"Landslide at Kharkhola, Sharada Municipality-9",06-05-2026,82.0418337,28.33689377,82.1070692,28.41133874
89343,Landslide at Sharada Municipality-9,06-05-2026,82.0418337,28.33689377,82.1070692,28.41133874
89287,"Landslide at Bimereabhanjhang, MadhyaNepal Municipality-10",05-05-2026,84.28070349,28.14189462,84.32018588,28.1809808
89330,Landslide at Inaruwa Municipality-8,05-05-2026,87.10905233,26.61607892,87.16998942,26.66194625
89217,"Landslide at Bimirebhanjayang, MadhyaNepal Municipality-10",04-05-2026,84.28070349,28.14189462,84.32018588,28.1809808
89230,"Landslide at Kantilokpath, Konjyosom Rural Municipality-4",04-05-2026,85.31847231,27.5384786,85.36589926,27.55891782
89240,"Landslide at Kantilokpath, Makawanpurgadhi Rural Municipality-5",04-05-2026,85.05702439,27.43560124,85.12019398,27.48831754
89251,"Landslide at Bhasubhir, Gauriganga Municipality-9",04-05-2026,80.82804959,28.70369486,80.89714465,28.76321906
89260,"Landslide at Phadi, Machhapuchchhre Rural Municipality-2",04-05-2026,83.94813972,28.305277,84.06603578,28.41397834
89293,Landslide at Phaktanglung Rural Municipality-6,04-05-2026,87.71183495,27.49151796,88.20166777,27.90595938
89121,"Landslide at Pangdur, Konjyosom Rural Municipality-4",03-05-2026,85.31847231,27.5384786,85.36589926,27.55891782
89122,"Landslide at Khahare Khola , Sarumarani Rural Municipality-4",03-05-2026,82.79514874,27.94016678,82.86755313,28.01079696
89124,"Landslide at Bhryangdanda , Bhimphedi Rural Municipality-8",03-05-2026,85.18190701,27.45424567,85.26155758,27.53718931
89125,"Landslide at Bimire bhanjyang , MadhyaNepal Municipality-10",03-05-2026,84.28070349,28.14189462,84.32018588,28.1809808
89135,Landslide at Resunga Municipality-14,03-05-2026,83.27507659,28.07684596,83.32676702,28.12053287
89137,"Landslide at Chathandamar, Pyuthan Municipality-7",03-05-2026,82.85185577,28.10586252,82.88171112,28.13441901
89143,"Landslide at Asrang, Konjyosom Rural Municipality-4",03-05-2026,85.31847231,27.5384786,85.36589926,27.55891782
89189,"Landslide at Siddhababa, Mathagadhi Rural Municipality-1",03-05-2026,83.59887623,27.8165172,83.66574946,27.87199622
89105,"Landslide at Bhijera , Raghuganga Rural Municipality-8",01-05-2026,83.42055015,28.48904911,83.53806011,28.69745521
89109,Landslide at Inaruwa Municipality-8,01-05-2026,87.10905233,26.61607892,87.16998942,26.66194625
89117,"Landslide at Karam Chowk , Belaka Municipality-7",01-05-2026,87.07609062,26.86019136,87.16865132,26.92756097
89052,"Landslide at Bimirebhanjayang, MadhyaNepal Municipality-10",30-04-2026,84.28070349,28.14189462,84.32018588,28.1809808
89069,"Landslide at Koshi Highway , Khandbari Municipality-7",30-04-2026,87.20220932,27.36909377,87.23760611,27.40124225
89107,Landslide at Khandbari Municipality-7,30-04-2026,87.20220932,27.36909377,87.23760611,27.40124225
88991,"Landslide at Bimirebhanjayang, MadhyaNepal Municipality-10",29-04-2026,84.28070349,28.14189462,84.32018588,28.1809808
89023,"Landslide at Jalthale, Raghuganga Rural Municipality-8",29-04-2026,83.42055015,28.48904911,83.53806011,28.69745521
89025,"Landslide at Kodari, Jugal Rural Municipality-2",29-04-2026,85.69277115,27.85759222,85.79686022,28.04745458
88917,"Landslide at Maurikhola , Barbardiya Municipality-7",28-04-2026,81.37842041,28.3246777,81.43383887,28.38048263
88989,"Landslide at Mathillohuni, Gaumul Rural Municipality-1",28-04-2026,81.43507757,29.511634,81.57276609,29.69247101
88957,Landslide at Putha Uttarganga Rural Municipality-12,27-04-2026,82.73806582,28.55199511,82.80319769,28.64589936
88906,"Landslide at Kalikhola , Banfikot Rural Municipality-6",26-04-2026,82.42511763,28.69332702,82.46256074,28.74604354
88801,"Landslide at mabang, Sunchhahari Rural Municipality-5",25-04-2026,82.74871496,28.28684452,82.80845101,28.41704006
88807,"Landslide at Kimubote, Bhume Rural Municipality-3",25-04-2026,82.64068195,28.5510707,82.72115465,28.60183522
88812,"Landslide at Adame, Phidim Municipality-11",25-04-2026,87.76532587,27.12822481,87.83098637,27.17332166
88830,"Landslide at Kalabhir, Dharche Rural Municipality-3",25-04-2026,84.74876811,28.23077164,84.9086908,28.37644212
88838,"Landslide at Khachha, Sarkegad Rural Municipality-1",25-04-2026,81.90202967,29.67412928,82.03339959,29.76556502
88840,"Landslide at Rasuwagadhi, Gosaikunda Rural Municipality-2",25-04-2026,85.35805086,28.21724254,85.55786646,28.33702908
88851,"Landslide at Shreebeade, Shey Phoksundo Rural Municipality-99",25-04-2026,82.74488295,29.03984124,83.10481621,29.36636903
88863,"Landslide at Panitanki, Bhojpur Municipality-11",25-04-2026,87.06512192,27.12633704,87.10493021,27.19118282
88718,"Landslide at Bagkhor , Rong Rural Municipality-4",22-04-2026,88.02444325,26.74531243,88.09320865,26.8230055
88588,"Landslide at Ghayaru, Narpa Bhoomi Rural Municipality-3",20-04-2026,84.02188726,28.676822,84.24913768,28.88897443
88366,"Landslide at Bagkhor , Rong Rural Municipality-4",13-04-2026,88.02444325,26.74531243,88.09320865,26.8230055
88254,"Landslide at Thumki, Sangurigadhi Rural Municipality-6",09-04-2026,87.30090118,26.8466898,87.36889415,26.90422041
88258,"Landslide at Simbong, Bhotkhola Rural Municipality-4",09-04-2026,87.30295277,27.64077165,87.40260682,27.73206762
88188,"Landslide at Kalabhir, Dharche Rural Municipality-1",07-04-2026,84.89868923,28.24047194,85.12664707,28.47212138
88172,"Landslide at hallanagar, Shivaraj Municipality-2",06-04-2026,82.80981492,27.62718696,82.84430593,27.67328739
88113,Landslide at Gaumul Rural Municipality-3,05-04-2026,81.34966921,29.49343493,81.44246619,29.56492783
88005,Landslide at Jugal Rural Municipality-2,01-04-2026,85.69277115,27.85759222,85.79686022,28.04745458
88008,"Landslide at Bimire bhanjyang , MadhyaNepal Municipality-10",31-03-2026,84.28070349,28.14189462,84.32018588,28.1809808
87965,"Landslide at Chhongrang, Bhotkhola Rural Municipality-4",29-03-2026,87.30295277,27.64077165,87.40260682,27.73206762
87966,"Landslide at Thumki, Sangurigadhi Rural Municipality-6",29-03-2026,87.30090118,26.8466898,87.36889415,26.90422041
87979,Landslide at Illam Municipality-12,29-03-2026,87.86322238,26.87229975,87.91259276,26.92240266
87985,Landslide at Khandbari Municipality-7,29-03-2026,87.20220932,27.36909377,87.23760611,27.40124225
87986,Landslide at Sangurigadhi Rural Municipality-6,29-03-2026,87.30090118,26.8466898,87.36889415,26.90422041
87944,Landslide at Dhankuta Municipality-2,28-03-2026,87.32946555,26.98687752,87.3796788,27.0493181
87895,"Landslide at Khoxe Khola, Phungling Municipality-8",27-03-2026,87.65270615,27.30999051,87.71815219,27.35319346
87896,"Landslide at Kodhari, Bhotekoshi Rural Municipality-2",27-03-2026,85.87551965,27.93584496,85.97864221,28.05345347
87913,Landslide at Makawanpurgadhi Rural Municipality-5,27-03-2026,85.05702439,27.43560124,85.12019398,27.48831754
87920,Landslide at Benighat Rorang Rural Municipality-7,27-03-2026,84.7275987,27.76534037,84.7692979,27.80565522
87941,Landslide at Jugal Rural Municipality-2,27-03-2026,85.69277115,27.85759222,85.79686022,28.04745458
87862,"Landslide at Gaujini, Shivapuri Rural Municipality-3",25-03-2026,85.33588238,27.85878844,85.39982141,27.89182242
87864,"Landslide at khose khola, Pathibhara Yangwarak Rural Municipality-1",25-03-2026,87.6786403,27.28561391,87.73260417,27.34968637
87845,Landslide at Dhankuta Municipality-2,24-03-2026,87.32946555,26.98687752,87.3796788,27.0493181
87847,Landslide at Inaruwa Municipality-8,24-03-2026,87.10905233,26.61607892,87.16998942,26.66194625
87763,"Landslide at Thumki, Sangurigadhi Rural Municipality-6",21-03-2026,87.30090118,26.8466898,87.36889415,26.90422041
87741,Landslide at Konjyosom Rural Municipality-4,20-03-2026,85.31847231,27.5384786,85.36589926,27.55891782
87744,Landslide at Bhimphedi Rural Municipality-8,20-03-2026,85.18190701,27.45424567,85.26155758,27.53718931
87750,Landslide at Alital Rural Municipality-3,20-03-2026,80.42978267,29.12482712,80.53868024,29.23661865
87651,Landslide at Siddhalek Rural Municipality-6,18-03-2026,84.83485826,27.80139384,84.91329032,27.85158984
87531,Landslide at Tarkeshwar Rural Municipality-4,16-03-2026,85.01144413,27.84770255,85.07005551,27.89909076
87471,Landslide at Khandbari Municipality-7,15-03-2026,87.20220932,27.36909377,87.23760611,27.40124225
87476,Landslide at Madi Rural Municipality-3,15-03-2026,82.46375678,28.4131448,82.51923383,28.46636247
87430,"Landslide at Khokse Khola Mechi Highway , Pathibhara Yangwarak Rural Municipality-1",14-03-2026,87.6786403,27.28561391,87.73260417,27.34968637
87435,Landslide at Rolpa Municipality-10,14-03-2026,82.63861451,28.31188035,82.71498855,28.43185747
87448,"Landslide at Tuinkhola , Ichchhyakamana Rural Municipality-5",13-03-2026,84.55685995,27.82682401,84.60442033,27.86350749
87458,Landslide at Dhankuta Municipality-2,13-03-2026,87.32946555,26.98687752,87.3796788,27.0493181
87324,Landslide at Susta Rural Municipality-1,05-03-2026,83.82054943,27.46444796,83.89770261,27.51065892
87310,Landslide at Alital Rural Municipality-3,04-03-2026,80.42978267,29.12482712,80.53868024,29.23661865
87262,Landslide at Apihimal Rural Municipality-6,28-02-2026,80.72150068,29.774431,80.83223736,29.92995108
87203,"Landslide at Thumki, Sangurigadhi Rural Municipality-6",25-02-2026,87.30090118,26.8466898,87.36889415,26.90422041
87220,Landslide at Barekot Rural Municipality-3,25-02-2026,82.11747948,28.94916323,82.2750825,29.10996299
86977,"Landslide at Salyan , Raghuganga Rural Municipality-8",14-02-2026,83.42055015,28.48904911,83.53806011,28.69745521
86981,Landslide at Mikwakhola Rural Municipality-3,13-02-2026,87.6124611,27.41222821,87.65874099,27.45582147
86839,"Landslide at Bhalukhola, Bagmati Rural Municipality-4",04-02-2026,85.25467602,27.45118389,85.3034778,27.48686368
86812,Landslide at Namobuddha Municipality-4,01-02-2026,85.64528175,27.5320982,85.69628174,27.59163352
86793,Landslide at Gosaikunda Rural Municipality-4,31-01-2026,85.39967219,28.1292885,85.80022256,28.38628458
86762,Landslide at Konjyosom Rural Municipality-4,27-01-2026,85.31847231,27.5384786,85.36589926,27.55891782
86675,Landslide at Aathrai Tribeni Rural Municipality-5,25-01-2026,87.59754751,27.34093788,87.62399285,27.37126879
86544,Landslide at Gosaikunda Rural Municipality-2,19-01-2026,85.35805086,28.21724254,85.55786646,28.33702908
86553,Landslide at Kalimati Rural Municipality-3,18-01-2026,82.04408245,28.2463762,82.10073404,28.33972323
86442,Landslide at Jhimruk Rural Municipality-8,13-01-2026,82.93250985,28.15838364,82.98020066,28.19784976
86203,"Landslide at Tharmare , Sharada Municipality-9",02-01-2026,82.0418337,28.33689377,82.1070692,28.41133874
86124,"Landslide at Lagim , Banfikot Rural Municipality-6",29-12-2025,82.42511763,28.69332702,82.46256074,28.74604354
86057,Landslide at Sunil Smriti Rural Municipality-4,26-12-2025,82.69511725,28.20762345,82.74905776,28.25689729
85937,Landslide at Dharche Rural Municipality-5,19-12-2025,84.77574082,28.16370382,84.87698767,28.34008661
85819,Landslide at Mathagadhi Rural Municipality-1,14-12-2025,83.59887623,27.8165172,83.66574946,27.87199622
85859,Landslide at Rolpa Municipality-10,14-12-2025,82.63861451,28.31188035,82.71498855,28.43185747
85791,Landslide at Pyuthan Municipality-7,08-12-2025,82.85185577,28.10586252,82.88171112,28.13441901
85814,Landslide at Dhorpatan Municipality-4,07-12-2025,83.17771771,28.31772508,83.30396167,28.39246398
85683,Landslide at Katari Municipality-14,03-12-2025,86.36568193,27.1078772,86.43814447,27.17993974
85590,Landslide at Pachaljharana Rural Municipality-6,27-11-2025,81.69252208,29.30419336,81.75366191,29.34219478
85488,Landslide at Narpa Bhoomi Rural Municipality-3,21-11-2025,84.02188726,28.676822,84.24913768,28.88897443
85472,"Landslide at Malmul , Ribdikot Rural Municipality-3",20-11-2025,83.43936076,27.85359348,83.49137161,27.8971303
85388,Landslide at Gosaikunda Rural Municipality-4,15-11-2025,85.39967219,28.1292885,85.80022256,28.38628458
85215,Landslide at Pokhara Lekhnath Metropolitan City-26,02-11-2025,84.02397953,28.17346938,84.06288736,28.2167363
85216,Landslide at Phidim Municipality-11,02-11-2025,87.76532587,27.12822481,87.83098637,27.17332166
85194,Landslide at Molung Rural Municipality-1,01-11-2025,86.43498058,27.29580946,86.48449307,27.34125429
85205,Landslide at Dharche Rural Municipality-5,01-11-2025,84.77574082,28.16370382,84.87698767,28.34008661
85229,Landslide at Diprung Chuichumma Rural Municipality-4,01-11-2025,86.69847148,27.03800421,86.791842,27.1063511
85177,Landslide at Baragung Muktikhsetra Rural Municipality-3,31-10-2025,83.54812563,28.79753134,84.05182074,29.04383662
85179,Landslide at Nechasalyan Rural Municipality-6,31-10-2025,86.5493195,27.39750117,86.63123672,27.44798225
85180,Landslide at Ainselukhark Rural Municipality-7,31-10-2025,86.72074804,27.30776406,86.77904853,27.3609296
85184,Landslide at Kummayak Rural Municipality-4,31-10-2025,87.63990368,27.0685029,87.69452503,27.13769114
85185,Landslide at Chum Nubri Rural Municipality-3,31-10-2025,84.67751558,28.33026446,85.01225715,28.47825321
85187,Landslide at Gharapjhong Rural Municipality-4,31-10-2025,83.67573614,28.75951744,83.85774666,28.86758304
85192,Landslide at Shey Phoksundo Rural Municipality-99,31-10-2025,82.74488295,29.03984124,83.10481621,29.36636903
85173,Landslide at Loghekar Damodarkunda Rural Municipality-5,30-10-2025,83.82776199,28.83911885,84.24182968,29.0724145
85152,Landslide at Baragung Muktikhsetra Rural Municipality-3,29-10-2025,83.54812563,28.79753134,84.05182074,29.04383662
85013,Landslide at Pathibhara Yangwarak Rural Municipality-6,16-10-2025,87.78725219,27.2757243,87.83325237,27.31000596
83651,"Landslide at Chakhola, Bhumlu Rural Municipality-10",07-10-2025,85.68404132,27.60323809,85.72515802,27.64927251
83153,"Landslide at chumlung, Sakela Rural Municipality-5",06-10-2025,86.80062871,27.14560942,86.84330385,27.18236665
83649,"Landslide at Rampur, Ramechhap Municipality-5",06-10-2025,86.11441477,27.24217581,86.2131305,27.30081368
85120,"Landslide at katai, Sinja Rural Municipality-1",06-10-2025,81.92438929,29.3459571,82.0117837,29.40490918
83031,Landslide at Indrasarowar Rural Municipality-1,05-10-2025,85.13080862,27.57773393,85.18373949,27.6367773
83042,"Landslide at Khadka Gaau , Suryabinayak Municipality-10",05-10-2025,85.44198567,27.64228725,85.49374106,27.66489918
83046,Landslide at Bagmati Rural Municipality-4,05-10-2025,85.3682434,27.26391319,85.43181844,27.3260391
83051,Landslide at Gosaikunda Rural Municipality-5,05-10-2025,85.2987473,28.07194274,85.49534097,28.18202276
83052,Landslide at Sunapati Rural Municipality-3,05-10-2025,85.83742671,27.47091261,85.89834059,27.5223181
83060,Landslide at Suryabinayak Municipality-9,05-10-2025,85.44164829,27.62524759,85.47764298,27.66392555
83061,Landslide at Changunarayan Municipality-4,05-10-2025,85.40998049,27.70370935,85.45524012,27.72805063
83064,Landslide at Chainpur Municipality-3,05-10-2025,87.33714791,27.28216102,87.38446793,27.31883028
83069,Landslide at Pakhribas Municipality-4,05-10-2025,87.25823893,27.03944191,87.28867106,27.06886983
83083,Landslide at Mahalaxmi Municipality-7,05-10-2025,87.30077871,27.0925659,87.34479607,27.13987047
83084,Landslide at Ramprasad Rai Rural Municipality-3,05-10-2025,86.98340862,27.08611706,87.03252751,27.12694499
83087,Landslide at Chaubise Rural Municipality-2,05-10-2025,87.48556541,26.8710038,87.53179781,26.93390019
83092,Landslide at Sangurigadhi Rural Municipality-9,05-10-2025,87.19084699,26.86593481,87.2634548,26.91355834
83093,Landslide at Chhathar Jorpati Rural Municipality-2,05-10-2025,87.33544518,27.02736478,87.39285243,27.08378357
83097,Landslide at Roshi Rural Municipality-11,05-10-2025,85.70657357,27.40751842,85.78433094,27.47132472
83109,Landslide at Manebhanjyang Rural Municipality-5,05-10-2025,86.44227724,27.17920408,86.47690338,27.24342516
83114,Landslide at Solududhakunda Municipality-3,05-10-2025,86.4816665,27.50856274,86.58030704,27.55994991
83122,"Landslide at Belahara , Dhankuta Municipality-9",05-10-2025,87.27153577,26.91729493,87.33440438,26.98292159
83129,Landslide at Biratnagar Metropolitan City-16,05-10-2025,87.24253253,26.40571905,87.26868541,26.43078811
83145,Landslide at Tumbewa Rural Municipality-4,05-10-2025,87.59470835,26.95253236,87.65745181,27.00847929
83162,"Landslide at Bhalukhola, Airawati Rural Municipality-1",05-10-2025,82.93309724,27.91994069,83.01779002,27.993583
83648,"Landslide at Manedanda, Pauwadungma Rural Municipality-4",05-10-2025,87.09551738,27.08824173,87.16504256,27.14247943
83650,Landslide at Sandakpur Rural Municipality-5,05-10-2025,87.96386637,27.00046929,88.04981237,27.06735058
82996,"Landslide at Lamidanda, Lisangkhu Pakhar Rural Municipality-6",04-10-2025,85.86590143,27.70772862,85.89576946,27.74393847
82998,"Landslide at Gajuli, Sunkoshi Rural Municipality-1",04-10-2025,85.78286785,27.40983434,85.84270754,27.45103079
83020,Landslide at Deumai Municipality-5,04-10-2025,87.76756887,26.88770516,87.82806542,26.94715195
83021,"Landslide at Patigau, Mangsebung Rural Municipality-1",04-10-2025,87.69413302,26.88375876,87.77975105,26.92669844
83022,Landslide at Fakphokthum Rural Municipality-1,04-10-2025,87.70473307,26.97061477,87.7779888,27.02138616
83023,Landslide at Illam Municipality-6,04-10-2025,87.90596294,26.91205797,87.94066714,26.93838245
83024,Landslide at Illam Municipality-5,04-10-2025,87.90084332,26.92473459,87.94969505,26.97480019
83025,"Landslide at Manebhanjyang, Suryodaya Municipality-1",04-10-2025,88.0497755,26.92457325,88.12391343,27.00821485
83032,Landslide at Deumai Municipality-3,04-10-2025,87.82488262,26.91576315,87.89436532,26.98347961
83048,Landslide at Maijogmai Rural Municipality-6,04-10-2025,87.9613078,26.96559097,88.02569685,27.01194158
83050,Landslide at Maijogmai Rural Municipality-3,04-10-2025,87.98217672,26.90586601,88.04030728,26.94830112
83054,Landslide at Sandakpur Rural Municipality-1,04-10-2025,87.86031489,26.98800323,87.93344729,27.09449115
83086,Landslide at Dhulikhel Municipality-9,04-10-2025,85.55227435,27.5919697,85.61296074,27.61633409
83091,Landslide at Dhulikhel Municipality-11,04-10-2025,85.56782362,27.58360326,85.6277279,27.62254815
83096,Landslide at Kageshwori Manahora Municipality-9,04-10-2025,85.36459131,27.68919261,85.38676172,27.70706524
83111,Landslide at Illam Municipality-10,04-10-2025,87.91157715,26.85861224,88.01131674,26.89764543
83118,"Landslide at Laxmibote, Suryodaya Municipality-3",04-10-2025,88.06507783,26.90566773,88.11898704,26.96120681
83120,Landslide at Maijogmai Rural Municipality-6,04-10-2025,87.9613078,26.96559097,88.02569685,27.01194158
83127,"Landslide at damaiti, Triyuga Municipality-5",04-10-2025,86.55313565,26.69615818,86.65619259,26.80173448
83135,"Landslide at Jaubari, Falgunanda Rural Municipality-5",04-10-2025,87.69259458,26.99231368,87.74103939,27.05746931
83136,"Landslide at Solumba, Miklajung Rural Municipality-3",04-10-2025,87.58918506,26.90200375,87.67572028,26.95767153
83137,"Landslide at Alubari, Falgunanda Rural Municipality-1",04-10-2025,87.68161649,27.04780952,87.75920125,27.10474238
83652,Landslide at Mai Municipality-2,04-10-2025,87.86652485,26.68463768,87.94192221,26.76290344
82957,"Landslide at Gatlang , Aamachhodingmo Rural Municipality-5",02-10-2025,85.21011397,28.17409523,85.35093593,28.30247684
82937,"Landslide at Kandabagar, Bhume Rural Municipality-4",01-10-2025,82.62759979,28.5773007,82.70645056,28.62840072
82906,"Landslide at Kandabagar , Bhume Rural Municipality-4",30-09-2025,82.62759979,28.5773007,82.70645056,28.62840072
82916,"Landslide at Beni Darwang Road Section , Beni Municipality-4",29-09-2025,83.47948793,28.34059053,83.53461456,28.38051236
82884,Landslide at Sunkoshi Rural Municipality-7,28-09-2025,85.80271055,27.72948456,85.87059466,27.75645369
82885,Landslide at Birendranagar Municipality-13,28-09-2025,81.63906375,28.57162634,81.67924344,28.6789072
82895,Landslide at Purbichauki Rural Municipality-2,28-09-2025,80.99981989,29.29194629,81.06682988,29.3429837
82841,Landslide at Chaurjahari Municipality-9,27-09-2025,82.2202487,28.65706327,82.25824791,28.68347435
82824,Landslide at Benighat Rorang Rural Municipality-10,26-09-2025,84.61831846,27.75116753,84.69701866,27.82530765
82822,Landslide at Tulsipur Submetropolitan City-18,25-09-2025,82.30866447,28.07947904,82.38994599,28.1209852
82823,Landslide at Rolpa Municipality-10,25-09-2025,82.63861451,28.31188035,82.71498855,28.43185747
82766,"Landslide at Jalbire , Balefi Rural Municipality-1",24-09-2025,85.7672745,27.80895186,85.80181719,27.83957585
82768,Landslide at Benighat Rorang Rural Municipality-10,24-09-2025,84.61831846,27.75116753,84.69701866,27.82530765
82769,Landslide at Ichchhyakamana Rural Municipality-4,24-09-2025,84.57617873,27.84740593,84.63114024,27.88054389
82746,"Landslide at Goganpani , Aandhikhola Rural Municipality-5",23-09-2025,83.80404604,28.13827806,83.85696306,28.17745175
82747,Landslide at Changunarayan Municipality-4,23-09-2025,85.40998049,27.70370935,85.45524012,27.72805063
82748,Landslide at Phaktanglung Rural Municipality-6,23-09-2025,87.71183495,27.49151796,88.20166777,27.90595938
82735,"Landslide at Mokten , Dhankuta Municipality-2",22-09-2025,87.32946555,26.98687752,87.3796788,27.0493181
82744,"Landslide at Sisne Khola , Banfikot Rural Municipality-6",22-09-2025,82.42511763,28.69332702,82.46256074,28.74604354
82708,Landslide at Shankharapur Municipality-8,21-09-2025,85.4477506,27.73234367,85.47317451,27.76500561
82709,Landslide at Ichchhyakamana Rural Municipality-5,21-09-2025,84.55685995,27.82682401,84.60442033,27.86350749
82720,Landslide at Gosaikunda Rural Municipality-3,21-09-2025,85.34167317,28.15107955,85.43920571,28.23202002
82723,Landslide at Rainadevi Chhahara Rural Municipality-8,21-09-2025,83.23104023,27.75620616,83.31009829,27.83201799
82691,Landslide at Purbakhola Rural Municipality-3,20-09-2025,83.75869757,27.79574427,83.82438753,27.83900501
82692,Landslide at Nechasalyan Rural Municipality-6,20-09-2025,86.5493195,27.39750117,86.63123672,27.44798225
82694,Landslide at Meringden Rural Municipality-5,20-09-2025,87.52279122,27.42408313,87.61531963,27.46163509
82722,Landslide at Siddhicharan Municipality-7,20-09-2025,86.47179822,27.33983651,86.53244961,27.38918403
82687,"Landslide at Harikaun , Budhiganga Municipality-1",19-09-2025,81.35611311,29.3895507,81.39393168,29.41972593
82693,"Landslide at Nayakharka , Marsyangdi Rural Municipality-7",19-09-2025,84.38844356,28.28122197,84.61669057,28.47810652
82654,Landslide at Ichchhyakamana Rural Municipality-5,18-09-2025,84.55685995,27.82682401,84.60442033,27.86350749
82665,Landslide at Maiwakhola Rural Municipality-6,18-09-2025,87.44444377,27.36893319,87.55002724,27.48076256
82689,"Landslide at Siureni , Belkotgadhi Municipality-9",18-09-2025,85.09238833,27.81213034,85.13768449,27.85955873
82617,"Landslide at Dhitung , Halesi Tuwachung Municipality-8",17-09-2025,86.62342677,27.11547035,86.67901062,27.20068573
82624,Landslide at Banfikot Rural Municipality-10,17-09-2025,82.3993533,28.64238801,82.44765529,28.68903438
82629,Landslide at Shuklagandaki Municipality-7,17-09-2025,84.08358483,28.00648485,84.12105171,28.03978064
82635,Landslide at Annapurna Rural Municipality-4,17-09-2025,83.63590757,28.46956057,83.87158828,28.69325707
82656,Landslide at Rambha Rural Municipality-1,17-09-2025,83.6545574,27.87426359,83.75718593,27.92752493
82596,"Landslide at Namsi Bridge , Ichchhyakamana Rural Municipality-6",16-09-2025,84.49429017,27.77624768,84.58991335,27.83920784
82597,Landslide at Ichchhyakamana Rural Municipality-5,16-09-2025,84.55685995,27.82682401,84.60442033,27.86350749
82604,Landslide at Falelung Rural Municipality-3,16-09-2025,87.88400528,27.18130086,88.01563673,27.24440005
82605,Landslide at Kushma Municipality-10,16-09-2025,83.69072225,28.18684882,83.72463574,28.22469922
82640,Landslide at Musikot Municipality-3,16-09-2025,82.42033361,28.61920941,82.45119708,28.64656944
82568,"Landslide at Thuladihi , Putalibazar Municipality-7",15-09-2025,83.89592957,28.08152617,83.9816165,28.12133699
82583,Landslide at Rampur Municipality-10,15-09-2025,83.75334866,27.85729892,83.81530979,27.91011123
82586,Landslide at Rainadevi Chhahara Rural Municipality-7,15-09-2025,83.26695111,27.75630854,83.3435207,27.81726585
82591,"Landslide at Soryang , Arun Rural Municipality-2",15-09-2025,87.11345103,27.19784302,87.17535482,27.26430304
82593,"Landslide at Pashupatinath Temple , Bhojpur Municipality-11",15-09-2025,87.06512192,27.12633704,87.10493021,27.19118282
82601,Landslide at Phidim Municipality-11,15-09-2025,87.76532587,27.12822481,87.83098637,27.17332166
82607,Landslide at Falelung Rural Municipality-5,15-09-2025,87.89164032,27.13084115,87.9962879,27.18826236
82633,Landslide at Phidim Municipality-13,15-09-2025,87.82452632,27.07695953,87.91731495,27.136112
82554,Landslide at Phaktanglung Rural Municipality-6,14-09-2025,87.71183495,27.49151796,88.20166777,27.90595938
82555,"Landslide at Lekhai , Tyamkemaiyung Rural Municipality-9",14-09-2025,86.89479348,27.09727804,86.96373241,27.16218656
82556,"Landslide at Chaukidanda , Bhojpur Municipality-11",14-09-2025,87.06512192,27.12633704,87.10493021,27.19118282
82557,Landslide at Phaktanglung Rural Municipality-6,14-09-2025,87.71183495,27.49151796,88.20166777,27.90595938
82560,"Landslide at Archale , Yangwarak Rural Municipality-6",14-09-2025,87.7676873,27.24494375,87.82044147,27.2775805
82565,"Landslide at Sigana , Baglung Municipality-8",14-09-2025,83.53526023,28.22165215,83.56933645,28.26325703
82570,"Landslide at Under Kateri , Kuse Rural Municipality-7",14-09-2025,82.1649199,28.83833526,82.23465582,28.89598773
82585,Landslide at Halesi Tuwachung Municipality-11,14-09-2025,86.67033655,27.0883669,86.75116851,27.18809898
82549,Landslide at Bigu Rural Municipality-1,12-09-2025,86.07927822,27.81742183,86.29998206,28.17417557
82552,Landslide at Banfikot Rural Municipality-8,12-09-2025,82.40375527,28.68586943,82.44025268,28.71634693
82548,Landslide at Maiwakhola Rural Municipality-5,11-09-2025,87.50198355,27.36180845,87.55713189,27.38414432
82729,Landslide at Ghorahi Submetropolitan City-5,11-09-2025,82.33357848,27.92640257,82.46265235,28.02213862
82529,Landslide at Maiwakhola Rural Municipality-6,10-09-2025,87.44444377,27.36893319,87.55002724,27.48076256
82540,Landslide at Sotang Rural Municipality-1,10-09-2025,86.72310988,27.45175055,86.76126978,27.50832541
82509,Landslide at Sani Bheri Rural Municipality-11,07-09-2025,82.34179107,28.60566797,82.37288245,28.64379325
82519,"Landslide at Nagthan, Kakani Rural Municipality-1",07-09-2025,85.24185764,27.7836323,85.27877057,27.81169266
82483,Landslide at Surnaya Rural Municipality-5,06-09-2025,80.56295374,29.48352759,80.6378394,29.55263875
82504,Landslide at Banfikot Rural Municipality-6,06-09-2025,82.42511763,28.69332702,82.46256074,28.74604354
82471,"Landslide at Tinpiple , Kageshwori Manahora Municipality-9",05-09-2025,85.36459131,27.68919261,85.38676172,27.70706524
82473,Landslide at Sukidaha Rural Municipality-5,05-09-2025,82.37361985,28.43062936,82.43666028,28.4846933
82449,Landslide at Phidim Municipality-11,04-09-2025,87.76532587,27.12822481,87.83098637,27.17332166
82455,Landslide at Musikot Municipality-4,04-09-2025,82.43547857,28.60208569,82.48465956,28.62474092
82463,Landslide at Bhume Rural Municipality-4,04-09-2025,82.62759979,28.5773007,82.70645056,28.62840072
82419,"Landslide at Ramala , Surnaya Rural Municipality-5",03-09-2025,80.56295374,29.48352759,80.6378394,29.55263875
82448,"Landslide at Pokhare, Barahtal Rural Municipality-8",03-09-2025,81.45289762,28.59842689,81.56253372,28.72631796
82383,Landslide at Sharada Municipality-9,02-09-2025,82.0418337,28.33689377,82.1070692,28.41133874
82388,Landslide at Surnaya Rural Municipality-5,02-09-2025,80.56295374,29.48352759,80.6378394,29.55263875
82390,Landslide at Banfikot Rural Municipality-6,02-09-2025,82.42511763,28.69332702,82.46256074,28.74604354
82397,Landslide at Suryagadhi Rural Municipality-4,02-09-2025,85.2144156,27.91643261,85.26486965,27.95002711
82398,Landslide at Surnaya Rural Municipality-5,02-09-2025,80.56295374,29.48352759,80.6378394,29.55263875
82402,"Landslide at Gaura Gaau , Banfikot Rural Municipality-4",02-09-2025,82.45445504,28.66907009,82.47982943,28.70003965
82405,Landslide at Banfikot Rural Municipality-6,02-09-2025,82.42511763,28.69332702,82.46256074,28.74604354
82423,Landslide at Banfikot Rural Municipality-6,02-09-2025,82.42511763,28.69332702,82.46256074,28.74604354
82318,"Landslide at Tempo , Phaktanglung Rural Municipality-6",01-09-2025,87.71183495,27.49151796,88.20166777,27.90595938
82324,Landslide at Tribeni Rural Municipality-7,01-09-2025,82.37854947,28.56296802,82.43484789,28.60167221
82331,Landslide at Musikot Municipality-11,01-09-2025,82.42832447,28.570674,82.48694099,28.61223985
82332,Landslide at Musikot Municipality-5,01-09-2025,83.30815649,28.10156028,83.35825859,28.1537305
82401,Landslide at Jugal Rural Municipality-2,01-09-2025,85.69277115,27.85759222,85.79686022,28.04745458
82403,Landslide at Balefi Rural Municipality-1,01-09-2025,85.7672745,27.80895186,85.80181719,27.83957585
82404,Landslide at Musikot Municipality-13,01-09-2025,82.3828892,28.608112,82.43586916,28.64469684
82276,"Landslide at Dhadtole , Kuse Rural Municipality-7",31-08-2025,82.1649199,28.83833526,82.23465582,28.89598773
82277,Landslide at Putha Uttarganga Rural Municipality-4,31-08-2025,82.78596731,28.66662148,82.83889772,28.72272196
82278,Landslide at Lekam Rural Municipality-6,31-08-2025,80.4815547,29.65754728,80.52810127,29.68125131
82282,Landslide at Tamakoshi Rural Municipality-7,31-08-2025,86.13102928,27.5369586,86.1863509,27.59335637
82283,Landslide at Sisne Rural Municipality-8,31-08-2025,82.48581458,28.62076328,82.54258908,28.66776334
82284,Landslide at Kageshwori Manahora Municipality-9,31-08-2025,85.36459131,27.68919261,85.38676172,27.70706524
82285,Landslide at Surnaya Rural Municipality-5,31-08-2025,80.56295374,29.48352759,80.6378394,29.55263875
82288,Landslide at Gosaikunda Rural Municipality-4,31-08-2025,85.39967219,28.1292885,85.80022256,28.38628458
82290,Landslide at Jugal Rural Municipality-2,31-08-2025,85.69277115,27.85759222,85.79686022,28.04745458
82292,Landslide at Kuse Rural Municipality-7,31-08-2025,82.1649199,28.83833526,82.23465582,28.89598773
82294,Landslide at Aathbiskot Municipality-12,31-08-2025,82.34155688,28.72411122,82.39075738,28.77229373
82296,Landslide at Gosaikunda Rural Municipality-4,31-08-2025,85.39967219,28.1292885,85.80022256,28.38628458
82297,Landslide at Kuse Rural Municipality-7,31-08-2025,82.1649199,28.83833526,82.23465582,28.89598773
82299,Landslide at Rolpa Municipality-10,31-08-2025,82.63861451,28.31188035,82.71498855,28.43185747
82316,"Landslide at Chhing Taligaau , Banfikot Rural Municipality-6",31-08-2025,82.42511763,28.69332702,82.46256074,28.74604354
82317,Landslide at Chaurjahari Municipality-14,31-08-2025,82.30844941,28.57936544,82.3563705,28.6331982
82327,Landslide at Chhathar Jorpati Rural Municipality-2,31-08-2025,87.33544518,27.02736478,87.39285243,27.08378357
82329,"Landslide at Sahajpur, Phaktanglung Rural Municipality-6",31-08-2025,87.71183495,27.49151796,88.20166777,27.90595938
82337,"Landslide at Sahare, Sani Bheri Rural Municipality-7",31-08-2025,82.29804806,28.64235909,82.34765324,28.67652729
82338,"Landslide at Hukma , Sirijangha Rural Municipality-5",31-08-2025,87.83731961,27.36120448,87.88421289,27.41343596
82339,"Landslide at Lelep , Phaktanglung Rural Municipality-6",31-08-2025,87.71183495,27.49151796,88.20166777,27.90595938
82420,Landslide at Mathagadhi Rural Municipality-1,31-08-2025,83.59887623,27.8165172,83.66574946,27.87199622
82464,Landslide at Rolpa Municipality-10,31-08-2025,82.63861451,28.31188035,82.71498855,28.43185747
82252,Landslide at Banfikot Rural Municipality-6,30-08-2025,82.42511763,28.69332702,82.46256074,28.74604354
82256,Landslide at Bagnaskali Rural Municipality-6,30-08-2025,83.55457109,27.89502718,83.62675681,27.94306341
82257,Landslide at Junichande Rural Municipality-9,30-08-2025,81.88082485,28.83540587,81.95133574,28.87441452
82258,"Landslide at Bisuna Tole , Mahabu Rural Municipality-2",30-08-2025,81.66694229,28.85294574,81.6999118,28.91271048
82279,Landslide at Banfikot Rural Municipality-4,30-08-2025,82.45445504,28.66907009,82.47982943,28.70003965
82280,Landslide at Banfikot Rural Municipality-9,30-08-2025,82.41692545,28.66321315,82.45896163,28.69819859
82291,Landslide at Kuse Rural Municipality-7,30-08-2025,82.1649199,28.83833526,82.23465582,28.89598773
82298,Landslide at Banfikot Rural Municipality-5,30-08-2025,82.44647856,28.68721304,82.49432535,28.74851356
82226,Landslide at Pokhara Lekhnath Metropolitan City-14,29-08-2025,84.00005462,28.15501334,84.03756474,28.21302797
82227,Landslide at Apihimal Rural Municipality-6,29-08-2025,80.72150068,29.774431,80.83223736,29.92995108
82228,"Landslide at Chechung , Dhaulagiri Rural Municipality-4",29-08-2025,83.29444466,28.48061307,83.55870202,28.79376258
82229,Landslide at Tara Khola Rural Municipality-3,29-08-2025,83.35657942,28.25506095,83.43073512,28.30749191
82234,Landslide at Jugal Rural Municipality-1,29-08-2025,85.68936807,27.82722608,85.77394333,27.87460759
82235,Landslide at Gauriganga Municipality-9,29-08-2025,80.82804959,28.70369486,80.89714465,28.76321906
82238,Landslide at Bigu Rural Municipality-1,29-08-2025,86.07927822,27.81742183,86.29998206,28.17417557
82239,"Landslide at Badali Gaau , Apihimal Rural Municipality-6",29-08-2025,80.72150068,29.774431,80.83223736,29.92995108
82242,Landslide at Bungal Municipality-9,29-08-2025,80.77734284,29.57960758,80.83999795,29.64080365
82245,Landslide at Rolpa Municipality-10,29-08-2025,82.63861451,28.31188035,82.71498855,28.43185747
82249,"Landslide at Maugan , Kuse Rural Municipality-7",29-08-2025,82.1649199,28.83833526,82.23465582,28.89598773
82205,Landslide at Kageshwori Manahora Municipality-9,28-08-2025,85.36459131,27.68919261,85.38676172,27.70706524
82215,Landslide at Khandbari Municipality-7,28-08-2025,87.20220932,27.36909377,87.23760611,27.40124225
82217,"Landslide at Chhausa , Bhojpur Municipality-11",28-08-2025,87.06512192,27.12633704,87.10493021,27.19118282
82219,Landslide at Bhojpur Municipality-11,28-08-2025,87.06512192,27.12633704,87.10493021,27.19118282
82222,"Landslide at Sirsire, Makawanpurgadhi Rural Municipality-5",28-08-2025,85.05702439,27.43560124,85.12019398,27.48831754
82233,Landslide at Mahabu Rural Municipality-2,28-08-2025,81.66694229,28.85294574,81.6999118,28.91271048
82204,"Landslide at Satkilla , Netrawati Dabjong Rural Municipality-1",27-08-2025,84.92008082,28.00038689,84.99090156,28.03111331
82221,Landslide at Khijidemba Rural Municipality-8,27-08-2025,86.35926968,27.46035205,86.42677475,27.51820722
82223,"Landslide at Simtar , Suryagadhi Rural Municipality-4",27-08-2025,85.2144156,27.91643261,85.26486965,27.95002711
82179,Landslide at Khandbari Municipality-7,26-08-2025,87.20220932,27.36909377,87.23760611,27.40124225
82059,"Landslide at Kuru , Banfikot Rural Municipality-5",24-08-2025,82.44647856,28.68721304,82.49432535,28.74851356
82012,Landslide at Kageshwori Manahora Municipality-9,23-08-2025,85.36459131,27.68919261,85.38676172,27.70706524
82044,Landslide at Apihimal Rural Municipality-6,23-08-2025,80.72150068,29.774431,80.83223736,29.92995108
82045,Landslide at Gangajamuna Rural Municipality-4,23-08-2025,84.91194929,28.01694183,84.96192836,28.06148907
82046,"Landslide at Baltar , Mahabu Rural Municipality-2",23-08-2025,81.66694229,28.85294574,81.6999118,28.91271048
82048,"Landslide at Lasku , Mahakali_Darchula Municipality-1",23-08-2025,80.55144685,29.82857689,80.64736096,29.86469882
85139,Landslide at Surnaya Rural Municipality-5,23-08-2025,80.56295374,29.48352759,80.6378394,29.55263875
82013,Landslide at Tarakeshwor Municipality-1,22-08-2025,85.3047511,27.77163199,85.32870091,27.81486776
82014,Landslide at Apihimal Rural Municipality-6,22-08-2025,80.72150068,29.774431,80.83223736,29.92995108
82017,Landslide at Makawanpurgadhi Rural Municipality-5,22-08-2025,85.05702439,27.43560124,85.12019398,27.48831754
82026,Landslide at Bhojpur Municipality-11,22-08-2025,87.06512192,27.12633704,87.10493021,27.19118282
82027,"Landslide at Dhapasi Salesberi , Kageshwori Manahora Municipality-9",22-08-2025,85.36459131,27.68919261,85.38676172,27.70706524
82037,Landslide at Narayan Municipality-4,22-08-2025,81.7061819,28.877776,81.7750052,28.9179887
82043,Landslide at Mahabu Rural Municipality-2,22-08-2025,81.66694229,28.85294574,81.6999118,28.91271048
81983,"Landslide at Timure , Chhedagad Municipality-10",21-08-2025,82.07739947,28.73294433,82.16013322,28.800424
81984,"Landslide at Nigale , Mugum Karmarong Rural Municipality-7",21-08-2025,82.25688082,29.57157879,82.40126244,29.71589185
82036,Landslide at Musikot Municipality-10,21-08-2025,82.48715449,28.55124959,82.53583476,28.58415068
81926,Landslide at Bhojpur Municipality-12,20-08-2025,87.02770263,27.09576083,87.10174686,27.17652506
81982,"Landslide at Dhungel Bajar , Chhedagad Municipality-11",20-08-2025,82.05676644,28.70537059,82.10446884,28.76732297
81985,"Landslide at Muru , Banfikot Rural Municipality-6",20-08-2025,82.42511763,28.69332702,82.46256074,28.74604354
81987,Landslide at Junichande Rural Municipality-11,20-08-2025,81.94188641,28.81222849,81.98773776,28.85719576
81888,Landslide at Pachaljharana Rural Municipality-3,19-08-2025,81.70255866,29.17727992,81.80798063,29.25665096
81891,Landslide at Annapurna Rural Municipality-11,19-08-2025,83.73185653,28.37769188,83.94915585,28.61343856
81892,Landslide at Kamalbazar Municipality-7,19-08-2025,81.24933037,29.03806677,81.3219265,29.08357418
81899,Landslide at Khandbari Municipality-7,19-08-2025,87.20220932,27.36909377,87.23760611,27.40124225
81931,Landslide at Banfikot Rural Municipality-6,19-08-2025,82.42511763,28.69332702,82.46256074,28.74604354
81986,"Landslide at Tallo Hitan Gaau , Nalgaad Municipality-11",19-08-2025,82.38783913,28.86847759,82.48390079,29.0044785
82049,"Landslide at Syuna , Pachaljharana Rural Municipality-3",19-08-2025,81.70255866,29.17727992,81.80798063,29.25665096
81858,"Landslide at Mahabhir , Raghuganga Rural Municipality-8",18-08-2025,83.42055015,28.48904911,83.53806011,28.69745521
81859,Landslide at Rolpa Municipality-10,18-08-2025,82.63861451,28.31188035,82.71498855,28.43185747
81873,"Landslide at Sare Chyane , Nechasalyan Rural Municipality-6",18-08-2025,86.5493195,27.39750117,86.63123672,27.44798225
81925,Landslide at Kuse Rural Municipality-7,18-08-2025,82.1649199,28.83833526,82.23465582,28.89598773
81835,Landslide at Netrawati Dabjong Rural Municipality-1,17-08-2025,84.92008082,28.00038689,84.99090156,28.03111331
81838,"Landslide at Thulachaur , Resunga Municipality-14",17-08-2025,83.27507659,28.07684596,83.32676702,28.12053287
81840,Landslide at Mahalaxmi Municipality-2,17-08-2025,87.317291,27.13602369,87.37233402,27.17376763
81827,"Landslide at Reut Tole , Banfikot Rural Municipality-6",16-08-2025,82.42511763,28.69332702,82.46256074,28.74604354
81806,Landslide at Inaruwa Municipality-8,15-08-2025,87.10905233,26.61607892,87.16998942,26.66194625
81941,Landslide at Makawanpurgadhi Rural Municipality-5,15-08-2025,85.05702439,27.43560124,85.12019398,27.48831754
81751,Landslide at Phidim Municipality-11,14-08-2025,87.76532587,27.12822481,87.83098637,27.17332166
81765,Landslide at Putha Uttarganga Rural Municipality-4,14-08-2025,82.78596731,28.66662148,82.83889772,28.72272196
81766,Landslide at Dhakari Rural Municipality-1,14-08-2025,81.21839582,28.93198112,81.29416919,29.04135086
81769,Landslide at Mathagadhi Rural Municipality-1,14-08-2025,83.59887623,27.8165172,83.66574946,27.87199622
81770,Landslide at Banfikot Rural Municipality-6,14-08-2025,82.42511763,28.69332702,82.46256074,28.74604354
81788,"Landslide at Okharbote , Bhojpur Municipality-11",14-08-2025,87.06512192,27.12633704,87.10493021,27.19118282
81789,Landslide at Lungri Rural Municipality-3,14-08-2025,82.77660349,28.18643214,82.83293545,28.24700388
81791,"Landslide at Orang , Bigu Rural Municipality-1",14-08-2025,86.07927822,27.81742183,86.29998206,28.17417557
81715,Landslide at Rolpa Municipality-10,13-08-2025,82.63861451,28.31188035,82.71498855,28.43185747
81716,"Landslide at Manbung , Illam Municipality-12",13-08-2025,87.86322238,26.87229975,87.91259276,26.92240266
81730,"Landslide at Pasku , Khumbupasanglahmu Rural Municipality-3",13-08-2025,86.56391828,27.67450779,86.89989835,27.81638911
81733,"Landslide at Kanyam , Illam Municipality-12",13-08-2025,87.86322238,26.87229975,87.91259276,26.92240266
81738,"Landslide at Susma Golai , Dharan Submetropolitan City-13",13-08-2025,87.28067238,26.82709135,87.30940869,26.85394241
81741,"Landslide at Rukura , Khumbupasanglahmu Rural Municipality-3",13-08-2025,86.56391828,27.67450779,86.89989835,27.81638911
81773,Landslide at Simkot Rural Municipality-3,13-08-2025,81.84574098,29.9423704,81.92143068,30.07094363
81700,"Landslide at Soktim , Illam Municipality-12",12-08-2025,87.86322238,26.87229975,87.91259276,26.92240266
81714,"Landslide at Kalabhir , Rolpa Municipality-10",12-08-2025,82.63861451,28.31188035,82.71498855,28.43185747
81726,"Landslide at Kotgaau , Khandbari Municipality-7",12-08-2025,87.20220932,27.36909377,87.23760611,27.40124225
81678,"Landslide at Gandra , Barahtal Rural Municipality-8",11-08-2025,81.45289762,28.59842689,81.56253372,28.72631796
81679,"Landslide at Samakhoriya , Barahtal Rural Municipality-8",11-08-2025,81.45289762,28.59842689,81.56253372,28.72631796
81680,"Landslide at Dharmaghar , Pachaljharana Rural Municipality-3",11-08-2025,81.70255866,29.17727992,81.80798063,29.25665096
81681,"Landslide at Khamdak , Bhojpur Municipality-11",11-08-2025,87.06512192,27.12633704,87.10493021,27.19118282
81684,Landslide at Raskot Municipality-1,11-08-2025,81.60135199,29.25006397,81.6303386,29.28838002
81687,"Landslide at Chisodhara , Suryagadhi Rural Municipality-4",11-08-2025,85.2144156,27.91643261,85.26486965,27.95002711
81682,"Landslide at Makrip , Khandbari Municipality-7",10-08-2025,87.20220932,27.36909377,87.23760611,27.40124225
81648,Landslide at Marsyangdi Rural Municipality-7,09-08-2025,84.38844356,28.28122197,84.61669057,28.47810652
81649,Landslide at Musikot Municipality-10,09-08-2025,82.48715449,28.55124959,82.53583476,28.58415068
81656,"Landslide at Bhale odhar , Annapurna Rural Municipality-9",09-08-2025,83.70062039,28.32519374,83.77399379,28.39958818
81657,Landslide at Modi Rural Municipality-4,09-08-2025,83.65878292,28.26014467,83.70269409,28.34213772
81611,Landslide at Mathagadhi Rural Municipality-1,08-08-2025,83.59887623,27.8165172,83.66574946,27.87199622
81612,Landslide at Netrawati Dabjong Rural Municipality-1,08-08-2025,84.92008082,28.00038689,84.99090156,28.03111331
81616,Landslide at Aathabis Municipality-4,08-08-2025,81.43186531,29.02710177,81.49882874,29.08998875
81632,Landslide at Ghanglekh Rural Municipality-5,08-08-2025,85.68377162,27.31605855,85.74341421,27.4120379
81635,Landslide at Phedap Rural Municipality-3,08-08-2025,87.54506206,27.12262229,87.59479314,27.17792227
81638,"Landslide at Thulo Jatri , Barahtal Rural Municipality-8",08-08-2025,81.45289762,28.59842689,81.56253372,28.72631796
81650,"Landslide at Kelpu , Molung Rural Municipality-1",08-08-2025,86.43498058,27.29580946,86.48449307,27.34125429
81653,"Landslide at Darimpata, Kuse Rural Municipality-7",08-08-2025,82.1649199,28.83833526,82.23465582,28.89598773
81532,Landslide at Mathagadhi Rural Municipality-1,05-08-2025,83.59887623,27.8165172,83.66574946,27.87199622
81548,Landslide at Bhumekasthan Municipality-7,05-08-2025,83.01225344,27.93547383,83.0791275,27.98388952
81552,Landslide at Banfikot Rural Municipality-1,05-08-2025,82.54407554,28.64405465,82.61594903,28.71434277
81554,"Landslide at Dhanchaur , Bhumekasthan Municipality-10",05-08-2025,83.0130518,27.90621235,83.08478642,27.95159475
81559,"Landslide at Dhondre , Ghorahi Submetropolitan City-5",05-08-2025,82.33357848,27.92640257,82.46265235,28.02213862
81561,Landslide at Sitganga Municipality-12,05-08-2025,83.01606227,27.75673572,83.1394073,27.85080941
81564,"Landslide at Barbot , Bhumekasthan Municipality-7",05-08-2025,83.01225344,27.93547383,83.0791275,27.98388952
81576,"Landslide at Bahunthana , Kuse Rural Municipality-7",05-08-2025,82.1649199,28.83833526,82.23465582,28.89598773
81577,"Landslide at Khayarbhatti , Sitganga Municipality-10",05-08-2025,82.89540586,27.79581385,83.02658096,27.88095838
81641,"Landslide at Baisari , Raghuganga Rural Municipality-8",05-08-2025,83.42055015,28.48904911,83.53806011,28.69745521
81509,Landslide at Resunga Municipality-14,04-08-2025,83.27507659,28.07684596,83.32676702,28.12053287
81515,"Landslide at Likyang , Rolpa Municipality-10",04-08-2025,82.63861451,28.31188035,82.71498855,28.43185747
81517,"Landslide at Paira , Surma Rural Municipality-1",04-08-2025,81.08536992,29.61750602,81.2229145,29.82287492
81518,Landslide at Bhojpur Municipality-11,04-08-2025,87.06512192,27.12633704,87.10493021,27.19118282
81520,"Landslide at Phedi , Bhojpur Municipality-11",04-08-2025,87.06512192,27.12633704,87.10493021,27.19118282
81521,"Landslide at Bhasme , Khumbupasanglahmu Rural Municipality-3",04-08-2025,86.56391828,27.67450779,86.89989835,27.81638911
81522,Landslide at Resunga Municipality-14,04-08-2025,83.27507659,28.07684596,83.32676702,28.12053287
81485,"Landslide at Jurbot, Banfikot Rural Municipality-6",03-08-2025,82.42511763,28.69332702,82.46256074,28.74604354
81487,Landslide at Banfikot Rural Municipality-6,03-08-2025,82.42511763,28.69332702,82.46256074,28.74604354
81492,"Landslide at Gotheri , Sharada Municipality-9",03-08-2025,82.0418337,28.33689377,82.1070692,28.41133874
81539,Landslide at Bhojpur Municipality-11,03-08-2025,87.06512192,27.12633704,87.10493021,27.19118282
81470,"Landslide at Purkotdaha , Madane Rural Municipality-6",02-08-2025,83.04952084,28.10676591,83.11175998,28.16689495
81471,Landslide at Alital Rural Municipality-3,02-08-2025,80.42978267,29.12482712,80.53868024,29.23661865
81476,"Landslide at Thalakhum , Khumbupasanglahmu Rural Municipality-3",02-08-2025,86.56391828,27.67450779,86.89989835,27.81638911
81477,"Landslide at Dasera , Kuse Rural Municipality-7",02-08-2025,82.1649199,28.83833526,82.23465582,28.89598773
81478,"Landslide at Buku , Khijidemba Rural Municipality-7",02-08-2025,86.32668863,27.47478677,86.37208499,27.52626946
81484,"Landslide at Rajamantar , Gokulganga Rural Municipality-4",02-08-2025,86.14431564,27.50900248,86.21422496,27.55083655
81445,"Landslide at Naubise , Gosaikunda Rural Municipality-4",31-07-2025,85.39967219,28.1292885,85.80022256,28.38628458
81449,"Landslide at Lamalote , Shey Phoksundo Rural Municipality-99",31-07-2025,82.74488295,29.03984124,83.10481621,29.36636903
81451,"Landslide at Bhiurankot , Bharatpur Metropolitan City-14",31-07-2025,84.34443666,27.58478461,84.3843992,27.62742632
81433,"Landslide at Hemja , Pokhara Lekhnath Metropolitan City-25",30-07-2025,83.8760082,28.24710108,83.96900173,28.30152432
81434,Landslide at Resunga Municipality-14,30-07-2025,83.27507659,28.07684596,83.32676702,28.12053287
81435,"Landslide at Sipri , Musikot Municipality-11",30-07-2025,82.42832447,28.570674,82.48694099,28.61223985
81436,"Landslide at Huga River , Khumbupasanglahmu Rural Municipality-3",30-07-2025,86.56391828,27.67450779,86.89989835,27.81638911
81440,"Landslide at Ghachok Bhalabot , Machhapuchchhre Rural Municipality-2",30-07-2025,83.94813972,28.305277,84.06603578,28.41397834
81448,"Landslide at Betal , Guthichaur Rural Municipality-5",30-07-2025,82.18812634,29.18172722,82.27117334,29.27470683
81413,Landslide at Suryagadhi Rural Municipality-4,29-07-2025,85.2144156,27.91643261,85.26486965,27.95002711
81415,"Landslide at Kimathanka , Khandbari Municipality-7",29-07-2025,87.20220932,27.36909377,87.23760611,27.40124225
81374,"Landslide at Kodari , Jugal Rural Municipality-2",28-07-2025,85.69277115,27.85759222,85.79686022,28.04745458
81394,"Landslide at Kajimrang , Netrawati Dabjong Rural Municipality-1",28-07-2025,84.92008082,28.00038689,84.99090156,28.03111331
81396,"Landslide at Maikot , Putha Uttarganga Rural Municipality-4",28-07-2025,82.78596731,28.66662148,82.83889772,28.72272196
81400,"Landslide at Phyanglung & Ghattekhola , Gosaikunda Rural Municipality-4",28-07-2025,85.39967219,28.1292885,85.80022256,28.38628458
81401,"Landslide at Tersapatti , Machhapuchchhre Rural Municipality-2",28-07-2025,83.94813972,28.305277,84.06603578,28.41397834
81402,Landslide at Suryagadhi Rural Municipality-4,28-07-2025,85.2144156,27.91643261,85.26486965,27.95002711
81376,"Landslide at Mekhalama, Simkot Rural Municipality-3",26-07-2025,81.84574098,29.9423704,81.92143068,30.07094363
81347,"Landslide at Sikhra , Bhumekasthan Municipality-7",25-07-2025,83.01225344,27.93547383,83.0791275,27.98388952
81348,Landslide at Dhankuta Municipality-2,25-07-2025,87.32946555,26.98687752,87.3796788,27.0493181
81353,Landslide at Halesi Tuwachung Municipality-11,25-07-2025,86.67033655,27.0883669,86.75116851,27.18809898
81354,Landslide at Simkot Rural Municipality-3,25-07-2025,81.84574098,29.9423704,81.92143068,30.07094363
81341,Landslide at Halesi Tuwachung Municipality-11,24-07-2025,86.67033655,27.0883669,86.75116851,27.18809898
81344,"Landslide at Kalleri , Dupcheshwar Rural Municipality-3",24-07-2025,85.38657839,27.91326325,85.43625254,27.94851313
81307,"Landslide at Dablyang , Baglung Municipality-10",23-07-2025,83.59041065,28.21616024,83.62992101,28.26078699
81308,"Landslide at Kodari , Jugal Rural Municipality-2",23-07-2025,85.69277115,27.85759222,85.79686022,28.04745458
81318,"Landslide at Raduwa , Alital Rural Municipality-3",23-07-2025,80.42978267,29.12482712,80.53868024,29.23661865
81323,"Landslide at Disnapur , Khandbari Municipality-7",23-07-2025,87.20220932,27.36909377,87.23760611,27.40124225
81324,Landslide at Halesi Tuwachung Municipality-11,23-07-2025,86.67033655,27.0883669,86.75116851,27.18809898
81333,"Landslide at Tamang Gaau , Phaktanglung Rural Municipality-6",23-07-2025,87.71183495,27.49151796,88.20166777,27.90595938
81398,Landslide at Bhirkot Municipality-8,23-07-2025,83.70842626,28.02509685,83.76918943,28.08610574
81306,Landslide at Khandbari Municipality-7,22-07-2025,87.20220932,27.36909377,87.23760611,27.40124225
81312,"Landslide at Dhamachaur , Rolpa Municipality-10",22-07-2025,82.63861451,28.31188035,82.71498855,28.43185747
81314,"Landslide at Tummiya , Sirijangha Rural Municipality-8",22-07-2025,87.84472332,27.41980775,88.15478069,27.70203659
81315,"Landslide at Bipudhap , Phaktanglung Rural Municipality-4",22-07-2025,87.66417523,27.45988634,87.76754864,27.55830824
81316,"Landslide at Bhirkharka , Jugal Rural Municipality-2",22-07-2025,85.69277115,27.85759222,85.79686022,28.04745458
81288,Landslide at Jugal Rural Municipality-2,21-07-2025,85.69277115,27.85759222,85.79686022,28.04745458
81215,"Landslide at Rabi , Phidim Municipality-11",20-07-2025,87.76532587,27.12822481,87.83098637,27.17332166
81224,Landslide at Kushma Municipality-10,20-07-2025,83.69072225,28.18684882,83.72463574,28.22469922
81228,"Landslide at Baseri , Kamalamai Municipality-5",20-07-2025,85.85981501,27.16413113,85.92837919,27.25554887
81231,Landslide at Annapurna Rural Municipality-2,20-07-2025,83.84509486,28.26619946,83.86179266,28.29058001
81233,"Landslide at Bhalam, Pokhara Lekhnath Metropolitan City-20",20-07-2025,83.98406781,28.23823211,84.06271572,28.29426743
81242,Landslide at Fakphokthum Rural Municipality-5,20-07-2025,87.69392985,26.91043089,87.76499202,26.93795682
81246,Landslide at Balefi Rural Municipality-8,20-07-2025,85.84047598,27.75481801,85.87720715,27.76798112
81251,Landslide at Pokhara Lekhnath Metropolitan City-16,20-07-2025,83.95783759,28.24083912,84.04342608,28.32767169
81254,Landslide at Illam Municipality-12,20-07-2025,87.86322238,26.87229975,87.91259276,26.92240266
81255,"Landslide at Aamchowk, Illam Municipality-12",20-07-2025,87.86322238,26.87229975,87.91259276,26.92240266
81256,Landslide at Khumbupasanglahmu Rural Municipality-3,20-07-2025,86.56391828,27.67450779,86.89989835,27.81638911
81260,Landslide at Jugal Rural Municipality-2,20-07-2025,85.69277115,27.85759222,85.79686022,28.04745458
81261,"Landslide at Chimling Beshi , Balefi Rural Municipality-7",20-07-2025,85.8206522,27.75432483,85.85515727,27.79217514
81262,Landslide at Molung Rural Municipality-1,20-07-2025,86.43498058,27.29580946,86.48449307,27.34125429
81263,"Landslide at Dhalkepul , Pokhara Lekhnath Metropolitan City-13",20-07-2025,84.00713873,28.20498689,84.05823975,28.25675051
81267,"Landslide at Lampata , Pokhara Lekhnath Metropolitan City-19",20-07-2025,83.9326458,28.25616285,83.98265562,28.30704901
81268,"Landslide at Siddhababa , Mathagadhi Rural Municipality-1",20-07-2025,83.59887623,27.8165172,83.66574946,27.87199622
81269,"Landslide at Thamthum , Phidim Municipality-11",20-07-2025,87.76532587,27.12822481,87.83098637,27.17332166
81270,"Landslide at Satyerupa , Phidim Municipality-11",20-07-2025,87.76532587,27.12822481,87.83098637,27.17332166
81274,"Landslide at Muwa River , Phidim Municipality-11",20-07-2025,87.76532587,27.12822481,87.83098637,27.17332166
81286,"Landslide at Parigaau , Sani Bheri Rural Municipality-11",20-07-2025,82.34179107,28.60566797,82.37288245,28.64379325
81289,Landslide at Banfikot Rural Municipality-4,20-07-2025,82.45445504,28.66907009,82.47982943,28.70003965
81292,Landslide at Banfikot Rural Municipality-6,20-07-2025,82.42511763,28.69332702,82.46256074,28.74604354
81234,Landslide at Annapurna Rural Municipality-8,19-07-2025,83.75194917,28.30906824,83.79866932,28.35412061
81237,Landslide at Illam Municipality-12,19-07-2025,87.86322238,26.87229975,87.91259276,26.92240266
81243,Landslide at Illam Municipality-12,19-07-2025,87.86322238,26.87229975,87.91259276,26.92240266
81245,Landslide at Balefi Rural Municipality-6,19-07-2025,85.80924207,27.75067599,85.83827193,27.78690823
81210,"Landslide at Chauthikot , Pachaljharana Rural Municipality-3",18-07-2025,81.70255866,29.17727992,81.80798063,29.25665096
81280,"Landslide at Chauthikot , Pachaljharana Rural Municipality-3",18-07-2025,81.70255866,29.17727992,81.80798063,29.25665096
81199,"Landslide at Martadi , Gaumul Rural Municipality-1",17-07-2025,81.43507757,29.511634,81.57276609,29.69247101
81203,"Landslide at Baaun Gaau , Gaumul Rural Municipality-1",17-07-2025,81.43507757,29.511634,81.57276609,29.69247101
81212,"Landslide at Bhasgaau , Konjyosom Rural Municipality-4",17-07-2025,85.31847231,27.5384786,85.36589926,27.55891782
81188,"Landslide at Hurhure - Sanima Hydropower Company Road , Bigu Rural Municipality-1",16-07-2025,86.07927822,27.81742183,86.29998206,28.17417557
81189,Landslide at Marsyangdi Rural Municipality-7,16-07-2025,84.38844356,28.28122197,84.61669057,28.47810652
81282,"Landslide at Dana , Raghuganga Rural Municipality-8",16-07-2025,83.42055015,28.48904911,83.53806011,28.69745521
81131,Landslide at Rawa Besi Rural Municipality-2,15-07-2025,86.67715086,27.24237183,86.74905779,27.29010733
81184,Landslide at Gokulganga Rural Municipality-4,15-07-2025,86.14431564,27.50900248,86.21422496,27.55083655
81192,Landslide at Gokulganga Rural Municipality-4,15-07-2025,86.14431564,27.50900248,86.21422496,27.55083655
81283,"Landslide at Tallopaku , Bhumekasthan Municipality-10",15-07-2025,83.0130518,27.90621235,83.08478642,27.95159475
81096,"Landslide at Seguwa , Phaktanglung Rural Municipality-6",14-07-2025,87.71183495,27.49151796,88.20166777,27.90595938
81065,"Landslide at Trafic choke, Putalibazar Municipality-1",13-07-2025,83.80747972,28.04901777,83.83619129,28.07803142
81077,Landslide at Phidim Municipality-11,13-07-2025,87.76532587,27.12822481,87.83098637,27.17332166
81040,"Landslide at Mahalakshmi , Makawanpurgadhi Rural Municipality-5",11-07-2025,85.05702439,27.43560124,85.12019398,27.48831754
81044,"Landslide at Sanjen River Hydroelectricity Project , Gosaikunda Rural Municipality-4",11-07-2025,85.39967219,28.1292885,85.80022256,28.38628458
81281,"Landslide at Mahalaxmi, Makawanpurgadhi Rural Municipality-5",11-07-2025,85.05702439,27.43560124,85.12019398,27.48831754
81019,Landslide at Putha Uttarganga Rural Municipality-14,10-07-2025,82.65355692,28.58333321,82.74940477,28.67766027
81022,"Landslide at Rawa, Molung Rural Municipality-1",10-07-2025,86.43498058,27.29580946,86.48449307,27.34125429
81034,"Landslide at Pakhagaau , Dupcheshwar Rural Municipality-4",10-07-2025,85.39982141,27.8767355,85.48757738,27.9301661
80950,Landslide at Jugal Rural Municipality-2,09-07-2025,85.69277115,27.85759222,85.79686022,28.04745458
80974,"Landslide at Lupsi para, Malika Rural Municipality-2",09-07-2025,83.3010751,28.35461151,83.36124614,28.40540995
80985,"Landslide at Ghumaune , Namobuddha Municipality-7",09-07-2025,85.62736092,27.52237087,85.65838212,27.55870984
80991,Landslide at Surnaya Rural Municipality-5,09-07-2025,80.56295374,29.48352759,80.6378394,29.55263875
80993,Landslide at Banfikot Rural Municipality-6,09-07-2025,82.42511763,28.69332702,82.46256074,28.74604354
81000,"Landslide at Tharkate , Banfikot Rural Municipality-2",09-07-2025,82.50851507,28.64649453,82.60697157,28.74483151
81008,Landslide at Malika Rural Municipality-2,09-07-2025,83.3010751,28.35461151,83.36124614,28.40540995
81011,"Landslide at Mauribhir , Dhorpatan Municipality-4",09-07-2025,83.17771771,28.31772508,83.30396167,28.39246398
81017,"Landslide at Uri , Annapurna Rural Municipality-11",09-07-2025,83.73185653,28.37769188,83.94915585,28.61343856
81023,"Landslide at Okharbote , Bhojpur Municipality-11",09-07-2025,87.06512192,27.12633704,87.10493021,27.19118282
81024,"Landslide at Matel , Bhojpur Municipality-11",09-07-2025,87.06512192,27.12633704,87.10493021,27.19118282
80939,Landslide at Mathagadhi Rural Municipality-1,08-07-2025,83.59887623,27.8165172,83.66574946,27.87199622
80962,"Landslide at Paiyabara , Banfikot Rural Municipality-6",08-07-2025,82.42511763,28.69332702,82.46256074,28.74604354
80963,Landslide at Mangalsen Municipality-6,08-07-2025,81.24909847,29.06559862,81.28408563,29.11733713
80968,"Landslide at Pasikhel , Kageshwori Manahora Municipality-9",08-07-2025,85.36459131,27.68919261,85.38676172,27.70706524
80973,Landslide at Rolpa Municipality-10,08-07-2025,82.63861451,28.31188035,82.71498855,28.43185747
81007,"Landslide at Solarghar , Chisankhugadhi Rural Municipality-7",08-07-2025,86.53720051,27.31468899,86.5788966,27.38703279
80928,Landslide at Bungal Municipality-8,07-07-2025,80.76198351,29.62744004,80.82594197,29.68837854
80918,"Landslide at Thulobager, Annapurna Rural Municipality-2",06-07-2025,83.572727,28.47114196,83.65522375,28.51211401
80889,Landslide at Banepa Municipality-3,05-07-2025,85.51351181,27.6473191,85.56383195,27.69401765
80912,"Landslide at Dadgau, Shivapuri Rural Municipality-7",05-07-2025,85.30612798,27.81661672,85.33808845,27.86477714
80913,"Landslide at Tallograng, Kalika Rural Municipality-1",05-07-2025,85.19327832,28.01701942,85.25437216,28.08594443
80895,"Landslide at Timure, Lisangkhu Pakhar Rural Municipality-7",04-07-2025,85.83796497,27.6831688,85.89775392,27.73588625
80896,"Landslide at Phalate , Suryagadhi Rural Municipality-3",04-07-2025,85.20114155,27.92172079,85.24157373,27.96202433
80897,"Landslide at Tarapani , Khatyad Rural Municipality-5",04-07-2025,81.89997002,29.43737587,81.97962946,29.50835824
80902,"Landslide at Bhorle , Neelakantha Municipality-13",04-07-2025,84.87864237,27.92397963,84.95226365,27.96753247
80903,"Landslide at Devighat , Bidur Municipality-5",04-07-2025,85.10690036,27.85678885,85.15849617,27.89486198
80873,"Landslide at Bogatitar, Uttargaya Rural Municipality-5",03-07-2025,85.18025293,27.97297354,85.1985808,28.00504747
80874,"Landslide at Dandaparajul, Dungeshwor Rural Municipality-5",03-07-2025,81.67520182,28.72594197,81.75602532,28.76480284
80877,Landslide at Kuse Rural Municipality-3,03-07-2025,82.07558621,28.83800402,82.14394475,28.90283844
80893,Landslide at Sani Bheri Rural Municipality-11,03-07-2025,82.34179107,28.60566797,82.37288245,28.64379325
80901,"Landslide at Syaule , Chautara SangachokGadhi Municipality-1",03-07-2025,85.66955379,27.79261349,85.72194076,27.86090173
80860,"Landslide at Dablyang, Baglung Municipality-10",02-07-2025,83.59041065,28.21616024,83.62992101,28.26078699
80866,"Landslide at Pairadi, Talkot Rural Municipality-1",02-07-2025,81.19534015,29.57387816,81.24552389,29.64047702
80869,"Landslide at Menisauna, Madane Rural Municipality-4",02-07-2025,83.05135232,28.15213536,83.08386306,28.19788037
80872,"Landslide at Khirlabote, Sidingba Rural Municipality-2",02-07-2025,87.91919569,27.2806233,87.95965174,27.32829381
80850,"Landslide at Chadani Chowk , Mahabu Rural Municipality-2",01-07-2025,81.66694229,28.85294574,81.6999118,28.91271048
80853,Landslide at Surnaya Rural Municipality-5,01-07-2025,80.56295374,29.48352759,80.6378394,29.55263875
81326,Landslide at Chhayanath Rara Municipality-12,01-07-2025,82.21311611,29.4334027,82.31700487,29.58192656
80783,Landslide at Pachaljharana Rural Municipality-3,30-06-2025,81.70255866,29.17727992,81.80798063,29.25665096
80807,"Landslide at Gora Gaau , Purchaudi Municipality-10",30-06-2025,80.58553622,29.53913172,80.64979163,29.59361213
80809,Landslide at Bhimdatta Municipality-15,30-06-2025,80.15088675,28.92547851,80.19418774,28.96721277
80814,Landslide at Shikhar Municipality-2,30-06-2025,80.77682938,29.15458593,80.91028983,29.24746269
80818,Landslide at Resunga Municipality-14,30-06-2025,83.27507659,28.07684596,83.32676702,28.12053287
80819,Landslide at Banfikot Rural Municipality-6,30-06-2025,82.42511763,28.69332702,82.46256074,28.74604354
80822,Landslide at Surnaya Rural Municipality-5,30-06-2025,80.56295374,29.48352759,80.6378394,29.55263875
80782,"Landslide at Akhate , Rolpa Municipality-10",29-06-2025,82.63861451,28.31188035,82.71498855,28.43185747
80804,Landslide at Surnaya Rural Municipality-5,29-06-2025,80.56295374,29.48352759,80.6378394,29.55263875
80811,Landslide at Resunga Municipality-14,29-06-2025,83.27507659,28.07684596,83.32676702,28.12053287
80768,"Landslide at Simbandi, Naukunda Rural Municipality-1",28-06-2025,85.24325661,28.01026016,85.32101453,28.06303878
80773,"Landslide at Lipna, Bedkot Municipality-4",28-06-2025,80.26110319,28.96010537,80.32155461,29.05855026
80749,"Landslide at Bhitti , Shey Phoksundo Rural Municipality-99",27-06-2025,82.74488295,29.03984124,83.10481621,29.36636903
80753,"Landslide at Guwatar , Phaktanglung Rural Municipality-6",27-06-2025,87.71183495,27.49151796,88.20166777,27.90595938
80759,Landslide at Suryagadhi Rural Municipality-4,27-06-2025,85.2144156,27.91643261,85.26486965,27.95002711
80762,Landslide at Kushma Municipality-10,27-06-2025,83.69072225,28.18684882,83.72463574,28.22469922
80766,Landslide at Shey Phoksundo Rural Municipality-99,27-06-2025,82.74488295,29.03984124,83.10481621,29.36636903
80744,"Landslide at Lachyang , Gosaikunda Rural Municipality-4",26-06-2025,85.39967219,28.1292885,85.80022256,28.38628458
80682,Landslide at Molung Rural Municipality-1,24-06-2025,86.43498058,27.29580946,86.48449307,27.34125429
80698,"Landslide at Pankhapani, Nechasalyan Rural Municipality-6",24-06-2025,86.5493195,27.39750117,86.63123672,27.44798225
80700,"Landslide at Nuwakot , Rolpa Municipality-10",24-06-2025,82.63861451,28.31188035,82.71498855,28.43185747
80701,Landslide at Phidim Municipality-11,24-06-2025,87.76532587,27.12822481,87.83098637,27.17332166
80702,"Landslide at Kholagaau , Phidim Municipality-11",24-06-2025,87.76532587,27.12822481,87.83098637,27.17332166
80714,"Landslide at Siddhakali , Khandbari Municipality-7",24-06-2025,87.20220932,27.36909377,87.23760611,27.40124225
80722,"Landslide at Phurke , Khumbupasanglahmu Rural Municipality-3",24-06-2025,86.56391828,27.67450779,86.89989835,27.81638911
80723,Landslide at Mahakulung Rural Municipality-5,24-06-2025,86.83190891,27.42823712,86.88641743,27.49954027
80677,Landslide at Khandbari Municipality-7,23-06-2025,87.20220932,27.36909377,87.23760611,27.40124225
80645,Landslide at Gokulganga Rural Municipality-4,22-06-2025,86.14431564,27.50900248,86.21422496,27.55083655
80662,"Landslide at Khimti , Bigu Rural Municipality-1",22-06-2025,86.07927822,27.81742183,86.29998206,28.17417557
80670,Landslide at Netrawati Dabjong Rural Municipality-1,22-06-2025,84.92008082,28.00038689,84.99090156,28.03111331
80620,Landslide at Konjyosom Rural Municipality-4,21-06-2025,85.31847231,27.5384786,85.36589926,27.55891782
80622,Landslide at Bhumekasthan Municipality-7,21-06-2025,83.01225344,27.93547383,83.0791275,27.98388952
80626,Landslide at Gosaikunda Rural Municipality-4,21-06-2025,85.39967219,28.1292885,85.80022256,28.38628458
80635,Landslide at Bigu Rural Municipality-1,21-06-2025,86.07927822,27.81742183,86.29998206,28.17417557
80639,Landslide at Gokulganga Rural Municipality-4,21-06-2025,86.14431564,27.50900248,86.21422496,27.55083655
80694,"Landslide at Dhamidera , Apihimal Rural Municipality-6",21-06-2025,80.72150068,29.774431,80.83223736,29.92995108
80557,"Landslide at Phadi, Changunarayan Municipality-6",20-06-2025,85.47064607,27.70003092,85.52513885,27.72870846
80562,"Landslide at Batase Danda , Hupsekot Rural Municipality-4",20-06-2025,84.04777179,27.68118015,84.12831313,27.7386686
80563,"Landslide at Bhalebas , Tansen Municipality-8",20-06-2025,83.51426341,27.79386793,83.56208978,27.83458233
80564,Landslide at Sharada Municipality-9,20-06-2025,82.0418337,28.33689377,82.1070692,28.41133874
80565,Landslide at Raghuganga Rural Municipality-8,20-06-2025,83.42055015,28.48904911,83.53806011,28.69745521
80566,Landslide at Raghuganga Rural Municipality-8,20-06-2025,83.42055015,28.48904911,83.53806011,28.69745521
80567,Landslide at Ghorahi Submetropolitan City-5,20-06-2025,82.33357848,27.92640257,82.46265235,28.02213862
80593,"Landslide at Dhitung , Halesi Tuwachung Municipality-8",20-06-2025,86.62342677,27.11547035,86.67901062,27.20068573
80594,"Landslide at Khilang, Madi Rural Municipality-1",20-06-2025,84.04852414,28.31938483,84.12456245,28.47886018
80595,"Landslide at Sisne, Chandrakot Rural Municipality-7",20-06-2025,83.35196532,28.04674243,83.40045882,28.08758145
80602,Landslide at Sitganga Municipality-13,20-06-2025,83.10608273,27.75710878,83.19979993,27.83737688
80606,Landslide at Machhapuchchhre Rural Municipality-2,20-06-2025,83.94813972,28.305277,84.06603578,28.41397834
80613,"Landslide at Sedi, Pokhara Lekhnath Metropolitan City-18",20-06-2025,83.91965585,28.21677441,83.98254054,28.2600801
80531,"Landslide at Tuinkhola , Bharatpur Metropolitan City-14",19-06-2025,84.34443666,27.58478461,84.3843992,27.62742632
80533,"Landslide at Bhandareghat , Halesi Tuwachung Municipality-11",19-06-2025,86.67033655,27.0883669,86.75116851,27.18809898
80534,"Landslide at Rupse, Raghuganga Rural Municipality-8",19-06-2025,83.42055015,28.48904911,83.53806011,28.69745521
80556,"Landslide at Tekermash, Nechasalyan Rural Municipality-6",19-06-2025,86.5493195,27.39750117,86.63123672,27.44798225
80571,"Landslide at Bhattedanda , Konjyosom Rural Municipality-4",19-06-2025,85.31847231,27.5384786,85.36589926,27.55891782
80572,Landslide at Makawanpurgadhi Rural Municipality-5,19-06-2025,85.05702439,27.43560124,85.12019398,27.48831754
80573,"Landslide at Chorkhola , Sharada Municipality-9",19-06-2025,82.0418337,28.33689377,82.1070692,28.41133874
80584,Landslide at Gosaikunda Rural Municipality-4,19-06-2025,85.39967219,28.1292885,85.80022256,28.38628458
80592,Landslide at Paribartan Rural Municipality-1,19-06-2025,82.55552149,28.42211476,82.65940124,28.51092989
80607,Landslide at Resunga Municipality-14,19-06-2025,83.27507659,28.07684596,83.32676702,28.12053287
80631,Landslide at Molung Rural Municipality-1,19-06-2025,86.43498058,27.29580946,86.48449307,27.34125429
80537,Landslide at Katari Municipality-8,18-06-2025,86.37198742,26.99847919,86.45588799,27.07727826
80538,Landslide at Halesi Tuwachung Municipality-11,18-06-2025,86.67033655,27.0883669,86.75116851,27.18809898
80539,Landslide at Marsyangdi Rural Municipality-7,18-06-2025,84.38844356,28.28122197,84.61669057,28.47810652
80541,Landslide at Siddhicharan Municipality-10,18-06-2025,86.43283541,27.25866374,86.48085594,27.2982461
80542,"Landslide at Liping Bajar , Bhotekoshi Rural Municipality-2",18-06-2025,85.87551965,27.93584496,85.97864221,28.05345347
80577,"Landslide at Phuli River , Rolpa Municipality-10",18-06-2025,82.63861451,28.31188035,82.71498855,28.43185747
80513,Landslide at Apihimal Rural Municipality-6,17-06-2025,80.72150068,29.774431,80.83223736,29.92995108
80515,"Landslide at Bayakata , Halesi Tuwachung Municipality-11",17-06-2025,86.67033655,27.0883669,86.75116851,27.18809898
80520,Landslide at Ichchhyakamana Rural Municipality-5,17-06-2025,84.55685995,27.82682401,84.60442033,27.86350749
80544,Landslide at Annapurna Rural Municipality-1,17-06-2025,83.85840284,28.25483801,83.88442302,28.2914855
80499,"Landslide at swara, Pokhara Lekhnath Metropolitan City-22",16-06-2025,83.85662209,28.16845151,83.96825552,28.2245708
80500,"Landslide at Mailung, Uttargaya Rural Municipality-1",16-06-2025,85.12245348,28.05567021,85.2432774,28.16885403
80522,Landslide at Pokhara Lekhnath Metropolitan City-26,16-06-2025,84.02397953,28.17346938,84.06288736,28.2167363
80523,Landslide at Putha Uttarganga Rural Municipality-4,16-06-2025,82.78596731,28.66662148,82.83889772,28.72272196
80525,Landslide at Khandbari Municipality-7,16-06-2025,87.20220932,27.36909377,87.23760611,27.40124225
80464,"Landslide at Lamphajung , Dhankuta Municipality-2",15-06-2025,87.32946555,26.98687752,87.3796788,27.0493181
80465,Landslide at Makawanpurgadhi Rural Municipality-5,15-06-2025,85.05702439,27.43560124,85.12019398,27.48831754
80467,"Landslide at Chhapeli , Konjyosom Rural Municipality-4",15-06-2025,85.31847231,27.5384786,85.36589926,27.55891782
80473,"Landslide at Bijule, Halesi Tuwachung Municipality-10",15-06-2025,86.65423419,27.1409326,86.7041071,27.23757076
80479,"Landslide at Sidar, Bhagawatimai Rural Municipality-2",15-06-2025,81.81482267,28.78534704,81.84856478,28.84731548
80507,"Landslide at Gosdanda, Annapurna Rural Municipality-3",15-06-2025,83.80159001,28.26252576,83.85345084,28.30488906
80283,Landslide at Shikhar Municipality-2,12-06-2025,80.77682938,29.15458593,80.91028983,29.24746269
80246,Landslide at Pyuthan Municipality-7,11-06-2025,82.85185577,28.10586252,82.88171112,28.13441901
80270,Landslide at Bhumekasthan Municipality-7,11-06-2025,83.01225344,27.93547383,83.0791275,27.98388952
80729,"Landslide at Khahare River , Marsyangdi Rural Municipality-7",11-06-2025,84.38844356,28.28122197,84.61669057,28.47810652
80201,Landslide at Rautamai Rural Municipality-7,06-06-2025,86.60214311,26.88376529,86.67347335,26.967371
80150,Landslide at Bheri Municipality-11,04-06-2025,82.12083101,28.62162516,82.19817899,28.68052984
80152,Landslide at Raghuganga Rural Municipality-8,04-06-2025,83.42055015,28.48904911,83.53806011,28.69745521
80137,"Landslide at Subedi Gaau , Khandbari Municipality-7",03-06-2025,87.20220932,27.36909377,87.23760611,27.40124225
80091,Landslide at Tyamkemaiyung Rural Municipality-1,01-06-2025,86.9474207,27.2243996,87.04974088,27.31350753
80047,Landslide at Mai Municipality-1,31-05-2025,87.76808188,26.76179054,87.87475248,26.83004945
80054,Landslide at Sangurigadhi Rural Municipality-5,31-05-2025,87.36227157,26.84566329,87.42072765,26.90159716
80020,Landslide at Sarumarani Rural Municipality-4,29-05-2025,82.79514874,27.94016678,82.86755313,28.01079696
80009,"Landslide at Rautgau, Bheri Municipality-10",28-05-2025,82.06811424,28.61810012,82.129229,28.66316763
79978,Landslide at Pyuthan Municipality-7,26-05-2025,82.85185577,28.10586252,82.88171112,28.13441901
79955,Landslide at Suryabinayak Municipality-10,25-05-2025,85.44198567,27.64228725,85.49374106,27.66489918
79927,Landslide at Kuse Rural Municipality-7,24-05-2025,82.1649199,28.83833526,82.23465582,28.89598773
79938,Landslide at Raghuganga Rural Municipality-8,23-05-2025,83.42055015,28.48904911,83.53806011,28.69745521
79898,Landslide at Netrawati Dabjong Rural Municipality-1,20-05-2025,84.92008082,28.00038689,84.99090156,28.03111331
79837,"Landslide at Maha Gaau , Mugum Karmarong Rural Municipality-7",18-05-2025,82.25688082,29.57157879,82.40126244,29.71589185
79672,Landslide at Chisankhugadhi Rural Municipality-5,17-05-2025,86.5999015,27.29415633,86.63659517,27.34090048
79673,Landslide at Bhirkot Municipality-8,17-05-2025,83.70842626,28.02509685,83.76918943,28.08610574
79691,"Landslide at Gauthali Bhir , Dhunibesi Municipality-1",17-05-2025,85.20765272,27.74266575,85.27024204,27.77650686
79752,Landslide at Simkot Rural Municipality-3,16-05-2025,81.84574098,29.9423704,81.92143068,30.07094363
79767,Landslide at Raghuganga Rural Municipality-8,16-05-2025,83.42055015,28.48904911,83.53806011,28.69745521
79661,"Landslide at Guithevir, Annapurna Rural Municipality-3",15-05-2025,83.57384955,28.50137914,83.6605092,28.5899958
79608,Landslide at Rolpa Municipality-10,12-05-2025,82.63861451,28.31188035,82.71498855,28.43185747
79525,"Landslide at Rawat Gaau , Bheri Municipality-11",10-05-2025,82.12083101,28.62162516,82.19817899,28.68052984
79496,"Landslide at Chorkhola , Kapurkot Rural Municipality-3",07-05-2025,82.31186426,28.20588696,82.36927237,28.26005258
79461,Landslide at Rolpa Municipality-10,05-05-2025,82.63861451,28.31188035,82.71498855,28.43185747
79434,Landslide at Konjyosom Rural Municipality-4,04-05-2025,85.31847231,27.5384786,85.36589926,27.55891782
79438,Landslide at Rubi Valley Rural Municipality-4,04-05-2025,85.03878818,28.1067716,85.15116144,28.34415761
79420,"Landslide at Hiude Khola , Hupsekot Rural Municipality-4",03-05-2025,84.04777179,27.68118015,84.12831313,27.7386686
79344,"Landslide at Sunargaau , Phungling Municipality-8",02-05-2025,87.65270615,27.30999051,87.71815219,27.35319346
79403,"Landslide at Khachha , Sarkegad Rural Municipality-1",02-05-2025,81.90202967,29.67412928,82.03339959,29.76556502
79325,"Landslide at Kaurini, Belkotgadhi Municipality-5",01-05-2025,85.01203182,27.80948964,85.07394325,27.84116398
79336,"Landslide at Khaccha, Sarkegad Rural Municipality-1",30-04-2025,81.90202967,29.67412928,82.03339959,29.76556502
79190,"Landslide at Khachha , Sarkegad Rural Municipality-1",25-04-2025,81.90202967,29.67412928,82.03339959,29.76556502
79100,"Landslide at Tharpubashi, Kakani Rural Municipality-7",24-04-2025,85.20201241,27.83834347,85.24565642,27.8782029
79108,"Landslide at Lumphajung, Sangurigadhi Rural Municipality-5",24-04-2025,87.36227157,26.84566329,87.42072765,26.90159716
79088,"Landslide at Dharmaduar, Makalu Rural Municipality-3",23-04-2025,87.27348777,27.55282914,87.35981243,27.66712943
78964,Landslide at Aathabis Municipality-2,19-04-2025,81.43010613,28.9628637,81.4867478,29.00707881
78967,Landslide at Apihimal Rural Municipality-6,19-04-2025,80.72150068,29.774431,80.83223736,29.92995108
78969,Landslide at Simkot Rural Municipality-3,19-04-2025,81.84574098,29.9423704,81.92143068,30.07094363
78920,Landslide at Panchkhal Municipality-8,17-04-2025,85.64188807,27.62936415,85.68916237,27.66667677
78921,Landslide at Adanchuli Rural Municipality-1,17-04-2025,81.8273171,29.61940715,81.86823274,29.6547502
78933,Landslide at Kapurkot Rural Municipality-3,17-04-2025,82.31186426,28.20588696,82.36927237,28.26005258
78936,Landslide at Adanchuli Rural Municipality-3,17-04-2025,81.84281469,29.6515742,81.94402508,29.72430472
78844,"Landslide at Debung, Phungling Municipality-3",13-04-2025,87.62097663,27.33274016,87.65872023,27.36677895
78671,Landslide at Banfikot Rural Municipality-8,10-04-2025,82.40375527,28.68586943,82.44025268,28.71634693
78747,"Landslide at Sisne , Aathabis Municipality-1",10-04-2025,81.43111464,28.91197509,81.52117315,28.97699845
78748,"Landslide at Daunne , Binayee Tribeni Rural Municipality-2",10-04-2025,83.78989787,27.54499343,83.88548843,27.63904017
77801,Landslide at Marsyangdi Rural Municipality-4,24-03-2025,84.2485615,28.33364683,84.41019113,28.45656929
77748,"Landslide at Odhare , Sangurigadhi Rural Municipality-5",23-03-2025,87.36227157,26.84566329,87.42072765,26.90159716
77731,"Landslide at Dolphu, Mugum Karmarong Rural Municipality-1",20-03-2025,82.4431337,29.38537425,82.8290028,29.78052297
77625,"Landslide at Khani Than , Dhankuta Municipality-2",19-03-2025,87.32946555,26.98687752,87.3796788,27.0493181
77378,Landslide at Ruru Rural Municipality-1,12-03-2025,83.39293682,27.93066775,83.44711729,27.96219147
77195,"Landslide at Luncha, Apihimal Rural Municipality-1",03-03-2025,80.834037,29.8255335,81.04079568,29.9930825
77162,Landslide at Jagannath Rural Municipality-6,02-03-2025,81.68433199,29.31989685,81.74639707,29.3611751
77121,"Landslide at Taitukhola, Pachaljharana Rural Municipality-6",01-03-2025,81.69252208,29.30419336,81.75366191,29.34219478
77078,"Landslide at Kanakot, Namobuddha Municipality-7",27-02-2025,85.62736092,27.52237087,85.65838212,27.55870984
77010,Landslide at Bhotkhola Rural Municipality-4,24-02-2025,87.30295277,27.64077165,87.40260682,27.73206762
76940,Landslide at Sangurigadhi Rural Municipality-5,21-02-2025,87.36227157,26.84566329,87.42072765,26.90159716
76864,"Landslide at Ranikot , Putha Uttarganga Rural Municipality-4",17-02-2025,82.78596731,28.66662148,82.83889772,28.72272196
76744,Landslide at Kamalbazar Municipality-7,09-02-2025,81.24933037,29.03806677,81.3219265,29.08357418
76722,Landslide at Simkot Rural Municipality-3,08-02-2025,81.84574098,29.9423704,81.92143068,30.07094363
76459,Landslide at Apihimal Rural Municipality-6,24-01-2025,80.72150068,29.774431,80.83223736,29.92995108
76391,Landslide at Melamchi Municipality-11,19-01-2025,85.52522506,27.8109549,85.57978613,27.8506873
76350,Landslide at Thakre Rural Municipality-7,17-01-2025,85.08308957,27.70112521,85.11634631,27.74779924
76257,Landslide at Sarkegad Rural Municipality-4,10-01-2025,81.92730562,29.75005218,81.99072399,29.80163295
76192,"Landslide at Phalitang, Arun Rural Municipality-5",07-01-2025,87.15823538,27.11561623,87.2271919,27.18812297
76089,Landslide at Swami Kartik Rural Municipality-4,01-01-2025,81.70592048,29.45064647,81.75387057,29.49615567
75994,"Landslide at Lumphabung , Phidim Municipality-9",27-12-2024,87.68468192,27.09116727,87.73536024,27.13437687
75966,"Landslide at Ratomate , Netrawati Dabjong Rural Municipality-1",24-12-2024,84.92008082,28.00038689,84.99090156,28.03111331
75849,Landslide at Palata Rural Municipality-7,17-12-2024,81.77198627,29.23058592,81.88060278,29.33309608
75864,Landslide at Phaktanglung Rural Municipality-6,17-12-2024,87.71183495,27.49151796,88.20166777,27.90595938
75618,"Landslide at Bahiri Gaam , Sunchhahari Rural Municipality-3",01-12-2024,82.82874501,28.31099632,82.93437905,28.38421521
75302,"Landslide at Pathlekhet, Dhulikhel Municipality-11",04-11-2024,85.56782362,27.58360326,85.6277279,27.62254815
75193,"Landslide at Gahiri Pakha , Phaktanglung Rural Municipality-6",26-10-2024,87.71183495,27.49151796,88.20166777,27.90595938
75173,Landslide at Bigu Rural Municipality-1,24-10-2024,86.07927822,27.81742183,86.29998206,28.17417557
75124,"Landslide at Morangedanda , Kamalamai Municipality-5",17-10-2024,85.85981501,27.16413113,85.92837919,27.25554887
75088,"Landslide at Merla , Halesi Tuwachung Municipality-11",14-10-2024,86.67033655,27.0883669,86.75116851,27.18809898
75105,"Landslide at Marek , Dhankuta Municipality-2",12-10-2024,87.32946555,26.98687752,87.3796788,27.0493181
75074,"Landslide at Satarka , Diktel Rupakot Majhuwagadhi Municipality-12",08-10-2024,86.75102391,27.2846293,86.79476463,27.32281222
75051,"Landslide at Kharbari Tole , Dhankuta Municipality-2",06-10-2024,87.32946555,26.98687752,87.3796788,27.0493181
75026,Landslide at Illam Municipality-12,05-10-2024,87.86322238,26.87229975,87.91259276,26.92240266
75009,"Landslide at Pyauli , Bhojpur Municipality-11",04-10-2024,87.06512192,27.12633704,87.10493021,27.19118282
75031,"Landslide at Kopche , Molung Rural Municipality-1",04-10-2024,86.43498058,27.29580946,86.48449307,27.34125429
75021,Landslide at Makawanpurgadhi Rural Municipality-1,03-10-2024,85.16460193,27.36139612,85.21689846,27.42676926
75028,"Landslide at Peknasa , Nechasalyan Rural Municipality-6",03-10-2024,86.5493195,27.39750117,86.63123672,27.44798225
75036,"Landslide at Peknasa , Nechasalyan Rural Municipality-6",03-10-2024,86.5493195,27.39750117,86.63123672,27.44798225
74950,"Landslide at Timure , Gosaikunda Rural Municipality-4",02-10-2024,85.39967219,28.1292885,85.80022256,28.38628458
74987,"Landslide at Thakle , Namobuddha Municipality-7",02-10-2024,85.62736092,27.52237087,85.65838212,27.55870984
74947,"Landslide at Ekudole Nakedanda , Konjyosom Rural Municipality-4",01-10-2024,85.31847231,27.5384786,85.36589926,27.55891782
74968,"Landslide at Bakhreni , Kamalamai Municipality-5",01-10-2024,85.85981501,27.16413113,85.92837919,27.25554887
75008,Landslide at Illam Municipality-12,01-10-2024,87.86322238,26.87229975,87.91259276,26.92240266
74816,"Landslide at Golkot , Namobuddha Municipality-7",30-09-2024,85.62736092,27.52237087,85.65838212,27.55870984
74855,"Landslide at Khanigaau , Molung Rural Municipality-1",30-09-2024,86.43498058,27.29580946,86.48449307,27.34125429
74986,"Landslide at Ramtar , Kamalamai Municipality-5",30-09-2024,85.85981501,27.16413113,85.92837919,27.25554887
74819,"Landslide at Moktan Tole , Namobuddha Municipality-7",29-09-2024,85.62736092,27.52237087,85.65838212,27.55870984
74826,"Landslide at Naichal , Bhaktapur Municipality-9",29-09-2024,85.43420691,27.67261686,85.44891996,27.67756656
74858,"Landslide at Salla Phedimulkhola , Namobuddha Municipality-7",29-09-2024,85.62736092,27.52237087,85.65838212,27.55870984
74869,"Landslide at Sombare , Belbari Municipality-8",29-09-2024,87.44112201,26.58680302,87.49353182,26.67944396
74872,"Landslide at Newang , Phedap Rural Municipality-3",29-09-2024,87.54506206,27.12262229,87.59479314,27.17792227
74873,"Landslide at Jaibari , Phidim Municipality-11",29-09-2024,87.76532587,27.12822481,87.83098637,27.17332166
74889,Landslide at Phedap Rural Municipality-3,29-09-2024,87.54506206,27.12262229,87.59479314,27.17792227
74894,"Landslide at Buidel , Halesi Tuwachung Municipality-11",29-09-2024,86.67033655,27.0883669,86.75116851,27.18809898
74908,"Landslide at Hangsung , Phedap Rural Municipality-3",29-09-2024,87.54506206,27.12262229,87.59479314,27.17792227
74909,Landslide at Dhankuta Municipality-2,29-09-2024,87.32946555,26.98687752,87.3796788,27.0493181
74914,"Landslide at Mallang , Dhankuta Municipality-2",29-09-2024,87.32946555,26.98687752,87.3796788,27.0493181
74923,"Landslide at Surke , Phedap Rural Municipality-3",29-09-2024,87.54506206,27.12262229,87.59479314,27.17792227
74925,Landslide at Kageshwori Manahora Municipality-9,29-09-2024,85.36459131,27.68919261,85.38676172,27.70706524
74929,Landslide at Phedap Rural Municipality-3,29-09-2024,87.54506206,27.12262229,87.59479314,27.17792227
74991,"Landslide at Hamden , Dhankuta Municipality-2",29-09-2024,87.32946555,26.98687752,87.3796788,27.0493181
74992,Landslide at Dhankuta Municipality-2,29-09-2024,87.32946555,26.98687752,87.3796788,27.0493181
75004,"Landslide at Kalleri , Gokulganga Rural Municipality-4",29-09-2024,86.14431564,27.50900248,86.21422496,27.55083655
75023,"Landslide at Bardambasi , Illam Municipality-12",29-09-2024,87.86322238,26.87229975,87.91259276,26.92240266
75041,Landslide at Dhankuta Municipality-2,29-09-2024,87.32946555,26.98687752,87.3796788,27.0493181
74590,"Landslide at Jhyaplekhola , Netrawati Dabjong Rural Municipality-1",28-09-2024,84.92008082,28.00038689,84.99090156,28.03111331
74597,"Landslide at Guranse Devithan , Dhankuta Municipality-2",28-09-2024,87.32946555,26.98687752,87.3796788,27.0493181
74600,"Landslide at Chisapani , Phidim Municipality-11",28-09-2024,87.76532587,27.12822481,87.83098637,27.17332166
74601,"Landslide at Takhel , Lalitpur Metropolitan City-10",28-09-2024,85.31524429,27.67830111,85.32699572,27.68963326
74650,Landslide at Temal Rural Municipality-2,28-09-2024,85.71230351,27.5303534,85.74333668,27.57265476
74652,"Landslide at Kolati , Panauti Municipality-12",28-09-2024,85.3873619,27.53440457,85.50842167,27.58189408
74653,"Landslide at Thalchowk , Banepa Municipality-14",28-09-2024,85.46025219,27.60987941,85.50228973,27.64191186
74654,"Landslide at Mahadevbesi Bajar , Netrawati Dabjong Rural Municipality-1",28-09-2024,84.92008082,28.00038689,84.99090156,28.03111331
74655,"Landslide at Sangebote , Phidim Municipality-11",28-09-2024,87.76532587,27.12822481,87.83098637,27.17332166
74656,Landslide at Konjyosom Rural Municipality-4,28-09-2024,85.31847231,27.5384786,85.36589926,27.55891782
74657,"Landslide at Chunkhel , Konjyosom Rural Municipality-4",28-09-2024,85.31847231,27.5384786,85.36589926,27.55891782
74658,"Landslide at Keuripani , Suryagadhi Rural Municipality-4",28-09-2024,85.2144156,27.91643261,85.26486965,27.95002711
74660,"Landslide at Kalibhir , Dhankuta Municipality-2",28-09-2024,87.32946555,26.98687752,87.3796788,27.0493181
74664,"Landslide at Zeropoint , Dhankuta Municipality-2",28-09-2024,87.32946555,26.98687752,87.3796788,27.0493181
74665,"Landslide at Niraula Tole , Dhankuta Municipality-2",28-09-2024,87.32946555,26.98687752,87.3796788,27.0493181
74667,"Landslide at Jyamire, Gokulganga Rural Municipality-4",28-09-2024,86.14431564,27.50900248,86.21422496,27.55083655
74668,Landslide at Jugal Rural Municipality-2,28-09-2024,85.69277115,27.85759222,85.79686022,28.04745458
74669,"Landslide at Tekar , Makawanpurgadhi Rural Municipality-5",28-09-2024,85.05702439,27.43560124,85.12019398,27.48831754
74670,"Landslide at Khatrigaau , Namobuddha Municipality-7",28-09-2024,85.62736092,27.52237087,85.65838212,27.55870984
74671,"Landslide at Shyampati , Namobuddha Municipality-7",28-09-2024,85.62736092,27.52237087,85.65838212,27.55870984
74672,"Landslide at Mathillo Gotikhel , Konjyosom Rural Municipality-4",28-09-2024,85.31847231,27.5384786,85.36589926,27.55891782
74673,"Landslide at Talim Kendra , Lalitpur Metropolitan City-25",28-09-2024,85.30199731,27.63140339,85.31474898,27.66268459
74675,"Landslide at Hurlang , Diktel Rupakot Majhuwagadhi Municipality-11",28-09-2024,86.78047351,27.26031207,86.84060967,27.31255487
74676,"Landslide at Khutta , Halesi Tuwachung Municipality-11",28-09-2024,86.67033655,27.0883669,86.75116851,27.18809898
74677,Landslide at Konjyosom Rural Municipality-4,28-09-2024,85.31847231,27.5384786,85.36589926,27.55891782
74678,"Landslide at Baphal , Jugal Rural Municipality-2",28-09-2024,85.69277115,27.85759222,85.79686022,28.04745458
74679,"Landslide at Roteping Danda , Phedap Rural Municipality-3",28-09-2024,87.54506206,27.12262229,87.59479314,27.17792227
74680,"Landslide at Gundu Dhobikhola , Bhaktapur Municipality-9",28-09-2024,85.43420691,27.67261686,85.44891996,27.67756656
74681,"Landslide at Dumaikhola , Resunga Municipality-14",28-09-2024,83.27507659,28.07684596,83.32676702,28.12053287
74683,"Landslide at Lekhpandrang , Makawanpurgadhi Rural Municipality-5",28-09-2024,85.05702439,27.43560124,85.12019398,27.48831754
74689,"Landslide at Masine , Kageshwori Manahora Municipality-9",28-09-2024,85.36459131,27.68919261,85.38676172,27.70706524
74690,"Landslide at Thare , Namobuddha Municipality-7",28-09-2024,85.62736092,27.52237087,85.65838212,27.55870984
74691,"Landslide at Larcha , Jugal Rural Municipality-2",28-09-2024,85.69277115,27.85759222,85.79686022,28.04745458
74692,Landslide at Dhankuta Municipality-2,28-09-2024,87.32946555,26.98687752,87.3796788,27.0493181
74693,Landslide at Banepa Municipality-10,28-09-2024,85.49948715,27.62217494,85.5161599,27.64768339
74699,"Landslide at Chisapani , Rhishing Rural Municipality-1",28-09-2024,84.22214701,27.89768723,84.31423683,27.96913505
74700,"Landslide at Nepalthok , Kamalamai Municipality-5",28-09-2024,85.85981501,27.16413113,85.92837919,27.25554887
74702,"Landslide at Panchakanya , Phedap Rural Municipality-3",28-09-2024,87.54506206,27.12262229,87.59479314,27.17792227
74706,"Landslide at Gairi Gaau , Bhojpur Municipality-11",28-09-2024,87.06512192,27.12633704,87.10493021,27.19118282
74707,"Landslide at Milanchowk , Rhishing Rural Municipality-1",28-09-2024,84.22214701,27.89768723,84.31423683,27.96913505
74708,"Landslide at Dharamkhola , Rolpa Municipality-10",28-09-2024,82.63861451,28.31188035,82.71498855,28.43185747
74709,"Landslide at Budhagaau , Rolpa Municipality-10",28-09-2024,82.63861451,28.31188035,82.71498855,28.43185747
74710,"Landslide at Dharmadwar , Illam Municipality-12",28-09-2024,87.86322238,26.87229975,87.91259276,26.92240266
74713,"Landslide at Darimbot, Namobuddha Municipality-7",28-09-2024,85.62736092,27.52237087,85.65838212,27.55870984
74714,"Landslide at Jhyaplekhola , Netrawati Dabjong Rural Municipality-1",28-09-2024,84.92008082,28.00038689,84.99090156,28.03111331
74715,"Landslide at Sailun, Solududhakunda Municipality-10",28-09-2024,86.4349053,27.42132732,86.51840445,27.534091
74719,"Landslide at Chhebar Danda , Khumbupasanglahmu Rural Municipality-3",28-09-2024,86.56391828,27.67450779,86.89989835,27.81638911
74720,Landslide at Bigu Rural Municipality-1,28-09-2024,86.07927822,27.81742183,86.29998206,28.17417557
74721,"Landslide at Lamabagar , Bigu Rural Municipality-1",28-09-2024,86.07927822,27.81742183,86.29998206,28.17417557
74722,"Landslide at Singe , Panauti Municipality-1",28-09-2024,85.40136809,27.57001764,85.47801199,27.63711953
74723,Landslide at Mandandeupur Municipality-10,28-09-2024,85.63423423,27.68815885,85.68227081,27.72071493
74724,Landslide at Dhulikhel Municipality-10,28-09-2024,85.53873188,27.58283399,85.56855322,27.60114755
74725,"Landslide at Bohore , Namobuddha Municipality-7",28-09-2024,85.62736092,27.52237087,85.65838212,27.55870984
74726,"Landslide at Makkhu Besi , Kageshwori Manahora Municipality-9",28-09-2024,85.36459131,27.68919261,85.38676172,27.70706524
74727,"Landslide at Talku , Kageshwori Manahora Municipality-9",28-09-2024,85.36459131,27.68919261,85.38676172,27.70706524
74730,"Landslide at Sisneri Thakurigaau , Konjyosom Rural Municipality-4",28-09-2024,85.31847231,27.5384786,85.36589926,27.55891782
74731,"Landslide at Pale Tole , Namobuddha Municipality-7",28-09-2024,85.62736092,27.52237087,85.65838212,27.55870984
74732,"Landslide at Aashapuri Naichal , Bhaktapur Municipality-9",28-09-2024,85.43420691,27.67261686,85.44891996,27.67756656
74734,"Landslide at Ikshyangunarayan Temple , Kageshwori Manahora Municipality-9",28-09-2024,85.36459131,27.68919261,85.38676172,27.70706524
74735,"Landslide at Bhusel , Konjyosom Rural Municipality-4",28-09-2024,85.31847231,27.5384786,85.36589926,27.55891782
74736,"Landslide at Lele, Godawari_Lalitpur Municipality-5",28-09-2024,85.32148948,27.55417384,85.37251087,27.58031856
74737,"Landslide at Neupane Gaau , Godawari_Lalitpur Municipality-10",28-09-2024,85.31130799,27.57908104,85.34561055,27.60289946
74738,"Landslide at Dalchouki , Konjyosom Rural Municipality-4",28-09-2024,85.31847231,27.5384786,85.36589926,27.55891782
74739,"Landslide at Sakhadevi Nepal Chowk , Konjyosom Rural Municipality-4",28-09-2024,85.31847231,27.5384786,85.36589926,27.55891782
74744,"Landslide at Tikabhairab , Konjyosom Rural Municipality-4",28-09-2024,85.31847231,27.5384786,85.36589926,27.55891782
74745,"Landslide at Devichaur , Konjyosom Rural Municipality-4",28-09-2024,85.31847231,27.5384786,85.36589926,27.55891782
74750,"Landslide at Ghartigaau , Netrawati Dabjong Rural Municipality-1",28-09-2024,84.92008082,28.00038689,84.99090156,28.03111331
74753,"Landslide at Angare , Makawanpurgadhi Rural Municipality-5",28-09-2024,85.05702439,27.43560124,85.12019398,27.48831754
74754,"Landslide at Adamara , Netrawati Dabjong Rural Municipality-1",28-09-2024,84.92008082,28.00038689,84.99090156,28.03111331
74755,"Landslide at Lidekhola , Namobuddha Municipality-7",28-09-2024,85.62736092,27.52237087,85.65838212,27.55870984
74756,"Landslide at Aalung , Jugal Rural Municipality-2",28-09-2024,85.69277115,27.85759222,85.79686022,28.04745458
74757,"Landslide at Kopche Tole , Phedap Rural Municipality-3",28-09-2024,87.54506206,27.12262229,87.59479314,27.17792227
74761,"Landslide at Lakhanpur , Gokulganga Rural Municipality-4",28-09-2024,86.14431564,27.50900248,86.21422496,27.55083655
74763,"Landslide at Kailashnagar , Tansen Municipality-5",28-09-2024,83.50591515,27.84626745,83.55103019,27.88811364
74768,"Landslide at Tambung , Phedap Rural Municipality-3",28-09-2024,87.54506206,27.12262229,87.59479314,27.17792227
74770,Landslide at Phedap Rural Municipality-3,28-09-2024,87.54506206,27.12262229,87.59479314,27.17792227
74771,Landslide at Sharada Municipality-9,28-09-2024,82.0418337,28.33689377,82.1070692,28.41133874
74772,"Landslide at Sirise Pragati Tole , Bhojpur Municipality-11",28-09-2024,87.06512192,27.12633704,87.10493021,27.19118282
74777,Landslide at Khumbupasanglahmu Rural Municipality-3,28-09-2024,86.56391828,27.67450779,86.89989835,27.81638911
74779,Landslide at Manebhanjyang Rural Municipality-9,28-09-2024,86.40142939,27.2116481,86.46751316,27.26042596
74781,"Landslide at Padera , Bhirkot Municipality-8",28-09-2024,83.70842626,28.02509685,83.76918943,28.08610574
74787,Landslide at Dharche Rural Municipality-5,28-09-2024,84.77574082,28.16370382,84.87698767,28.34008661
74791,Landslide at Dhankuta Municipality-2,28-09-2024,87.32946555,26.98687752,87.3796788,27.0493181
74793,Landslide at Suryagadhi Rural Municipality-4,28-09-2024,85.2144156,27.91643261,85.26486965,27.95002711
74800,Landslide at Dhankuta Municipality-2,28-09-2024,87.32946555,26.98687752,87.3796788,27.0493181
74802,Landslide at Katari Municipality-10,28-09-2024,86.39454195,27.0710715,86.49069554,27.13385083
74803,"Landslide at Taruka Check Post , Suryagadhi Rural Municipality-4",28-09-2024,85.2144156,27.91643261,85.26486965,27.95002711
74810,"Landslide at Kolati , Panauti Municipality-12",28-09-2024,85.3873619,27.53440457,85.50842167,27.58189408
74811,"Landslide at Durlungkhala , Namobuddha Municipality-7",28-09-2024,85.62736092,27.52237087,85.65838212,27.55870984
74812,"Landslide at Dariyal Pakha , Namobuddha Municipality-7",28-09-2024,85.62736092,27.52237087,85.65838212,27.55870984
74815,"Landslide at Bhatpol, Mandandeupur Municipality-11",28-09-2024,85.61774393,27.66341126,85.65850213,27.69523474
74817,"Landslide at Singhe, Namobuddha Municipality-7",28-09-2024,85.62736092,27.52237087,85.65838212,27.55870984
74818,"Landslide at Simle, Bethanchowk Rural Municipality-4",28-09-2024,85.47855968,27.52191695,85.5312621,27.56711089
74820,"Landslide at Bhalukhola , Konjyosom Rural Municipality-4",28-09-2024,85.31847231,27.5384786,85.36589926,27.55891782
74821,"Landslide at Sisneri / Lubhu Khola , Konjyosom Rural Municipality-4",28-09-2024,85.31847231,27.5384786,85.36589926,27.55891782
74822,"Landslide at Ghusel , Konjyosom Rural Municipality-4",28-09-2024,85.31847231,27.5384786,85.36589926,27.55891782
74824,"Landslide at Salme , Nechasalyan Rural Municipality-6",28-09-2024,86.5493195,27.39750117,86.63123672,27.44798225
74825,Landslide at Panauti Municipality-12,28-09-2024,85.3873619,27.53440457,85.50842167,27.58189408
74828,"Landslide at Chalalganesh , Namobuddha Municipality-7",28-09-2024,85.62736092,27.52237087,85.65838212,27.55870984
74830,"Landslide at Dumbar , Namobuddha Municipality-7",28-09-2024,85.62736092,27.52237087,85.65838212,27.55870984
74833,"Landslide at Mangaau , Bigu Rural Municipality-1",28-09-2024,86.07927822,27.81742183,86.29998206,28.17417557
74834,"Landslide at Shikhar Aambote , Namobuddha Municipality-7",28-09-2024,85.62736092,27.52237087,85.65838212,27.55870984
74835,"Landslide at Sarki Gaau , Halesi Tuwachung Municipality-11",28-09-2024,86.67033655,27.0883669,86.75116851,27.18809898
74843,"Landslide at Simat , Bakaiya Rural Municipality-12",28-09-2024,85.178516,27.42837637,85.26601279,27.47508909
74845,"Landslide at Bhote Gaau , Phidim Municipality-11",28-09-2024,87.76532587,27.12822481,87.83098637,27.17332166
74848,"Landslide at Chyane , Jugal Rural Municipality-2",28-09-2024,85.69277115,27.85759222,85.79686022,28.04745458
74850,"Landslide at Torikhuriya , Namobuddha Municipality-7",28-09-2024,85.62736092,27.52237087,85.65838212,27.55870984
74851,"Landslide at Sidarechaur , Namobuddha Municipality-7",28-09-2024,85.62736092,27.52237087,85.65838212,27.55870984
74852,"Landslide at Chalal Ganesh , Namobuddha Municipality-7",28-09-2024,85.62736092,27.52237087,85.65838212,27.55870984
74854,"Landslide at Thumki /Ladkepauwa , Panauti Municipality-11",28-09-2024,85.52569779,27.52862369,85.56350761,27.56426498
74859,"Landslide at Balting , Roshi Rural Municipality-10",28-09-2024,85.69517438,27.41807483,85.75075245,27.4792117
74860,"Landslide at Rajbas , Roshi Rural Municipality-9",28-09-2024,85.68801981,27.43787783,85.7532052,27.49952876
74861,"Landslide at Patikharka , Namobuddha Municipality-7",28-09-2024,85.62736092,27.52237087,85.65838212,27.55870984
74862,"Landslide at Mandandeupur , Mandandeupur Municipality-12",28-09-2024,85.6521751,27.65954168,85.69455667,27.69407842
74865,"Landslide at Chalalganesh , Namobuddha Municipality-7",28-09-2024,85.62736092,27.52237087,85.65838212,27.55870984
74866,"Landslide at Manikhel Lakshyabas , Konjyosom Rural Municipality-4",28-09-2024,85.31847231,27.5384786,85.36589926,27.55891782
74867,"Landslide at Gotikhel Thosne , Konjyosom Rural Municipality-4",28-09-2024,85.31847231,27.5384786,85.36589926,27.55891782
74874,"Landslide at Thosne Khola , Konjyosom Rural Municipality-4",28-09-2024,85.31847231,27.5384786,85.36589926,27.55891782
74876,"Landslide at Kholsapari , Phidim Municipality-11",28-09-2024,87.76532587,27.12822481,87.83098637,27.17332166
74877,"Landslide at Sisauli , Rautamai Rural Municipality-7",28-09-2024,86.60214311,26.88376529,86.67347335,26.967371
74882,"Landslide at Thuman , Gosaikunda Rural Municipality-1",28-09-2024,85.27166562,28.19666825,85.3776513,28.30396918
74893,"Landslide at Sanne , Halesi Tuwachung Municipality-11",28-09-2024,86.67033655,27.0883669,86.75116851,27.18809898
74895,"Landslide at Beshi Tole , Halesi Tuwachung Municipality-11",28-09-2024,86.67033655,27.0883669,86.75116851,27.18809898
74899,"Landslide at Thuman , Gosaikunda Rural Municipality-4",28-09-2024,85.39967219,28.1292885,85.80022256,28.38628458
74902,"Landslide at Tega , Jugal Rural Municipality-2",28-09-2024,85.69277115,27.85759222,85.79686022,28.04745458
74903,Landslide at Phedap Rural Municipality-3,28-09-2024,87.54506206,27.12262229,87.59479314,27.17792227
74921,"Landslide at Samacha , Phidim Municipality-11",28-09-2024,87.76532587,27.12822481,87.83098637,27.17332166
74922,"Landslide at Thuli Udang , Mathagadhi Rural Municipality-1",28-09-2024,83.59887623,27.8165172,83.66574946,27.87199622
74926,"Landslide at Chisebi , Illam Municipality-12",28-09-2024,87.86322238,26.87229975,87.91259276,26.92240266
74941,"Landslide at Chalal Ganesh , Namobuddha Municipality-7",28-09-2024,85.62736092,27.52237087,85.65838212,27.55870984
74942,Landslide at Temal Rural Municipality-1,28-09-2024,85.6913417,27.55016044,85.73374903,27.58471753
74951,"Landslide at Suryodaya Tole , Illam Municipality-12",28-09-2024,87.86322238,26.87229975,87.91259276,26.92240266
74958,Landslide at Kageshwori Manahora Municipality-9,28-09-2024,85.36459131,27.68919261,85.38676172,27.70706524
74959,"Landslide at T.U.  & ward 8 Gaushala , Kathmandu Metropolitan City-10",28-09-2024,85.32465132,27.68046925,85.34030145,27.70302551
74961,"Landslide at Anandaban , Konjyosom Rural Municipality-4",28-09-2024,85.31847231,27.5384786,85.36589926,27.55891782
74962,"Landslide at Gotikhel , Konjyosom Rural Municipality-4",28-09-2024,85.31847231,27.5384786,85.36589926,27.55891782
74969,"Landslide at Sidrechaur , Namobuddha Municipality-7",28-09-2024,85.62736092,27.52237087,85.65838212,27.55870984
74970,Landslide at Dhulikhel Municipality-11,28-09-2024,85.56782362,27.58360326,85.6277279,27.62254815
74971,"Landslide at Majhuwa , Namobuddha Municipality-7",28-09-2024,85.62736092,27.52237087,85.65838212,27.55870984
74972,"Landslide at Teendhara , Mandandeupur Municipality-10",28-09-2024,85.63423423,27.68815885,85.68227081,27.72071493
74973,"Landslide at Mamti, Roshi Rural Municipality-11",28-09-2024,85.70657357,27.40751842,85.78433094,27.47132472
74974,"Landslide at Goljung Mane Gung , Gosaikunda Rural Municipality-4",28-09-2024,85.39967219,28.1292885,85.80022256,28.38628458
74975,"Landslide at Jambra , Gosaikunda Rural Municipality-4",28-09-2024,85.39967219,28.1292885,85.80022256,28.38628458
74982,Landslide at Panauti Municipality-10,28-09-2024,85.51118295,27.54818681,85.56582311,27.58079439
74985,"Landslide at Phorande Dhade , Bigu Rural Municipality-1",28-09-2024,86.07927822,27.81742183,86.29998206,28.17417557
74988,"Landslide at Goljung , Gosaikunda Rural Municipality-4",28-09-2024,85.39967219,28.1292885,85.80022256,28.38628458
74996,Landslide at Konjyosom Rural Municipality-4,28-09-2024,85.31847231,27.5384786,85.36589926,27.55891782
74997,"Landslide at Nakkhipot , Lalitpur Metropolitan City-14",28-09-2024,85.31054572,27.642333,85.32250894,27.6669546
74998,Landslide at Konjyosom Rural Municipality-4,28-09-2024,85.31847231,27.5384786,85.36589926,27.55891782
74999,"Landslide at All , Namobuddha Municipality-7",28-09-2024,85.62736092,27.52237087,85.65838212,27.55870984
75000,"Landslide at All , Jugal Rural Municipality-2",28-09-2024,85.69277115,27.85759222,85.79686022,28.04745458
75003,"Landslide at Purtighat , Resunga Municipality-14",28-09-2024,83.27507659,28.07684596,83.32676702,28.12053287
75005,"Landslide at Simpani (All), Bigu Rural Municipality-1",28-09-2024,86.07927822,27.81742183,86.29998206,28.17417557
75006,"Landslide at All, Phidim Municipality-11",28-09-2024,87.76532587,27.12822481,87.83098637,27.17332166
75007,Landslide at Phidim Municipality-11,28-09-2024,87.76532587,27.12822481,87.83098637,27.17332166
75019,"Landslide at Narkate, Phedap Rural Municipality-3",28-09-2024,87.54506206,27.12262229,87.59479314,27.17792227
75024,Landslide at Namobuddha Municipality-7,28-09-2024,85.62736092,27.52237087,85.65838212,27.55870984
75030,"Landslide at Shreekhumba , Deumai Municipality-9",28-09-2024,87.76908855,26.82401237,87.84185728,26.90929301
75037,Landslide at Phidim Municipality-11,28-09-2024,87.76532587,27.12822481,87.83098637,27.17332166
75043,Landslide at Molung Rural Municipality-1,28-09-2024,86.43498058,27.29580946,86.48449307,27.34125429
75044,Landslide at Halesi Tuwachung Municipality-11,28-09-2024,86.67033655,27.0883669,86.75116851,27.18809898
75048,Landslide at Namobuddha Municipality-7,28-09-2024,85.62736092,27.52237087,85.65838212,27.55870984
75049,"Landslide at Nobel , Namobuddha Municipality-7",28-09-2024,85.62736092,27.52237087,85.65838212,27.55870984
75050,"Landslide at Salmechakal (Ref. No. 338), Namobuddha Municipality-7",28-09-2024,85.62736092,27.52237087,85.65838212,27.55870984
75081,Landslide at Namobuddha Municipality-7,28-09-2024,85.62736092,27.52237087,85.65838212,27.55870984
75144,Landslide at Dhankuta Municipality-2,28-09-2024,87.32946555,26.98687752,87.3796788,27.0493181
75195,Landslide at Namobuddha Municipality-7,28-09-2024,85.62736092,27.52237087,85.65838212,27.55870984
74572,"Landslide at Majhi Gaau , Dhankuta Municipality-2",27-09-2024,87.32946555,26.98687752,87.3796788,27.0493181
74576,"Landslide at Tinthana , Chandragiri Municipality-15",27-09-2024,85.25615213,27.67724713,85.27781271,27.69295976
74582,"Landslide at Lamphabung , Phidim Municipality-11",27-09-2024,87.76532587,27.12822481,87.83098637,27.17332166
74587,"Landslide at Chyalti , Namobuddha Municipality-7",27-09-2024,85.62736092,27.52237087,85.65838212,27.55870984
74599,"Landslide at Gumba Danda , Netrawati Dabjong Rural Municipality-1",27-09-2024,84.92008082,28.00038689,84.99090156,28.03111331
74606,Landslide at Illam Municipality-12,27-09-2024,87.86322238,26.87229975,87.91259276,26.92240266
74625,Landslide at Bhojpur Municipality-6,27-09-2024,87.01765998,27.1494347,87.03806562,27.17910746
74627,"Landslide at Sanimahal , Kageshwori Manahora Municipality-9",27-09-2024,85.36459131,27.68919261,85.38676172,27.70706524
74638,"Landslide at Raniban , Champadevi Rural Municipality-10",27-09-2024,86.25186948,27.31912776,86.29261022,27.36534826
74643,"Landslide at Maidane , Illam Municipality-12",27-09-2024,87.86322238,26.87229975,87.91259276,26.92240266
74645,"Landslide at Bumati Buspark , Lalitpur Metropolitan City-22",27-09-2024,85.29013079,27.60639031,85.31223788,27.63337025
74688,Landslide at Phedap Rural Municipality-3,27-09-2024,87.54506206,27.12262229,87.59479314,27.17792227
74729,"Landslide at Majite , Phidim Municipality-11",27-09-2024,87.76532587,27.12822481,87.83098637,27.17332166
74747,"Landslide at Sakraul Tole , Haripur Municipality-3",27-09-2024,85.54114786,26.96373136,85.58969315,26.98559007
74809,"Landslide at Sukkha Salleri , Makawanpurgadhi Rural Municipality-5",27-09-2024,85.05702439,27.43560124,85.12019398,27.48831754
74836,"Landslide at Danda Gaau , Dhulikhel Municipality-11",27-09-2024,85.56782362,27.58360326,85.6277279,27.62254815
74890,"Landslide at Damaku , Halesi Tuwachung Municipality-11",27-09-2024,86.67033655,27.0883669,86.75116851,27.18809898
74946,"Landslide at Mamyankhu , Katari Municipality-13",27-09-2024,86.3064306,27.08810796,86.39372093,27.14739421
74953,Landslide at Molung Rural Municipality-1,27-09-2024,86.43498058,27.29580946,86.48449307,27.34125429
74956,"Landslide at Mamyankhu , Katari Municipality-13",27-09-2024,86.3064306,27.08810796,86.39372093,27.14739421
74979,"Landslide at Buktel , Molung Rural Municipality-1",27-09-2024,86.43498058,27.29580946,86.48449307,27.34125429
75002,"Landslide at All , Netrawati Dabjong Rural Municipality-1",27-09-2024,84.92008082,28.00038689,84.99090156,28.03111331
74559,"Landslide at Debal Tole , Kuse Rural Municipality-7",26-09-2024,82.1649199,28.83833526,82.23465582,28.89598773
74565,"Landslide at Chiraudi , Netrawati Dabjong Rural Municipality-1",26-09-2024,84.92008082,28.00038689,84.99090156,28.03111331
74568,"Landslide at Gauri , Illam Municipality-12",26-09-2024,87.86322238,26.87229975,87.91259276,26.92240266
74560,"Landslide at Jokhalli , Surnaya Rural Municipality-5",25-09-2024,80.56295374,29.48352759,80.6378394,29.55263875
74780,"Landslide at Kamaldanda, Jugal Rural Municipality-2",21-09-2024,85.69277115,27.85759222,85.79686022,28.04745458
74469,"Landslide at Dagatadi , Gaumul Rural Municipality-1",18-09-2024,81.43507757,29.511634,81.57276609,29.69247101
74465,Landslide at Khumbupasanglahmu Rural Municipality-3,17-09-2024,86.56391828,27.67450779,86.89989835,27.81638911
74456,"Landslide at Khesewa , Phaktanglung Rural Municipality-6",16-09-2024,87.71183495,27.49151796,88.20166777,27.90595938
74441,"Landslide at Narayangadh Mugling Road Section. , Ichchhyakamana Rural Municipality-6",15-09-2024,84.49429017,27.77624768,84.58991335,27.83920784
74442,"Landslide at Youtiki , Kageshwori Manahora Municipality-9",15-09-2024,85.36459131,27.68919261,85.38676172,27.70706524
74446,"Landslide at Kuntada Timle Tole , Shikhar Municipality-2",15-09-2024,80.77682938,29.15458593,80.91028983,29.24746269
74449,"Landslide at Khaniyakhola Gaau , Katari Municipality-12",15-09-2024,86.34573551,27.03236435,86.40205606,27.09840872
74443,"Landslide at Kaphali , Shikhar Municipality-2",14-09-2024,80.77682938,29.15458593,80.91028983,29.24746269
74398,Landslide at Shikhar Municipality-2,13-09-2024,80.77682938,29.15458593,80.91028983,29.24746269
74399,"Landslide at Godada , Shikhar Municipality-2",13-09-2024,80.77682938,29.15458593,80.91028983,29.24746269
74400,"Landslide at Pujakot , Alital Rural Municipality-3",13-09-2024,80.42978267,29.12482712,80.53868024,29.23661865
74402,"Landslide at Bhatgaau , Shikhar Municipality-2",13-09-2024,80.77682938,29.15458593,80.91028983,29.24746269
74408,"Landslide at Hataranga , Surnaya Rural Municipality-5",13-09-2024,80.56295374,29.48352759,80.6378394,29.55263875
74409,Landslide at Surnaya Rural Municipality-5,13-09-2024,80.56295374,29.48352759,80.6378394,29.55263875
74413,"Landslide at Ranidhara , Alital Rural Municipality-3",13-09-2024,80.42978267,29.12482712,80.53868024,29.23661865
74428,Landslide at Mahabu Rural Municipality-2,13-09-2024,81.66694229,28.85294574,81.6999118,28.91271048
74432,"Landslide at Nakurada , Shikhar Municipality-2",13-09-2024,80.77682938,29.15458593,80.91028983,29.24746269
74433,"Landslide at Garadigaau , Shikhar Municipality-2",13-09-2024,80.77682938,29.15458593,80.91028983,29.24746269
74434,"Landslide at Chokhalgaau , Shikhar Municipality-2",13-09-2024,80.77682938,29.15458593,80.91028983,29.24746269
74450,"Landslide at Junetha Gothali , Shikhar Municipality-2",13-09-2024,80.77682938,29.15458593,80.91028983,29.24746269
74386,"Landslide at Phachkalawa, Tulsipur Submetropolitan City-16",12-09-2024,82.28872946,28.06217362,82.3441223,28.10744848
74389,"Landslide at Kuntada , Shikhar Municipality-2",12-09-2024,80.77682938,29.15458593,80.91028983,29.24746269
74394,Landslide at Khumbupasanglahmu Rural Municipality-3,12-09-2024,86.56391828,27.67450779,86.89989835,27.81638911
74336,"Landslide at Aagar , Shikhar Municipality-2",07-09-2024,80.77682938,29.15458593,80.91028983,29.24746269
74337,"Landslide at Tallo Tole Dhum , Kuse Rural Municipality-7",07-09-2024,82.1649199,28.83833526,82.23465582,28.89598773
74306,"Landslide at Pakhare, Raghuganga Rural Municipality-8",06-09-2024,83.42055015,28.48904911,83.53806011,28.69745521
74308,"Landslide at Lipepani , Madi Rural Municipality-12",06-09-2024,84.10851985,28.18917934,84.19362512,28.21855703
74309,"Landslide at Lamidar , Ghorahi Submetropolitan City-5",06-09-2024,82.33357848,27.92640257,82.46265235,28.02213862
74310,"Landslide at Baspura , Nechasalyan Rural Municipality-6",06-09-2024,86.5493195,27.39750117,86.63123672,27.44798225
74312,"Landslide at Lingeshwori , Dhankuta Municipality-2",06-09-2024,87.32946555,26.98687752,87.3796788,27.0493181
74313,"Landslide at Tinthana Bishnudevi Temple , Chandragiri Municipality-15",06-09-2024,85.25615213,27.67724713,85.27781271,27.69295976
74315,"Landslide at Khawang , Raghuganga Rural Municipality-8",06-09-2024,83.42055015,28.48904911,83.53806011,28.69745521
74316,"Landslide at Dhiri Syala , Dhorpatan Municipality-4",06-09-2024,83.17771771,28.31772508,83.30396167,28.39246398
74319,"Landslide at Chokhane , Halesi Tuwachung Municipality-11",06-09-2024,86.67033655,27.0883669,86.75116851,27.18809898
74320,Landslide at Halesi Tuwachung Municipality-11,06-09-2024,86.67033655,27.0883669,86.75116851,27.18809898
74321,"Landslide at Patukhola , Banfikot Rural Municipality-6",06-09-2024,82.42511763,28.69332702,82.46256074,28.74604354
74329,"Landslide at Yangshok , Diprung Chuichumma Rural Municipality-3",06-09-2024,86.72892289,27.07889568,86.79397119,27.11845887
74349,"Landslide at Maatigaau , Phedap Rural Municipality-3",06-09-2024,87.54506206,27.12262229,87.59479314,27.17792227
74290,"Landslide at Radhamba , Halesi Tuwachung Municipality-11",05-09-2024,86.67033655,27.0883669,86.75116851,27.18809898
74293,"Landslide at Diyali , Khumbupasanglahmu Rural Municipality-3",05-09-2024,86.56391828,27.67450779,86.89989835,27.81638911
74294,Landslide at Halesi Tuwachung Municipality-11,05-09-2024,86.67033655,27.0883669,86.75116851,27.18809898
74296,Landslide at Halesi Tuwachung Municipality-11,05-09-2024,86.67033655,27.0883669,86.75116851,27.18809898
74297,"Landslide at Nerpa , Halesi Tuwachung Municipality-11",05-09-2024,86.67033655,27.0883669,86.75116851,27.18809898
74298,"Landslide at Sisne , Halesi Tuwachung Municipality-11",05-09-2024,86.67033655,27.0883669,86.75116851,27.18809898
74307,"Landslide at Thulachhap Keureni , Molung Rural Municipality-1",05-09-2024,86.43498058,27.29580946,86.48449307,27.34125429
74277,"Landslide at Khiji Bajar , Molung Rural Municipality-1",04-09-2024,86.43498058,27.29580946,86.48449307,27.34125429
74292,"Landslide at Chapkharka , Halesi Tuwachung Municipality-11",04-09-2024,86.67033655,27.0883669,86.75116851,27.18809898
74295,"Landslide at Katunje , Molung Rural Municipality-1",04-09-2024,86.43498058,27.29580946,86.48449307,27.34125429
74258,"Landslide at Golphutar , Kageshwori Manahora Municipality-9",03-09-2024,85.36459131,27.68919261,85.38676172,27.70706524
74264,"Landslide at Hangde , Phidim Municipality-11",03-09-2024,87.76532587,27.12822481,87.83098637,27.17332166
74271,"Landslide at Tatopani , Gosaikunda Rural Municipality-4",03-09-2024,85.39967219,28.1292885,85.80022256,28.38628458
74247,Landslide at Khumbupasanglahmu Rural Municipality-3,02-09-2024,86.56391828,27.67450779,86.89989835,27.81638911
74249,"Landslide at Khaula Bajar , Surnaya Rural Municipality-5",02-09-2024,80.56295374,29.48352759,80.6378394,29.55263875
74263,"Landslide at Basala , Gaumul Rural Municipality-1",02-09-2024,81.43507757,29.511634,81.57276609,29.69247101
74224,"Landslide at Ishan Bal Hospital , Kageshwori Manahora Municipality-9",01-09-2024,85.36459131,27.68919261,85.38676172,27.70706524
74230,"Landslide at Sahare , Banfikot Rural Municipality-6",01-09-2024,82.42511763,28.69332702,82.46256074,28.74604354
74234,"Landslide at Swara , Kamalamai Municipality-5",01-09-2024,85.85981501,27.16413113,85.92837919,27.25554887
74239,"Landslide at Charkhu Sauthe , Molung Rural Municipality-1",01-09-2024,86.43498058,27.29580946,86.48449307,27.34125429
74250,"Landslide at Bisauna New - Basti , Surnaya Rural Municipality-5",01-09-2024,80.56295374,29.48352759,80.6378394,29.55263875
74204,"Landslide at Rumdi , Gaumul Rural Municipality-1",30-08-2024,81.43507757,29.511634,81.57276609,29.69247101
74186,"Landslide at Dahi Khola , Pachaljharana Rural Municipality-3",28-08-2024,81.70255866,29.17727992,81.80798063,29.25665096
74167,"Landslide at Chutraghari Chaimale , Kageshwori Manahora Municipality-9",27-08-2024,85.36459131,27.68919261,85.38676172,27.70706524
74154,"Landslide at Chutraghari Chaimale , Kageshwori Manahora Municipality-9",26-08-2024,85.36459131,27.68919261,85.38676172,27.70706524
74166,"Landslide at Debithan , Panchkhal Municipality-13",26-08-2024,85.68528987,27.57906091,85.73118336,27.60903346
74092,"Landslide at Lekhkharka , Gokulganga Rural Municipality-4",25-08-2024,86.14431564,27.50900248,86.21422496,27.55083655
74124,"Landslide at Anandabagar , Raghuganga Rural Municipality-8",25-08-2024,83.42055015,28.48904911,83.53806011,28.69745521
74130,"Landslide at Naubhaini Ga. Pa. 3 and 4, Pyuthan Municipality-7",25-08-2024,82.85185577,28.10586252,82.88171112,28.13441901
74133,"Landslide at Okharpauwa , Suryagadhi Rural Municipality-4",25-08-2024,85.2144156,27.91643261,85.26486965,27.95002711
74136,"Landslide at Santhakra , Phaktanglung Rural Municipality-6",25-08-2024,87.71183495,27.49151796,88.20166777,27.90595938
74159,"Landslide at Ratoswara , Suryagadhi Rural Municipality-4",25-08-2024,85.2144156,27.91643261,85.26486965,27.95002711
74113,"Landslide at Jaubari , Phaktanglung Rural Municipality-6",24-08-2024,87.71183495,27.49151796,88.20166777,27.90595938
74115,"Landslide at Khundruke , Phaktanglung Rural Municipality-6",24-08-2024,87.71183495,27.49151796,88.20166777,27.90595938
74119,"Landslide at Thado Banda , Raghuganga Rural Municipality-8",24-08-2024,83.42055015,28.48904911,83.53806011,28.69745521
74072,"Landslide at Soureni , Molung Rural Municipality-1",23-08-2024,86.43498058,27.29580946,86.48449307,27.34125429
74043,"Landslide at Ballekh , Surma Rural Municipality-1",22-08-2024,81.08536992,29.61750602,81.2229145,29.82287492
74045,"Landslide at Tekanpur , Molung Rural Municipality-1",22-08-2024,86.43498058,27.29580946,86.48449307,27.34125429
74047,"Landslide at Champadevi Kakani Temple , Molung Rural Municipality-1",22-08-2024,86.43498058,27.29580946,86.48449307,27.34125429
74048,"Landslide at Charsayabesi , Namobuddha Municipality-7",22-08-2024,85.62736092,27.52237087,85.65838212,27.55870984
74049,"Landslide at Grang , Gosaikunda Rural Municipality-4",22-08-2024,85.39967219,28.1292885,85.80022256,28.38628458
74055,"Landslide at Rimche , Gosaikunda Rural Municipality-4",22-08-2024,85.39967219,28.1292885,85.80022256,28.38628458
74064,"Landslide at Tapewa , Illam Municipality-12",22-08-2024,87.86322238,26.87229975,87.91259276,26.92240266
74078,"Landslide at Okhre , Dhankuta Municipality-2",22-08-2024,87.32946555,26.98687752,87.3796788,27.0493181
73998,"Landslide at Sainedi , Surma Rural Municipality-1",21-08-2024,81.08536992,29.61750602,81.2229145,29.82287492
74001,"Landslide at Old Village , Phedap Rural Municipality-3",21-08-2024,87.54506206,27.12262229,87.59479314,27.17792227
74002,"Landslide at Khamlalung , Phedap Rural Municipality-3",21-08-2024,87.54506206,27.12262229,87.59479314,27.17792227
74007,"Landslide at Mathillo Khalde , Dhankuta Municipality-2",21-08-2024,87.32946555,26.98687752,87.3796788,27.0493181
74014,"Landslide at Mugling Narayangadh Road Section 17 Kilo, Bharatpur Metropolitan City-29",21-08-2024,84.42988955,27.71140817,84.52593657,27.82442208
74016,"Landslide at Ratemate, Kageshwori Manahora Municipality-9",21-08-2024,85.36459131,27.68919261,85.38676172,27.70706524
74018,"Landslide at Sadakpur , Phedap Rural Municipality-3",21-08-2024,87.54506206,27.12262229,87.59479314,27.17792227
74025,"Landslide at Bala Chirkhuwa , Khandbari Municipality-7",21-08-2024,87.20220932,27.36909377,87.23760611,27.40124225
74033,"Landslide at Tathali Gothalechaur , Bhaktapur Municipality-9",21-08-2024,85.43420691,27.67261686,85.44891996,27.67756656
73968,Landslide at Balefi Rural Municipality-4,20-08-2024,85.76475726,27.75580006,85.81869039,27.78163933
73969,"Landslide at Mathillo Siddhababa, Mathagadhi Rural Municipality-1",20-08-2024,83.59887623,27.8165172,83.66574946,27.87199622
73970,"Landslide at Upallo Baisari, Raghuganga Rural Municipality-2",20-08-2024,83.56164426,28.39382914,83.60132913,28.42999738
73972,"Landslide at Bhangala, Sitganga Municipality-13",20-08-2024,83.10608273,27.75710878,83.19979993,27.83737688
73979,"Landslide at Rasuwagadhi , Gosaikunda Rural Municipality-1",20-08-2024,85.27166562,28.19666825,85.3776513,28.30396918
73982,"Landslide at Sirad , Apihimal Rural Municipality-6",20-08-2024,80.72150068,29.774431,80.83223736,29.92995108
73984,"Landslide at Kurtiwang Ligha , Pyuthan Municipality-7",20-08-2024,82.85185577,28.10586252,82.88171112,28.13441901
73986,"Landslide at Katanchhap , Rhishing Rural Municipality-1",20-08-2024,84.22214701,27.89768723,84.31423683,27.96913505
73994,"Landslide at Samdu , Phedap Rural Municipality-3",20-08-2024,87.54506206,27.12262229,87.59479314,27.17792227
73995,"Landslide at Jayapate , Bhirkot Municipality-8",20-08-2024,83.70842626,28.02509685,83.76918943,28.08610574
73933,"Landslide at Tumeda , Bungal Municipality-10",19-08-2024,80.82093211,29.54537885,80.85113381,29.60324028
73951,"Landslide at Dandagaau , Kuse Rural Municipality-7",19-08-2024,82.1649199,28.83833526,82.23465582,28.89598773
73953,"Landslide at Ranipauwa Tallobazar , Suryagadhi Rural Municipality-4",19-08-2024,85.2144156,27.91643261,85.26486965,27.95002711
73957,"Landslide at Baskharka , Jugal Rural Municipality-2",19-08-2024,85.69277115,27.85759222,85.79686022,28.04745458
73963,"Landslide at Gilkha , Halesi Tuwachung Municipality-11",19-08-2024,86.67033655,27.0883669,86.75116851,27.18809898
73965,"Landslide at Telkot , Bhaktapur Municipality-9",19-08-2024,85.43420691,27.67261686,85.44891996,27.67756656
73901,"Landslide at Mulpani , Rolpa Municipality-10",18-08-2024,82.63861451,28.31188035,82.71498855,28.43185747
73910,"Landslide at Taluwa Bhorle , Molung Rural Municipality-1",18-08-2024,86.43498058,27.29580946,86.48449307,27.34125429
73914,"Landslide at Bidari Magar Gaau , Kageshwori Manahora Municipality-9",18-08-2024,85.36459131,27.68919261,85.38676172,27.70706524
73916,"Landslide at Naubise , Gosaikunda Rural Municipality-4",18-08-2024,85.39967219,28.1292885,85.80022256,28.38628458
73920,"Landslide at Rakam Bajar , Mahabu Rural Municipality-2",18-08-2024,81.66694229,28.85294574,81.6999118,28.91271048
73923,"Landslide at Silwali , Rolpa Municipality-10",18-08-2024,82.63861451,28.31188035,82.71498855,28.43185747
73924,"Landslide at Thumpaki , Rolpa Municipality-10",18-08-2024,82.63861451,28.31188035,82.71498855,28.43185747
73937,Landslide at Mahabu Rural Municipality-2,18-08-2024,81.66694229,28.85294574,81.6999118,28.91271048
73939,"Landslide at Yari , Rolpa Municipality-10",18-08-2024,82.63861451,28.31188035,82.71498855,28.43185747
73941,"Landslide at Maharajganj , Kageshwori Manahora Municipality-9",18-08-2024,85.36459131,27.68919261,85.38676172,27.70706524
73956,"Landslide at  Badeda , Budhiganga Municipality-10",18-08-2024,81.25309369,29.30166556,81.29284149,29.34484404
73890,Landslide at Phaktanglung Rural Municipality-6,17-08-2024,87.71183495,27.49151796,88.20166777,27.90595938
73880,"Landslide at Kartike , Khumbupasanglahmu Rural Municipality-3",16-08-2024,86.56391828,27.67450779,86.89989835,27.81638911
73881,"Landslide at Ramche , Khumbupasanglahmu Rural Municipality-3",16-08-2024,86.56391828,27.67450779,86.89989835,27.81638911
73888,"Landslide at Lumbadin , Phidim Municipality-11",16-08-2024,87.76532587,27.12822481,87.83098637,27.17332166
73893,"Landslide at Ubu , Molung Rural Municipality-1",16-08-2024,86.43498058,27.29580946,86.48449307,27.34125429
73897,"Landslide at Palapu , Molung Rural Municipality-1",16-08-2024,86.43498058,27.29580946,86.48449307,27.34125429
73857,"Landslide at Malbase , Dhankuta Municipality-2",15-08-2024,87.32946555,26.98687752,87.3796788,27.0493181
73861,Landslide at Halesi Tuwachung Municipality-11,15-08-2024,86.67033655,27.0883669,86.75116851,27.18809898
73863,"Landslide at Haitar , Khandbari Municipality-7",15-08-2024,87.20220932,27.36909377,87.23760611,27.40124225
73865,Landslide at Phidim Municipality-11,15-08-2024,87.76532587,27.12822481,87.83098637,27.17332166
73867,Landslide at Phedap Rural Municipality-3,15-08-2024,87.54506206,27.12262229,87.59479314,27.17792227
73871,"Landslide at Dumma , Bhojpur Municipality-11",15-08-2024,87.06512192,27.12633704,87.10493021,27.19118282
73875,"Landslide at Uma , Rolpa Municipality-10",15-08-2024,82.63861451,28.31188035,82.71498855,28.43185747
73883,"Landslide at Chiurebote , Bhojpur Municipality-11",15-08-2024,87.06512192,27.12633704,87.10493021,27.19118282
73887,"Landslide at Kerabari , Phidim Municipality-11",15-08-2024,87.76532587,27.12822481,87.83098637,27.17332166
73837,"Landslide at Kerabari-Okhre, Belbari Municipality-8",14-08-2024,87.44112201,26.58680302,87.49353182,26.67944396
73856,"Landslide at Aash Bahadur Rai , Molung Rural Municipality-1",14-08-2024,86.43498058,27.29580946,86.48449307,27.34125429
73809,"Landslide at Dumling Ghattekhola , Apihimal Rural Municipality-6",13-08-2024,80.72150068,29.774431,80.83223736,29.92995108
73811,"Landslide at Khalanga , Sharada Municipality-9",13-08-2024,82.0418337,28.33689377,82.1070692,28.41133874
73815,"Landslide at Hardeni , Katari Municipality-11",13-08-2024,86.36683202,27.0633127,86.42406272,27.11431256
73822,"Landslide at Manakamana Tole , Kageshwori Manahora Municipality-9",13-08-2024,85.36459131,27.68919261,85.38676172,27.70706524
73834,"Landslide at Rawa , Molung Rural Municipality-1",13-08-2024,86.43498058,27.29580946,86.48449307,27.34125429
73842,"Landslide at Itahari , Phaktanglung Rural Municipality-6",13-08-2024,87.71183495,27.49151796,88.20166777,27.90595938
73845,"Landslide at Pakhebari , Phaktanglung Rural Municipality-6",13-08-2024,87.71183495,27.49151796,88.20166777,27.90595938
73846,Landslide at Pachaljharana Rural Municipality-3,13-08-2024,81.70255866,29.17727992,81.80798063,29.25665096
73847,"Landslide at Saunera Lipukhola , Molung Rural Municipality-1",13-08-2024,86.43498058,27.29580946,86.48449307,27.34125429
73849,"Landslide at Bhote Gaau , Phaktanglung Rural Municipality-6",13-08-2024,87.71183495,27.49151796,88.20166777,27.90595938
73797,"Landslide at Daunne , Hupsekot Rural Municipality-4",12-08-2024,84.04777179,27.68118015,84.12831313,27.7386686
73800,"Landslide at Jyamire, Molung Rural Municipality-1",12-08-2024,86.43498058,27.29580946,86.48449307,27.34125429
73803,"Landslide at Karagaau , Sharada Municipality-9",12-08-2024,82.0418337,28.33689377,82.1070692,28.41133874
73805,"Landslide at Jhija , Banfikot Rural Municipality-6",12-08-2024,82.42511763,28.69332702,82.46256074,28.74604354
73807,"Landslide at Silangi , Surma Rural Municipality-1",12-08-2024,81.08536992,29.61750602,81.2229145,29.82287492
73769,"Landslide at Chandithan , Mathagadhi Rural Municipality-1",11-08-2024,83.59887623,27.8165172,83.66574946,27.87199622
73771,"Landslide at Badaukhola , Surnaya Rural Municipality-5",11-08-2024,80.56295374,29.48352759,80.6378394,29.55263875
73773,"Landslide at Gyaneshwor , Kathmandu Metropolitan City-30",11-08-2024,85.32299614,27.70302551,85.33759047,27.71264178
73774,"Landslide at Dhapasi , Kageshwori Manahora Municipality-9",11-08-2024,85.36459131,27.68919261,85.38676172,27.70706524
73780,"Landslide at Kaphalbot , Musikot Municipality-13",11-08-2024,82.3828892,28.608112,82.43586916,28.64469684
73781,"Landslide at Baseri , Rautamai Rural Municipality-7",11-08-2024,86.60214311,26.88376529,86.67347335,26.967371
73782,"Landslide at Bigutar , Molung Rural Municipality-1",11-08-2024,86.43498058,27.29580946,86.48449307,27.34125429
73786,"Landslide at Nakkhudole , Lalitpur Metropolitan City-25",11-08-2024,85.30199731,27.63140339,85.31474898,27.66268459
73791,Landslide at Raghuganga Rural Municipality-8,11-08-2024,83.42055015,28.48904911,83.53806011,28.69745521
73804,"Landslide at Bhorle Buspark , Gosaikunda Rural Municipality-4",11-08-2024,85.39967219,28.1292885,85.80022256,28.38628458
73816,"Landslide at Salme , Nechasalyan Rural Municipality-6",11-08-2024,86.5493195,27.39750117,86.63123672,27.44798225
73758,"Landslide at Katunje , Raghuganga Rural Municipality-8",10-08-2024,83.42055015,28.48904911,83.53806011,28.69745521
73760,"Landslide at Baudi-Thiku , Gaumul Rural Municipality-1",10-08-2024,81.43507757,29.511634,81.57276609,29.69247101
73765,"Landslide at Narku , Shey Phoksundo Rural Municipality-99",10-08-2024,82.74488295,29.03984124,83.10481621,29.36636903
73766,"Landslide at Chapka , Rolpa Municipality-10",10-08-2024,82.63861451,28.31188035,82.71498855,28.43185747
73772,"Landslide at Tellabung Pakha Gaau , Phaktanglung Rural Municipality-6",10-08-2024,87.71183495,27.49151796,88.20166777,27.90595938
73790,"Landslide at Jongthali Danda , Gosaikunda Rural Municipality-4",10-08-2024,85.39967219,28.1292885,85.80022256,28.38628458
73844,Landslide at Pachaljharana Rural Municipality-3,09-08-2024,81.70255866,29.17727992,81.80798063,29.25665096
73744,"Landslide at Pakhribas , Dhankuta Municipality-2",08-08-2024,87.32946555,26.98687752,87.3796788,27.0493181
73745,"Landslide at Manbene Dhode , Dhankuta Municipality-2",08-08-2024,87.32946555,26.98687752,87.3796788,27.0493181
73697,"Landslide at Darling , Resunga Municipality-14",07-08-2024,83.27507659,28.07684596,83.32676702,28.12053287
73702,"Landslide at Panalta , Surma Rural Municipality-1",07-08-2024,81.08536992,29.61750602,81.2229145,29.82287492
73705,"Landslide at Guna Cinema Hall , Konjyosom Rural Municipality-4",07-08-2024,85.31847231,27.5384786,85.36589926,27.55891782
73706,"Landslide at Khasre, Rolpa Municipality-10",07-08-2024,82.63861451,28.31188035,82.71498855,28.43185747
73716,"Landslide at Bamrang , Halesi Tuwachung Municipality-11",07-08-2024,86.67033655,27.0883669,86.75116851,27.18809898
73718,"Landslide at Dhode , Dhankuta Municipality-2",07-08-2024,87.32946555,26.98687752,87.3796788,27.0493181
73719,"Landslide at Patlekharka , Khumbupasanglahmu Rural Municipality-3",07-08-2024,86.56391828,27.67450779,86.89989835,27.81638911
73725,"Landslide at Ramite , Rautamai Rural Municipality-7",07-08-2024,86.60214311,26.88376529,86.67347335,26.967371
73727,"Landslide at Balkhu , Molung Rural Municipality-1",07-08-2024,86.43498058,27.29580946,86.48449307,27.34125429
73728,Landslide at Phaktanglung Rural Municipality-6,07-08-2024,87.71183495,27.49151796,88.20166777,27.90595938
73741,Landslide at Surma Rural Municipality-1,07-08-2024,81.08536992,29.61750602,81.2229145,29.82287492
73672,"Landslide at Balghas , Dhorpatan Municipality-4",06-08-2024,83.17771771,28.31772508,83.30396167,28.39246398
73673,"Landslide at Bisauna , Resunga Municipality-14",06-08-2024,83.27507659,28.07684596,83.32676702,28.12053287
73678,Landslide at Chautara SangachokGadhi Municipality-11,06-08-2024,85.679308,27.64171227,85.73169921,27.7008869
73680,"Landslide at Arkhole, Dhankuta Municipality-2",06-08-2024,87.32946555,26.98687752,87.3796788,27.0493181
73681,"Landslide at Dablyang , Baglung Municipality-10",06-08-2024,83.59041065,28.21616024,83.62992101,28.26078699
73682,"Landslide at Baksila , Halesi Tuwachung Municipality-11",06-08-2024,86.67033655,27.0883669,86.75116851,27.18809898
73684,"Landslide at Basbari Drinking Water Office, Kageshwori Manahora Municipality-9",06-08-2024,85.36459131,27.68919261,85.38676172,27.70706524
73686,"Landslide at Chiplegauda Chowk , Kageshwori Manahora Municipality-9",06-08-2024,85.36459131,27.68919261,85.38676172,27.70706524
73687,"Landslide at Nagarkot , Bhaktapur Municipality-9",06-08-2024,85.43420691,27.67261686,85.44891996,27.67756656
73688,"Landslide at Manbahadur Marga , Kageshwori Manahora Municipality-9",06-08-2024,85.36459131,27.68919261,85.38676172,27.70706524
73690,"Landslide at Aarupata, Badigad Rural Municipality-10",06-08-2024,83.09357093,28.25015715,83.14393114,28.29479524
73691,"Landslide at Darling Kabhrakharka , Dhorpatan Municipality-4",06-08-2024,83.17771771,28.31772508,83.30396167,28.39246398
73708,"Landslide at Salpu , Molung Rural Municipality-1",06-08-2024,86.43498058,27.29580946,86.48449307,27.34125429
73662,"Landslide at Pokharekhola , Netrawati Dabjong Rural Municipality-1",05-08-2024,84.92008082,28.00038689,84.99090156,28.03111331
73666,"Landslide at Bhirkharka , Halesi Tuwachung Municipality-11",05-08-2024,86.67033655,27.0883669,86.75116851,27.18809898
73683,"Landslide at Kharsubayan , Gokulganga Rural Municipality-4",05-08-2024,86.14431564,27.50900248,86.21422496,27.55083655
73689,"Landslide at Gadada  Tole , Gaumul Rural Municipality-1",05-08-2024,81.43507757,29.511634,81.57276609,29.69247101
73692,"Landslide at Sisneri , Molung Rural Municipality-1",05-08-2024,86.43498058,27.29580946,86.48449307,27.34125429
73693,"Landslide at Bharyang , Molung Rural Municipality-1",05-08-2024,86.43498058,27.29580946,86.48449307,27.34125429
73677,"Landslide at Tuti , Surma Rural Municipality-1",04-08-2024,81.08536992,29.61750602,81.2229145,29.82287492
73599,"Landslide at Madungara , Apihimal Rural Municipality-6",02-08-2024,80.72150068,29.774431,80.83223736,29.92995108
73604,"Landslide at Matakharka , Birendranagar Municipality-14",02-08-2024,81.56930253,28.62552961,81.64086967,28.69224846
73606,Landslide at Phaktanglung Rural Municipality-6,02-08-2024,87.71183495,27.49151796,88.20166777,27.90595938
73618,"Landslide at Kamidanda , Rolpa Municipality-10",02-08-2024,82.63861451,28.31188035,82.71498855,28.43185747
73627,"Landslide at Lasunbari , Banfikot Rural Municipality-6",02-08-2024,82.42511763,28.69332702,82.46256074,28.74604354
73629,"Landslide at Udimdhunga , Banfikot Rural Municipality-6",02-08-2024,82.42511763,28.69332702,82.46256074,28.74604354
73590,"Landslide at Kanchi Bazar , Birendranagar Municipality-15",01-08-2024,81.65991254,28.61803038,81.72866192,28.67988206
73594,"Landslide at Golekudi , Apihimal Rural Municipality-6",01-08-2024,80.72150068,29.774431,80.83223736,29.92995108
73597,"Landslide at Majhgaau , Machhapuchchhre Rural Municipality-2",01-08-2024,83.94813972,28.305277,84.06603578,28.41397834
73608,Landslide at Diktel Rupakot Majhuwagadhi Municipality-14,01-08-2024,86.69052489,27.18760224,86.75898313,27.2400738
73609,"Landslide at Gadiyalo , Gokulganga Rural Municipality-4",01-08-2024,86.14431564,27.50900248,86.21422496,27.55083655
73612,"Landslide at Tritiya Patle , Phidim Municipality-11",01-08-2024,87.76532587,27.12822481,87.83098637,27.17332166
73613,"Landslide at Bagale Gaau , Phaktanglung Rural Municipality-6",01-08-2024,87.71183495,27.49151796,88.20166777,27.90595938
73614,"Landslide at Maludanda, Bigu Rural Municipality-1",01-08-2024,86.07927822,27.81742183,86.29998206,28.17417557
73513,"Landslide at Phutung Naagpokhari , Kageshwori Manahora Municipality-9",31-07-2024,85.36459131,27.68919261,85.38676172,27.70706524
73521,"Landslide at Jure , Balefi Rural Municipality-8",31-07-2024,85.84047598,27.75481801,85.87720715,27.76798112
73527,"Landslide at Jimwal Tole , Suryagadhi Rural Municipality-4",31-07-2024,85.2144156,27.91643261,85.26486965,27.95002711
73528,"Landslide at Shree Chaur , Molung Rural Municipality-1",31-07-2024,86.43498058,27.29580946,86.48449307,27.34125429
73529,"Landslide at Kami Gaau , Nechasalyan Rural Municipality-6",31-07-2024,86.5493195,27.39750117,86.63123672,27.44798225
73531,Landslide at Kathmandu Metropolitan City-32,31-07-2024,85.3333604,27.6679771,85.37030223,27.71073738
73532,"Landslide at Salleri Kaflepani , Molung Rural Municipality-1",31-07-2024,86.43498058,27.29580946,86.48449307,27.34125429
73538,"Landslide at Phalate , Molung Rural Municipality-1",31-07-2024,86.43498058,27.29580946,86.48449307,27.34125429
73548,"Landslide at Belidanda , Nechasalyan Rural Municipality-6",31-07-2024,86.5493195,27.39750117,86.63123672,27.44798225
73552,"Landslide at Thalakhum , Khumbupasanglahmu Rural Municipality-3",31-07-2024,86.56391828,27.67450779,86.89989835,27.81638911
73555,"Landslide at Keshavtar , Vyas Municipality-14",31-07-2024,84.30833312,27.87760602,84.35966588,27.95877773
73559,"Landslide at Satbhai Tole , Gokulganga Rural Municipality-4",31-07-2024,86.14431564,27.50900248,86.21422496,27.55083655
73560,"Landslide at Baguwa , Melamchi Municipality-10",31-07-2024,85.57356404,27.79624161,85.61388187,27.83970473
73562,"Landslide at Thalakhum , Netrawati Dabjong Rural Municipality-1",31-07-2024,84.92008082,28.00038689,84.99090156,28.03111331
73570,"Landslide at Diktelbari , Halesi Tuwachung Municipality-11",31-07-2024,86.67033655,27.0883669,86.75116851,27.18809898
73592,"Landslide at Bhalukhop , Gokulganga Rural Municipality-4",31-07-2024,86.14431564,27.50900248,86.21422496,27.55083655
73500,Landslide at Mahabu Rural Municipality-2,30-07-2024,81.66694229,28.85294574,81.6999118,28.91271048
73549,"Landslide at Sisne , Halesi Tuwachung Municipality-11",30-07-2024,86.67033655,27.0883669,86.75116851,27.18809898
73469,Landslide at Gaumul Rural Municipality-1,29-07-2024,81.43507757,29.511634,81.57276609,29.69247101
73470,"Landslide at Tamu - Gauri Tole , Marsyangdi Rural Municipality-7",29-07-2024,84.38844356,28.28122197,84.61669057,28.47810652
73473,"Landslide at Namhardi , Banfikot Rural Municipality-6",29-07-2024,82.42511763,28.69332702,82.46256074,28.74604354
73491,"Landslide at Bhuneshwor Tole , Surnaya Rural Municipality-5",29-07-2024,80.56295374,29.48352759,80.6378394,29.55263875
73437,"Landslide at Jure, Jugal Rural Municipality-2",28-07-2024,85.69277115,27.85759222,85.79686022,28.04745458
73443,"Landslide at Resha , Dharche Rural Municipality-5",28-07-2024,84.77574082,28.16370382,84.87698767,28.34008661
73447,"Landslide at Kalopahiro , Makawanpurgadhi Rural Municipality-5",28-07-2024,85.05702439,27.43560124,85.12019398,27.48831754
73457,"Landslide at Aathmile , Kageshwori Manahora Municipality-9",28-07-2024,85.36459131,27.68919261,85.38676172,27.70706524
73492,"Landslide at Holpu , Molung Rural Municipality-1",28-07-2024,86.43498058,27.29580946,86.48449307,27.34125429
73445,"Landslide at Nimtola , Alital Rural Municipality-3",27-07-2024,80.42978267,29.12482712,80.53868024,29.23661865
73462,"Landslide at Baguwa , Makawanpurgadhi Rural Municipality-5",27-07-2024,85.05702439,27.43560124,85.12019398,27.48831754
73427,"Landslide at Daklang , Jugal Rural Municipality-2",26-07-2024,85.69277115,27.85759222,85.79686022,28.04745458
73488,"Landslide at Das , Raghuganga Rural Municipality-8",26-07-2024,83.42055015,28.48904911,83.53806011,28.69745521
73404,"Landslide at Banuwaghumti , Gosaikunda Rural Municipality-4",25-07-2024,85.39967219,28.1292885,85.80022256,28.38628458
73412,"Landslide at Balitar , Bigu Rural Municipality-1",25-07-2024,86.07927822,27.81742183,86.29998206,28.17417557
73416,Landslide at Kageshwori Manahora Municipality-9,25-07-2024,85.36459131,27.68919261,85.38676172,27.70706524
73418,"Landslide at Dobhane , Bhojpur Municipality-11",25-07-2024,87.06512192,27.12633704,87.10493021,27.19118282
73424,"Landslide at Chhedachaur , Kuse Rural Municipality-7",25-07-2024,82.1649199,28.83833526,82.23465582,28.89598773
73426,"Landslide at Pharpu, Gokulganga Rural Municipality-4",25-07-2024,86.14431564,27.50900248,86.21422496,27.55083655
73433,"Landslide at Dhalaun , Surma Rural Municipality-1",25-07-2024,81.08536992,29.61750602,81.2229145,29.82287492
73408,"Landslide at Pipal Chautara, Mahabu Rural Municipality-2",24-07-2024,81.66694229,28.85294574,81.6999118,28.91271048
73409,"Landslide at Khahare Buspark , Konjyosom Rural Municipality-4",24-07-2024,85.31847231,27.5384786,85.36589926,27.55891782
73411,"Landslide at Rokaya Tole, Mahabu Rural Municipality-2",24-07-2024,81.66694229,28.85294574,81.6999118,28.91271048
73415,"Landslide at Pakherol , Banfikot Rural Municipality-6",24-07-2024,82.42511763,28.69332702,82.46256074,28.74604354
73377,"Landslide at Archale , Suryagadhi Rural Municipality-4",23-07-2024,85.2144156,27.91643261,85.26486965,27.95002711
73381,"Landslide at Sindhukot , Jugal Rural Municipality-2",23-07-2024,85.69277115,27.85759222,85.79686022,28.04745458
73386,"Landslide at Lalighat , Pachaljharana Rural Municipality-3",23-07-2024,81.70255866,29.17727992,81.80798063,29.25665096
73393,"Landslide at Tumme, Silichong Rural Municipality-4",23-07-2024,87.11368391,27.44755823,87.16304362,27.52829742
73398,"Landslide at Rupendra Khada , Sani Bheri Rural Municipality-9",23-07-2024,82.34841708,28.63015063,82.39178361,28.6592185
73399,"Landslide at Sarkidera , Banfikot Rural Municipality-6",23-07-2024,82.42511763,28.69332702,82.46256074,28.74604354
73363,"Landslide at Babiyachaur , Rolpa Municipality-10",22-07-2024,82.63861451,28.31188035,82.71498855,28.43185747
73380,"Landslide at Nempang , Bhojpur Municipality-11",22-07-2024,87.06512192,27.12633704,87.10493021,27.19118282
73392,"Landslide at Gorjalu , Putha Uttarganga Rural Municipality-4",22-07-2024,82.78596731,28.66662148,82.83889772,28.72272196
73432,Landslide at Khandbari Municipality-7,22-07-2024,87.20220932,27.36909377,87.23760611,27.40124225
73343,"Landslide at Mahabhir, Raghuganga Rural Municipality-8",21-07-2024,83.42055015,28.48904911,83.53806011,28.69745521
73344,"Landslide at Lakuribhanjyang, Mahalaxmi Municipality-10",21-07-2024,85.4076123,27.59273948,85.43569443,27.62128753
73345,"Landslide at Aryalgaau , Kageshwori Manahora Municipality-9",21-07-2024,85.36459131,27.68919261,85.38676172,27.70706524
73352,"Landslide at Seradil , Simkot Rural Municipality-3",21-07-2024,81.84574098,29.9423704,81.92143068,30.07094363
73329,"Landslide at Pipalkunda , Shikhar Municipality-2",20-07-2024,80.77682938,29.15458593,80.91028983,29.24746269
73351,"Landslide at Bacha chauka , Surma Rural Municipality-1",20-07-2024,81.08536992,29.61750602,81.2229145,29.82287492
73353,"Landslide at Iswa , Phaktanglung Rural Municipality-6",20-07-2024,87.71183495,27.49151796,88.20166777,27.90595938
73282,"Landslide at Kavresthali , Kageshwori Manahora Municipality-9",19-07-2024,85.36459131,27.68919261,85.38676172,27.70706524
73306,"Landslide at Chaurigaau , Apihimal Rural Municipality-6",19-07-2024,80.72150068,29.774431,80.83223736,29.92995108
73307,"Landslide at Chhipang , Apihimal Rural Municipality-6",19-07-2024,80.72150068,29.774431,80.83223736,29.92995108
73312,Landslide at Phaktanglung Rural Municipality-6,19-07-2024,87.71183495,27.49151796,88.20166777,27.90595938
73317,"Landslide at Bolde , Jugal Rural Municipality-2",19-07-2024,85.69277115,27.85759222,85.79686022,28.04745458
73318,"Landslide at Lahareni , Rhishing Rural Municipality-1",19-07-2024,84.22214701,27.89768723,84.31423683,27.96913505
73321,"Landslide at Kukhure , Suryagadhi Rural Municipality-4",19-07-2024,85.2144156,27.91643261,85.26486965,27.95002711
73337,"Landslide at Maisthan , Rolpa Municipality-10",19-07-2024,82.63861451,28.31188035,82.71498855,28.43185747
73355,"Landslide at Matel, Bhojpur Municipality-11",19-07-2024,87.06512192,27.12633704,87.10493021,27.19118282
73362,"Landslide at Balupata , Pachaljharana Rural Municipality-3",19-07-2024,81.70255866,29.17727992,81.80798063,29.25665096
73285,"Landslide at Pachhawang , Putha Uttarganga Rural Municipality-4",18-07-2024,82.78596731,28.66662148,82.83889772,28.72272196
73290,"Landslide at Badumla , Bhojpur Municipality-11",18-07-2024,87.06512192,27.12633704,87.10493021,27.19118282
73293,"Landslide at Dendi Sherpa , Solududhakunda Municipality-10",18-07-2024,86.4349053,27.42132732,86.51840445,27.534091
73297,"Landslide at Dholya Kathach Tole , Surnaya Rural Municipality-5",18-07-2024,80.56295374,29.48352759,80.6378394,29.55263875
73298,"Landslide at Swal , Surnaya Rural Municipality-5",18-07-2024,80.56295374,29.48352759,80.6378394,29.55263875
73301,"Landslide at Guphathumki , Illam Municipality-12",18-07-2024,87.86322238,26.87229975,87.91259276,26.92240266
73302,"Landslide at Bandungrisain , Shikhar Municipality-10",18-07-2024,80.73257383,29.26691787,80.80352273,29.30888436
73305,"Landslide at Temba , Phaktanglung Rural Municipality-6",18-07-2024,87.71183495,27.49151796,88.20166777,27.90595938
73308,"Landslide at Tapethok , Phaktanglung Rural Municipality-6",18-07-2024,87.71183495,27.49151796,88.20166777,27.90595938
73310,"Landslide at Behind Teaching Hospital , Kageshwori Manahora Municipality-9",18-07-2024,85.36459131,27.68919261,85.38676172,27.70706524
73255,"Landslide at Sadhane , Kushma Municipality-10",17-07-2024,83.69072225,28.18684882,83.72463574,28.22469922
73263,"Landslide at Lahare, Gosaikunda Rural Municipality-4",17-07-2024,85.39967219,28.1292885,85.80022256,28.38628458
73268,"Landslide at Goldhunga Devisthan , Kageshwori Manahora Municipality-9",17-07-2024,85.36459131,27.68919261,85.38676172,27.70706524
73269,"Landslide at Raneda Tole , Gaumul Rural Municipality-1",17-07-2024,81.43507757,29.511634,81.57276609,29.69247101
73270,"Landslide at Lyawoti , Apihimal Rural Municipality-6",17-07-2024,80.72150068,29.774431,80.83223736,29.92995108
73272,"Landslide at Laya , Gaumul Rural Municipality-1",17-07-2024,81.43507757,29.511634,81.57276609,29.69247101
73295,"Landslide at Mallesi , Surma Rural Municipality-1",17-07-2024,81.08536992,29.61750602,81.2229145,29.82287492
73225,"Landslide at Biluwa Dhovan , Khandbari Municipality-7",16-07-2024,87.20220932,27.36909377,87.23760611,27.40124225
73229,Landslide at Gosaikunda Rural Municipality-4,16-07-2024,85.39967219,28.1292885,85.80022256,28.38628458
73230,"Landslide at Grang , Gosaikunda Rural Municipality-4",16-07-2024,85.39967219,28.1292885,85.80022256,28.38628458
73239,"Landslide at Damthala , Bhojpur Municipality-11",16-07-2024,87.06512192,27.12633704,87.10493021,27.19118282
73241,"Landslide at Bakhumma , Salpasilichho Rural Municipality-5",16-07-2024,86.90601847,27.37905035,87.02640578,27.4592927
73244,"Landslide at Dallena , Kuse Rural Municipality-7",16-07-2024,82.1649199,28.83833526,82.23465582,28.89598773
73250,"Landslide at Maramchi , Jugal Rural Municipality-2",16-07-2024,85.69277115,27.85759222,85.79686022,28.04745458
73252,"Landslide at Malima , Bhojpur Municipality-11",16-07-2024,87.06512192,27.12633704,87.10493021,27.19118282
73253,"Landslide at Barthan , Pyuthan Municipality-7",16-07-2024,82.85185577,28.10586252,82.88171112,28.13441901
73254,"Landslide at Chhing , Banfikot Rural Municipality-6",16-07-2024,82.42511763,28.69332702,82.46256074,28.74604354
73258,"Landslide at Deku , Khumbupasanglahmu Rural Municipality-3",16-07-2024,86.56391828,27.67450779,86.89989835,27.81638911
73193,"Landslide at Putlachaur , Rolpa Municipality-10",15-07-2024,82.63861451,28.31188035,82.71498855,28.43185747
73194,"Landslide at Sunkada , Surma Rural Municipality-1",15-07-2024,81.08536992,29.61750602,81.2229145,29.82287492
73195,Landslide at Surma Rural Municipality-1,15-07-2024,81.08536992,29.61750602,81.2229145,29.82287492
73199,"Landslide at Khairela , Gauriganga Municipality-9",15-07-2024,80.82804959,28.70369486,80.89714465,28.76321906
73203,"Landslide at Barikhet , Guthichaur Rural Municipality-5",15-07-2024,82.18812634,29.18172722,82.27117334,29.27470683
73204,"Landslide at Saraga , Pachaljharana Rural Municipality-3",15-07-2024,81.70255866,29.17727992,81.80798063,29.25665096
73451,Landslide at Khandbari Municipality-7,15-07-2024,87.20220932,27.36909377,87.23760611,27.40124225
73164,"Landslide at Deurali , Phidim Municipality-11",14-07-2024,87.76532587,27.12822481,87.83098637,27.17332166
73172,"Landslide at Hattisude , Halesi Tuwachung Municipality-11",14-07-2024,86.67033655,27.0883669,86.75116851,27.18809898
73177,Landslide at Shivapuri Rural Municipality-5,14-07-2024,85.35393112,27.82528748,85.39123807,27.86267285
73178,Landslide at Kageshwori Manahora Municipality-9,14-07-2024,85.36459131,27.68919261,85.38676172,27.70706524
73183,"Landslide at Laphabazar , Pachaljharana Rural Municipality-3",14-07-2024,81.70255866,29.17727992,81.80798063,29.25665096
73185,"Landslide at Pedang , Phaktanglung Rural Municipality-6",14-07-2024,87.71183495,27.49151796,88.20166777,27.90595938
73209,"Landslide at Grang , Gosaikunda Rural Municipality-4",14-07-2024,85.39967219,28.1292885,85.80022256,28.38628458
73210,"Landslide at Grang , Kalika Rural Municipality-1",14-07-2024,85.19327832,28.01701942,85.25437216,28.08594443
73217,Landslide at Gosaikunda Rural Municipality-4,14-07-2024,85.39967219,28.1292885,85.80022256,28.38628458
73135,Landslide at Gauriganga Municipality-9,13-07-2024,80.82804959,28.70369486,80.89714465,28.76321906
73147,"Landslide at Sudame , Machhapuchchhre Rural Municipality-2",13-07-2024,83.94813972,28.305277,84.06603578,28.41397834
73157,Landslide at Pachaljharana Rural Municipality-3,13-07-2024,81.70255866,29.17727992,81.80798063,29.25665096
73162,"Landslide at Ghandruk , Annapurna Rural Municipality-11",13-07-2024,83.73185653,28.37769188,83.94915585,28.61343856
73075,"Landslide at Tallotaple, Madi Rural Municipality-11",12-07-2024,84.10685658,28.21165559,84.1489958,28.25711569
73076,"Landslide at Chainpur, Pokhara Lekhnath Metropolitan City-32",12-07-2024,84.07856731,28.09158862,84.128229,28.15324364
73103,"Landslide at Simal Gairi , Gorkha Municipality-13",12-07-2024,84.52159952,27.90490414,84.55852966,27.95919048
73106,"Landslide at Jarebar , Dharche Rural Municipality-5",12-07-2024,84.77574082,28.16370382,84.87698767,28.34008661
73107,"Landslide at Danda Gaau , Dharche Rural Municipality-5",12-07-2024,84.77574082,28.16370382,84.87698767,28.34008661
73109,"Landslide at Titepani , Machhapuchchhre Rural Municipality-2",12-07-2024,83.94813972,28.305277,84.06603578,28.41397834
73111,"Landslide at Simaltar , Rhishing Rural Municipality-1",12-07-2024,84.22214701,27.89768723,84.31423683,27.96913505
73114,"Landslide at Gurautar , Hupsekot Rural Municipality-4",12-07-2024,84.04777179,27.68118015,84.12831313,27.7386686
73115,Landslide at Halesi Tuwachung Municipality-11,12-07-2024,86.67033655,27.0883669,86.75116851,27.18809898
73116,"Landslide at Birethati , Machhapuchchhre Rural Municipality-2",12-07-2024,83.94813972,28.305277,84.06603578,28.41397834
73121,"Landslide at Tallotar , Rhishing Rural Municipality-1",12-07-2024,84.22214701,27.89768723,84.31423683,27.96913505
73123,"Landslide at Satthi , Simkot Rural Municipality-3",12-07-2024,81.84574098,29.9423704,81.92143068,30.07094363
73127,"Landslide at Kwang Deurali , Nisdi Rural Municipality-1",12-07-2024,83.98300083,27.78609065,84.02854046,27.86195678
73132,"Landslide at Narayanghad Mugling Road Section - Simaltal , Bharatpur Metropolitan City-29",12-07-2024,84.42988955,27.71140817,84.52593657,27.82442208
73134,"Landslide at Dallu - Nunari Aani Gumba , Kageshwori Manahora Municipality-9",12-07-2024,85.36459131,27.68919261,85.38676172,27.70706524
73136,"Landslide at Maroka Tole Kamerepani , Annapurna Rural Municipality-1",12-07-2024,83.58570808,28.44813084,83.63304812,28.47914161
73137,"Landslide at Aambote , Rhishing Rural Municipality-1",12-07-2024,84.22214701,27.89768723,84.31423683,27.96913505
73138,"Landslide at Asine , Molung Rural Municipality-1",12-07-2024,86.43498058,27.29580946,86.48449307,27.34125429
73141,"Landslide at Syaldanda, Neelakantha Municipality-5",12-07-2024,84.93305234,27.84142227,85.00784264,27.88734695
73142,"Landslide at Bahadurpur , Haripur Municipality-3",12-07-2024,85.54114786,26.96373136,85.58969315,26.98559007
73143,"Landslide at Bhattekhola , Pokhara Lekhnath Metropolitan City-16",12-07-2024,83.95783759,28.24083912,84.04342608,28.32767169
73144,"Landslide at Bhoj , Marsyangdi Rural Municipality-7",12-07-2024,84.38844356,28.28122197,84.61669057,28.47810652
73146,"Landslide at Kasaha Tole , Golbazar Municipality-13",12-07-2024,86.31371151,26.71427013,86.34738204,26.76089132
73168,Landslide at Gosaikunda Rural Municipality-4,12-07-2024,85.39967219,28.1292885,85.80022256,28.38628458
73030,"Landslide at Titaure , Dhorpatan Municipality-4",11-07-2024,83.17771771,28.31772508,83.30396167,28.39246398
73034,"Landslide at Bhyaple , Kushma Municipality-10",11-07-2024,83.69072225,28.18684882,83.72463574,28.22469922
73055,"Landslide at Chausil , Apihimal Rural Municipality-6",11-07-2024,80.72150068,29.774431,80.83223736,29.92995108
73056,"Landslide at Pakuwa , Kushma Municipality-11",11-07-2024,83.70921482,28.20787628,83.74545707,28.24950921
73060,"Landslide at Thoklimba , Phidim Municipality-11",11-07-2024,87.76532587,27.12822481,87.83098637,27.17332166
73061,"Landslide at Tityang Thapaghar , Dhorpatan Municipality-4",11-07-2024,83.17771771,28.31772508,83.30396167,28.39246398
73064,"Landslide at Dahregauda , Halesi Tuwachung Municipality-11",11-07-2024,86.67033655,27.0883669,86.75116851,27.18809898
73068,"Landslide at Bhayalkharka , Marsyangdi Rural Municipality-7",11-07-2024,84.38844356,28.28122197,84.61669057,28.47810652
73074,"Landslide at 17 Kilo, Bharatpur Metropolitan City-29",11-07-2024,84.42988955,27.71140817,84.52593657,27.82442208
73077,"Landslide at Talkot, Pokhara Lekhnath Metropolitan City-19",11-07-2024,83.9326458,28.25616285,83.98265562,28.30704901
73079,Landslide at Dhaulagiri Rural Municipality-7,11-07-2024,83.32181407,28.43361121,83.38705806,28.5034854
73080,"Landslide at Damping , Rhishing Rural Municipality-1",11-07-2024,84.22214701,27.89768723,84.31423683,27.96913505
73082,"Landslide at Prakendi , Marsyangdi Rural Municipality-7",11-07-2024,84.38844356,28.28122197,84.61669057,28.47810652
73093,"Landslide at Mangdine Tole , Dhankuta Municipality-2",11-07-2024,87.32946555,26.98687752,87.3796788,27.0493181
73097,"Landslide at Thulodhimire , Marsyangdi Rural Municipality-7",11-07-2024,84.38844356,28.28122197,84.61669057,28.47810652
73098,"Landslide at Madana , Simkot Rural Municipality-3",11-07-2024,81.84574098,29.9423704,81.92143068,30.07094363
73105,"Landslide at Chimkhola , Raghuganga Rural Municipality-8",11-07-2024,83.42055015,28.48904911,83.53806011,28.69745521
73124,"Landslide at Kamerepani Maraka Tole , Raghuganga Rural Municipality-8",11-07-2024,83.42055015,28.48904911,83.53806011,28.69745521
73140,Landslide at Gaidahawa Rural Municipality-4,11-07-2024,83.26105741,27.56266489,83.30410267,27.60878857
73148,"Landslide at Buikhuwa , Diprung Chuichumma Rural Municipality-3",11-07-2024,86.72892289,27.07889568,86.79397119,27.11845887
72980,"Landslide at Sahelpata , Pokhara Lekhnath Metropolitan City-27",10-07-2024,84.03382973,28.14764775,84.07725929,28.20420175
73009,"Landslide at Mandredhunga , Raghuganga Rural Municipality-8",10-07-2024,83.42055015,28.48904911,83.53806011,28.69745521
73016,Landslide at Halesi Tuwachung Municipality-11,10-07-2024,86.67033655,27.0883669,86.75116851,27.18809898
73017,"Landslide at Jhor , Kageshwori Manahora Municipality-9",10-07-2024,85.36459131,27.68919261,85.38676172,27.70706524
73029,"Landslide at Chhorepatan , Pokhara Lekhnath Metropolitan City-17",10-07-2024,83.94390382,28.16061892,84.01057757,28.20169956
73035,"Landslide at Jalbire River , Jugal Rural Municipality-2",10-07-2024,85.69277115,27.85759222,85.79686022,28.04745458
73036,"Landslide at Kabeli River , Phidim Municipality-11",10-07-2024,87.76532587,27.12822481,87.83098637,27.17332166
73038,"Landslide at Ramche , Jugal Rural Municipality-2",10-07-2024,85.69277115,27.85759222,85.79686022,28.04745458
73042,Landslide at Surma Rural Municipality-1,10-07-2024,81.08536992,29.61750602,81.2229145,29.82287492
73043,"Landslide at Talloghale Chhap , Bhanu Municipality-12",10-07-2024,84.3397134,28.06947435,84.39951906,28.10537737
73044,"Landslide at Chimkhola , Raghuganga Rural Municipality-8",10-07-2024,83.42055015,28.48904911,83.53806011,28.69745521
73046,"Landslide at Karuwa , Machhapuchchhre Rural Municipality-2",10-07-2024,83.94813972,28.305277,84.06603578,28.41397834
73071,"Landslide at Roke Gaau , Raghuganga Rural Municipality-8",10-07-2024,83.42055015,28.48904911,83.53806011,28.69745521
73072,Landslide at Kushma Municipality-10,10-07-2024,83.69072225,28.18684882,83.72463574,28.22469922
72948,"Landslide at Salli Bissaini , Putha Uttarganga Rural Municipality-4",09-07-2024,82.78596731,28.66662148,82.83889772,28.72272196
72955,"Landslide at Bagmara , Illam Municipality-12",09-07-2024,87.86322238,26.87229975,87.91259276,26.92240266
72958,"Landslide at Baseri Bisauna , Katari Municipality-12",09-07-2024,86.34573551,27.03236435,86.40205606,27.09840872
72967,"Landslide at Bhanjyang , Dharan Submetropolitan City-20",09-07-2024,87.19872123,26.8085857,87.30669772,26.8787981
72968,"Landslide at Toribari , Triyuga Municipality-15",09-07-2024,86.68873709,26.86937606,86.76811032,26.94506296
72973,"Landslide at Dummana, Bhojpur Municipality-11",09-07-2024,87.06512192,27.12633704,87.10493021,27.19118282
72974,"Landslide at Samabesi Tole , Rautamai Rural Municipality-7",09-07-2024,86.60214311,26.88376529,86.67347335,26.967371
72976,"Landslide at Sana Agul , Bhumekasthan Municipality-7",09-07-2024,83.01225344,27.93547383,83.0791275,27.98388952
72982,"Landslide at Malbase , Bhojpur Municipality-11",09-07-2024,87.06512192,27.12633704,87.10493021,27.19118282
72984,"Landslide at Ghare Phul Chowk , Rautamai Rural Municipality-7",09-07-2024,86.60214311,26.88376529,86.67347335,26.967371
72985,"Landslide at Chuhar , Bhojpur Municipality-11",09-07-2024,87.06512192,27.12633704,87.10493021,27.19118282
72986,"Landslide at Bakhor , Khumbupasanglahmu Rural Municipality-3",09-07-2024,86.56391828,27.67450779,86.89989835,27.81638911
72987,"Landslide at Thapa Tole, Khumbupasanglahmu Rural Municipality-3",09-07-2024,86.56391828,27.67450779,86.89989835,27.81638911
72991,"Landslide at Boksetar , Bhojpur Municipality-11",09-07-2024,87.06512192,27.12633704,87.10493021,27.19118282
72994,"Landslide at Sukrabare , Phedap Rural Municipality-3",09-07-2024,87.54506206,27.12262229,87.59479314,27.17792227
72997,"Landslide at Huge , Bhojpur Municipality-11",09-07-2024,87.06512192,27.12633704,87.10493021,27.19118282
73007,"Landslide at Guthitar , Dhankuta Municipality-2",09-07-2024,87.32946555,26.98687752,87.3796788,27.0493181
73277,Landslide at Phaktanglung Rural Municipality-6,09-07-2024,87.71183495,27.49151796,88.20166777,27.90595938
73354,"Landslide at Goldhapbesi , Illam Municipality-12",09-07-2024,87.86322238,26.87229975,87.91259276,26.92240266
72902,"Landslide at Kastara , Bheri Municipality-12",08-07-2024,82.13844459,28.61338734,82.19584351,28.66679324
72907,"Landslide at Chhyangchhyangdi , Bhirkot Municipality-8",08-07-2024,83.70842626,28.02509685,83.76918943,28.08610574
72917,"Landslide at Kharpel Gaau , Simkot Rural Municipality-3",08-07-2024,81.84574098,29.9423704,81.92143068,30.07094363
72918,"Landslide at Rantapala , Alital Rural Municipality-3",08-07-2024,80.42978267,29.12482712,80.53868024,29.23661865
72922,"Landslide at Bunga , Surnaya Rural Municipality-5",08-07-2024,80.56295374,29.48352759,80.6378394,29.55263875
72926,"Landslide at Bahun Gaau , Gaumul Rural Municipality-1",08-07-2024,81.43507757,29.511634,81.57276609,29.69247101
72930,Landslide at Bhojpur Municipality-11,08-07-2024,87.06512192,27.12633704,87.10493021,27.19118282
72932,"Landslide at Saga , Gaumul Rural Municipality-1",08-07-2024,81.43507757,29.511634,81.57276609,29.69247101
72934,"Landslide at Jabla , Kamalbazar Municipality-7",08-07-2024,81.24933037,29.03806677,81.3219265,29.08357418
72936,"Landslide at Sawa Tole , Bhojpur Municipality-11",08-07-2024,87.06512192,27.12633704,87.10493021,27.19118282
72938,"Landslide at Ghattekhola , Shey Phoksundo Rural Municipality-99",08-07-2024,82.74488295,29.03984124,83.10481621,29.36636903
72945,"Landslide at Gairagaau , Sharada Municipality-9",08-07-2024,82.0418337,28.33689377,82.1070692,28.41133874
72953,"Landslide at Rapa Gobre , Netrawati Dabjong Rural Municipality-1",08-07-2024,84.92008082,28.00038689,84.99090156,28.03111331
72978,"Landslide at Chorkhola , Buddhabhumi Municipality-8",08-07-2024,82.94423881,27.59574656,83.00032726,27.64882098
72979,"Landslide at Zero Point , Mugum Karmarong Rural Municipality-7",08-07-2024,82.25688082,29.57157879,82.40126244,29.71589185
73099,"Landslide at Lakshmibazar , Dharche Rural Municipality-5",08-07-2024,84.77574082,28.16370382,84.87698767,28.34008661
72811,"Landslide at Gaajani , Waling Municipality-11",07-07-2024,83.73633644,27.98741192,83.77853982,28.02199121
72824,"Landslide at Mudikatiya , Pachaljharana Rural Municipality-3",07-07-2024,81.70255866,29.17727992,81.80798063,29.25665096
72825,"Landslide at Bhaiwang , Raghuganga Rural Municipality-8",07-07-2024,83.42055015,28.48904911,83.53806011,28.69745521
72826,"Landslide at Timure , Pachaljharana Rural Municipality-3",07-07-2024,81.70255866,29.17727992,81.80798063,29.25665096
72828,"Landslide at Baidhye Danda , Mathagadhi Rural Municipality-1",07-07-2024,83.59887623,27.8165172,83.66574946,27.87199622
72829,"Landslide at Kamere Kholsa , Khumbupasanglahmu Rural Municipality-3",07-07-2024,86.56391828,27.67450779,86.89989835,27.81638911
72830,"Landslide at Baluwakhani , Dhankuta Municipality-2",07-07-2024,87.32946555,26.98687752,87.3796788,27.0493181
72837,"Landslide at Paire, Molung Rural Municipality-1",07-07-2024,86.43498058,27.29580946,86.48449307,27.34125429
72839,"Landslide at Kharigaira , Barahtal Rural Municipality-8",07-07-2024,81.45289762,28.59842689,81.56253372,28.72631796
72842,"Landslide at Dhapdanda , Mathagadhi Rural Municipality-1",07-07-2024,83.59887623,27.8165172,83.66574946,27.87199622
72847,"Landslide at Naya Gaau , Bhaktapur Municipality-9",07-07-2024,85.43420691,27.67261686,85.44891996,27.67756656
72848,"Landslide at Jaubari , Bhojpur Municipality-11",07-07-2024,87.06512192,27.12633704,87.10493021,27.19118282
72850,"Landslide at Balaute , Bhojpur Municipality-11",07-07-2024,87.06512192,27.12633704,87.10493021,27.19118282
72852,"Landslide at Pathekhola , Waling Municipality-13",07-07-2024,83.68287117,27.95268386,83.73967197,27.99686228
72853,"Landslide at Ruwaskanda , Shikhar Municipality-2",07-07-2024,80.77682938,29.15458593,80.91028983,29.24746269
72856,"Landslide at Deurali , Uttargaya Rural Municipality-2",07-07-2024,85.14321352,28.01908768,85.20844041,28.07045454
72873,"Landslide at Simalchour, Arjunchaupari Rural Municipality-1",07-07-2024,83.72458935,28.05923717,83.79274789,28.11222395
72874,"Landslide at Chuplu, Siddhicharan Municipality-5",07-07-2024,86.51000511,27.30548948,86.55507281,27.38703279
72876,"Landslide at Sanagau, Purbichauki Rural Municipality-4",07-07-2024,81.05125774,29.25507216,81.1001289,29.2811589
72877,"Landslide at Kokaranga, Tansen Municipality-6",07-07-2024,83.53457202,27.83318643,83.5757405,27.86890363
72878,"Landslide at Chasi, Aadarsha Rural Municipality-1",07-07-2024,80.90787641,29.29639688,80.96351368,29.3488715
72880,"Landslide at Bebare, Phungling Municipality-6",07-07-2024,87.66772943,27.35130718,87.69626004,27.37133463
72882,"Landslide at Kirmili, Bungal Municipality-11",07-07-2024,80.77560085,29.5616342,80.82644656,29.59504926
72894,"Landslide at Bakhrikhor, Harinas Rural Municipality-5",07-07-2024,83.89709275,27.95697213,83.95207685,27.9934603
72895,"Landslide at Ramche, Harinas Rural Municipality-4",07-07-2024,83.94203576,27.94365617,83.99247543,28.00689729
72910,"Landslide at Tikha , Shikhar Municipality-2",07-07-2024,80.77682938,29.15458593,80.91028983,29.24746269
72919,"Landslide at Lampate , Molung Rural Municipality-1",07-07-2024,86.43498058,27.29580946,86.48449307,27.34125429
72689,"Landslide at Chamsitar, Halesi Tuwachung Municipality-3",06-07-2024,86.51388358,27.13677334,86.57516459,27.19363154
72691,"Landslide at Kamalpokhari, Tansen Municipality-14",06-07-2024,83.41936528,27.91132665,83.50216322,27.93997905
72694,Landslide at Kageshwori Manahora Municipality-9,06-07-2024,85.36459131,27.68919261,85.38676172,27.70706524
72695,"Landslide at Sisne, Rolpa Municipality-10",06-07-2024,82.63861451,28.31188035,82.71498855,28.43185747
72696,"Landslide at Aina Pahara , Rhishing Rural Municipality-1",06-07-2024,84.22214701,27.89768723,84.31423683,27.96913505
72697,"Landslide at Okhrang , Bhojpur Municipality-11",06-07-2024,87.06512192,27.12633704,87.10493021,27.19118282
72698,"Landslide at Narke, Namobuddha Municipality-7",06-07-2024,85.62736092,27.52237087,85.65838212,27.55870984
72699,"Landslide at Birsikhatole , Bhirkot Municipality-8",06-07-2024,83.70842626,28.02509685,83.76918943,28.08610574
72700,"Landslide at Kopta, Bhumekasthan Municipality-7",06-07-2024,83.01225344,27.93547383,83.0791275,27.98388952
72701,"Landslide at Ratomate, Makawanpurgadhi Rural Municipality-5",06-07-2024,85.05702439,27.43560124,85.12019398,27.48831754
72702,"Landslide at Sitapur, Bhumekasthan Municipality-7",06-07-2024,83.01225344,27.93547383,83.0791275,27.98388952
72703,"Landslide at Mahadevtar, Makawanpurgadhi Rural Municipality-5",06-07-2024,85.05702439,27.43560124,85.12019398,27.48831754
72704,"Landslide at Kaure , Bhirkot Municipality-8",06-07-2024,83.70842626,28.02509685,83.76918943,28.08610574
72705,"Landslide at Thatipauwa , Resunga Municipality-14",06-07-2024,83.27507659,28.07684596,83.32676702,28.12053287
72706,"Landslide at Syangdi Majkot , Bhirkot Municipality-8",06-07-2024,83.70842626,28.02509685,83.76918943,28.08610574
72710,"Landslide at Pidikhola , Bhirkot Municipality-8",06-07-2024,83.70842626,28.02509685,83.76918943,28.08610574
72714,"Landslide at Asardi , Mathagadhi Rural Municipality-1",06-07-2024,83.59887623,27.8165172,83.66574946,27.87199622
72715,"Landslide at Madhukot , Mathagadhi Rural Municipality-1",06-07-2024,83.59887623,27.8165172,83.66574946,27.87199622
72716,"Landslide at Thulo Lumpek , Resunga Municipality-14",06-07-2024,83.27507659,28.07684596,83.32676702,28.12053287
72717,"Landslide at Devisthan, Bhirkot Municipality-8",06-07-2024,83.70842626,28.02509685,83.76918943,28.08610574
72718,"Landslide at Bhangobari , Rolpa Municipality-10",06-07-2024,82.63861451,28.31188035,82.71498855,28.43185747
72719,"Landslide at Malabhir , Surma Rural Municipality-1",06-07-2024,81.08536992,29.61750602,81.2229145,29.82287492
72720,"Landslide at Budhabagar , Sanphebagar Municipality-13",06-07-2024,81.2206219,29.28640035,81.26922189,29.35427027
72721,"Landslide at Sarra , Ghorahi Submetropolitan City-16",06-07-2024,82.43165921,28.00579869,82.47601944,28.05684808
72722,"Landslide at Chheka , Pachaljharana Rural Municipality-3",06-07-2024,81.70255866,29.17727992,81.80798063,29.25665096
72723,"Landslide at Khalde , Jugal Rural Municipality-2",06-07-2024,85.69277115,27.85759222,85.79686022,28.04745458
72724,"Landslide at Tekre , Rhishing Rural Municipality-1",06-07-2024,84.22214701,27.89768723,84.31423683,27.96913505
72725,"Landslide at Malmul, Mathagadhi Rural Municipality-1",06-07-2024,83.59887623,27.8165172,83.66574946,27.87199622
72727,"Landslide at Jaupani, Rhishing Rural Municipality-1",06-07-2024,84.22214701,27.89768723,84.31423683,27.96913505
72728,"Landslide at Jitpurphedi , Kageshwori Manahora Municipality-9",06-07-2024,85.36459131,27.68919261,85.38676172,27.70706524
72729,"Landslide at Birbas , Resunga Municipality-14",06-07-2024,83.27507659,28.07684596,83.32676702,28.12053287
72734,"Landslide at Aamdanda , Pyuthan Municipality-7",06-07-2024,82.85185577,28.10586252,82.88171112,28.13441901
72738,"Landslide at Khiraule , Khumbupasanglahmu Rural Municipality-3",06-07-2024,86.56391828,27.67450779,86.89989835,27.81638911
72740,"Landslide at Dandagaau , Pokhara Lekhnath Metropolitan City-32",06-07-2024,84.07856731,28.09158862,84.128229,28.15324364
72742,Landslide at Khumbupasanglahmu Rural Municipality-3,06-07-2024,86.56391828,27.67450779,86.89989835,27.81638911
72743,"Landslide at Birtamod, Pachaljharana Rural Municipality-3",06-07-2024,81.70255866,29.17727992,81.80798063,29.25665096
72745,Landslide at Kageshwori Manahora Municipality-9,06-07-2024,85.36459131,27.68919261,85.38676172,27.70706524
72748,"Landslide at Karkineta , Kushma Municipality-10",06-07-2024,83.69072225,28.18684882,83.72463574,28.22469922
72749,"Landslide at Kaure , Rhishing Rural Municipality-1",06-07-2024,84.22214701,27.89768723,84.31423683,27.96913505
72753,"Landslide at Jyamire, Bhirkot Municipality-8",06-07-2024,83.70842626,28.02509685,83.76918943,28.08610574
72757,"Landslide at Gorthum , Bhumekasthan Municipality-7",06-07-2024,83.01225344,27.93547383,83.0791275,27.98388952
72764,"Landslide at Ghaseni , Sitganga Municipality-12",06-07-2024,83.01606227,27.75673572,83.1394073,27.85080941
72773,"Landslide at Sukultar , Rautamai Rural Municipality-7",06-07-2024,86.60214311,26.88376529,86.67347335,26.967371
72775,"Landslide at Okharbot , Rolpa Municipality-10",06-07-2024,82.63861451,28.31188035,82.71498855,28.43185747
72784,"Landslide at Tari , Mathagadhi Rural Municipality-1",06-07-2024,83.59887623,27.8165172,83.66574946,27.87199622
72785,Landslide at Surnaya Rural Municipality-5,06-07-2024,80.56295374,29.48352759,80.6378394,29.55263875
72786,Landslide at Halesi Tuwachung Municipality-11,06-07-2024,86.67033655,27.0883669,86.75116851,27.18809898
72788,"Landslide at Jhaputar , Rhishing Rural Municipality-1",06-07-2024,84.22214701,27.89768723,84.31423683,27.96913505
72789,"Landslide at Kharkhare , Sharada Municipality-9",06-07-2024,82.0418337,28.33689377,82.1070692,28.41133874
72801,"Landslide at Thadapakha , Kushma Municipality-10",06-07-2024,83.69072225,28.18684882,83.72463574,28.22469922
72805,"Landslide at Sutara , Kamalbazar Municipality-7",06-07-2024,81.24933037,29.03806677,81.3219265,29.08357418
72806,"Landslide at Duni, Kamalbazar Municipality-7",06-07-2024,81.24933037,29.03806677,81.3219265,29.08357418
72807,Landslide at Rhishing Rural Municipality-1,06-07-2024,84.22214701,27.89768723,84.31423683,27.96913505
72808,"Landslide at Jalaudi , Rhishing Rural Municipality-1",06-07-2024,84.22214701,27.89768723,84.31423683,27.96913505
72814,"Landslide at Ukhubari , Bhirkot Municipality-8",06-07-2024,83.70842626,28.02509685,83.76918943,28.08610574
72823,"Landslide at Ghekhor , Gokulganga Rural Municipality-4",06-07-2024,86.14431564,27.50900248,86.21422496,27.55083655
72836,"Landslide at Belghari , Pokhara Lekhnath Metropolitan City-17",06-07-2024,83.94390382,28.16061892,84.01057757,28.20169956
73026,"Landslide at Tallo Ranibas , Triyuga Municipality-15",06-07-2024,86.68873709,26.86937606,86.76811032,26.94506296
72650,"Landslide at Malabhir , Surma Rural Municipality-1",05-07-2024,81.08536992,29.61750602,81.2229145,29.82287492
72651,"Landslide at Lahure Bajar, Bhumekasthan Municipality-7",05-07-2024,83.01225344,27.93547383,83.0791275,27.98388952
72657,"Landslide at Sunkhola , Alital Rural Municipality-3",05-07-2024,80.42978267,29.12482712,80.53868024,29.23661865
72659,"Landslide at Gunabhir , Kuse Rural Municipality-7",05-07-2024,82.1649199,28.83833526,82.23465582,28.89598773
72660,"Landslide at Barlawa , Resunga Municipality-14",05-07-2024,83.27507659,28.07684596,83.32676702,28.12053287
72669,"Landslide at Lamatar, Phaktanglung Rural Municipality-6",05-07-2024,87.71183495,27.49151796,88.20166777,27.90595938
72672,"Landslide at Odar, Shikhar Municipality-10",05-07-2024,80.73257383,29.26691787,80.80352273,29.30888436
72674,"Landslide at Taprang , Machhapuchchhre Rural Municipality-2",05-07-2024,83.94813972,28.305277,84.06603578,28.41397834
72678,"Landslide at Ambakebote, Thulung Dudhkoshi Rural Municipality-3",05-07-2024,86.62718957,27.36443965,86.68349633,27.40934808
72687,"Landslide at Tallojiri, Barekot Rural Municipality-4",05-07-2024,82.23009059,28.95040425,82.36760855,29.12752175
72688,"Landslide at Singaudi, Aathabis Municipality-2",05-07-2024,81.43010613,28.9628637,81.4867478,29.00707881
72750,"Landslide at Shyangdi Majhkot , Bhirkot Municipality-8",05-07-2024,83.70842626,28.02509685,83.76918943,28.08610574
72780,Landslide at Siddhicharan Municipality-12,05-07-2024,86.48087422,27.30788065,86.50500721,27.32888164
72638,"Landslide at Malmul , Mathagadhi Rural Municipality-1",04-07-2024,83.59887623,27.8165172,83.66574946,27.87199622
72652,"Landslide at Dopahare , Pokhara Lekhnath Metropolitan City-21",04-07-2024,83.92247626,28.13112511,84.02305214,28.18849031
72653,"Landslide at Simkharka, Khumbupasanglahmu Rural Municipality-3",04-07-2024,86.56391828,27.67450779,86.89989835,27.81638911
72654,"Landslide at Pangre , Hupsekot Rural Municipality-4",04-07-2024,84.04777179,27.68118015,84.12831313,27.7386686
72655,"Landslide at Khani Danda , Katari Municipality-12",04-07-2024,86.34573551,27.03236435,86.40205606,27.09840872
72656,"Landslide at Bhartadi Bazar, Pachaljharana Rural Municipality-3",04-07-2024,81.70255866,29.17727992,81.80798063,29.25665096
72668,"Landslide at Bayalsera, Gaumul Rural Municipality-1",04-07-2024,81.43507757,29.511634,81.57276609,29.69247101
72673,"Landslide at Gopre, Netrawati Dabjong Rural Municipality-1",04-07-2024,84.92008082,28.00038689,84.99090156,28.03111331
72677,"Landslide at Dandakhali , Purchaudi Municipality-9",04-07-2024,80.61226394,29.58371355,80.64871503,29.62195965
72619,"Landslide at Thulogaau , Rolpa Municipality-10",03-07-2024,82.63861451,28.31188035,82.71498855,28.43185747
72623,"Landslide at Bhatabari , Pokhara Lekhnath Metropolitan City-23",03-07-2024,83.79838744,28.19404441,83.93526207,28.26697324
72624,"Landslide at Mira , Chhedagad Municipality-10",03-07-2024,82.07739947,28.73294433,82.16013322,28.800424
72625,"Landslide at Chauratha , Kuse Rural Municipality-7",03-07-2024,82.1649199,28.83833526,82.23465582,28.89598773
72627,"Landslide at Nagpokhari , Khumbupasanglahmu Rural Municipality-3",03-07-2024,86.56391828,27.67450779,86.89989835,27.81638911
72630,"Landslide at Taktola , Surnaya Rural Municipality-5",03-07-2024,80.56295374,29.48352759,80.6378394,29.55263875
72635,"Landslide at Babahang Tole , Phaktanglung Rural Municipality-6",03-07-2024,87.71183495,27.49151796,88.20166777,27.90595938
72637,"Landslide at Khewang , Phaktanglung Rural Municipality-6",03-07-2024,87.71183495,27.49151796,88.20166777,27.90595938
72578,"Landslide at Galnasa , Molung Rural Municipality-1",02-07-2024,86.43498058,27.29580946,86.48449307,27.34125429
72579,"Landslide at Rakura , Khumbupasanglahmu Rural Municipality-3",02-07-2024,86.56391828,27.67450779,86.89989835,27.81638911
72580,"Landslide at Zero Point , Khumbupasanglahmu Rural Municipality-3",02-07-2024,86.56391828,27.67450779,86.89989835,27.81638911
72585,"Landslide at Simkharka , Khumbupasanglahmu Rural Municipality-3",02-07-2024,86.56391828,27.67450779,86.89989835,27.81638911
72588,"Landslide at Ghyu Khola , Bhojpur Municipality-11",02-07-2024,87.06512192,27.12633704,87.10493021,27.19118282
72596,"Landslide at Phulbas , Rolpa Municipality-10",02-07-2024,82.63861451,28.31188035,82.71498855,28.43185747
72597,"Landslide at Tar , Khumbupasanglahmu Rural Municipality-3",02-07-2024,86.56391828,27.67450779,86.89989835,27.81638911
72600,"Landslide at Bungrung , Phaktanglung Rural Municipality-6",02-07-2024,87.71183495,27.49151796,88.20166777,27.90595938
72605,"Landslide at Bodhepani , Khumbupasanglahmu Rural Municipality-3",02-07-2024,86.56391828,27.67450779,86.89989835,27.81638911
72607,"Landslide at Baisari , Raghuganga Rural Municipality-8",02-07-2024,83.42055015,28.48904911,83.53806011,28.69745521
72608,"Landslide at Dandakharka , Molung Rural Municipality-1",02-07-2024,86.43498058,27.29580946,86.48449307,27.34125429
72613,Landslide at Shey Phoksundo Rural Municipality-99,02-07-2024,82.74488295,29.03984124,83.10481621,29.36636903
72620,"Landslide at Gaumul , Gaumul Rural Municipality-1",02-07-2024,81.43507757,29.511634,81.57276609,29.69247101
72548,"Landslide at Ebar , Kuse Rural Municipality-7",01-07-2024,82.1649199,28.83833526,82.23465582,28.89598773
72549,"Landslide at Thumbedin , Phaktanglung Rural Municipality-6",01-07-2024,87.71183495,27.49151796,88.20166777,27.90595938
72550,"Landslide at Chimring , Khumbupasanglahmu Rural Municipality-3",01-07-2024,86.56391828,27.67450779,86.89989835,27.81638911
72551,Landslide at Diktel Rupakot Majhuwagadhi Municipality-15,01-07-2024,86.69991826,27.14473097,86.75808031,27.20623283
72559,"Landslide at Telabung , Phaktanglung Rural Municipality-6",01-07-2024,87.71183495,27.49151796,88.20166777,27.90595938
72560,"Landslide at Haku , Phedap Rural Municipality-3",01-07-2024,87.54506206,27.12262229,87.59479314,27.17792227
72561,"Landslide at Pasku , Khumbupasanglahmu Rural Municipality-3",01-07-2024,86.56391828,27.67450779,86.89989835,27.81638911
72565,"Landslide at Sanggrang , Bhojpur Municipality-11",01-07-2024,87.06512192,27.12633704,87.10493021,27.19118282
72566,"Landslide at Tar , Khumbupasanglahmu Rural Municipality-3",01-07-2024,86.56391828,27.67450779,86.89989835,27.81638911
72567,Landslide at Golbazar Municipality-13,01-07-2024,86.31371151,26.71427013,86.34738204,26.76089132
72569,"Landslide at Kamaldanda , Khumbupasanglahmu Rural Municipality-3",01-07-2024,86.56391828,27.67450779,86.89989835,27.81638911
72615,"Landslide at Poklabung , Khandbari Municipality-7",01-07-2024,87.20220932,27.36909377,87.23760611,27.40124225
72518,"Landslide at Gunabhir, Nalgaad Municipality-7",30-06-2024,82.29435471,28.78415894,82.34712114,28.82338661
72531,"Landslide at Pahirotham , Khumbupasanglahmu Rural Municipality-3",30-06-2024,86.56391828,27.67450779,86.89989835,27.81638911
72532,"Landslide at Pahirotham , Khumbupasanglahmu Rural Municipality-3",30-06-2024,86.56391828,27.67450779,86.89989835,27.81638911
72533,"Landslide at Thumbedin , Phaktanglung Rural Municipality-6",30-06-2024,87.71183495,27.49151796,88.20166777,27.90595938
72535,Landslide at Khumbupasanglahmu Rural Municipality-3,30-06-2024,86.56391828,27.67450779,86.89989835,27.81638911
72536,"Landslide at Bachin , Khumbupasanglahmu Rural Municipality-3",30-06-2024,86.56391828,27.67450779,86.89989835,27.81638911
72538,"Landslide at Sunuwang , Rolpa Municipality-10",30-06-2024,82.63861451,28.31188035,82.71498855,28.43185747
72539,"Landslide at Papumla , Shadananda Municipality-13",30-06-2024,87.0885578,27.25354083,87.15926675,27.29038767
72544,"Landslide at Pahiretham / Bhote Bisaune , Khumbupasanglahmu Rural Municipality-3",30-06-2024,86.56391828,27.67450779,86.89989835,27.81638911
72546,"Landslide at Hewa Khola , Falelung Rural Municipality-5",30-06-2024,87.89164032,27.13084115,87.9962879,27.18826236
72552,"Landslide at Deshe , Molung Rural Municipality-1",30-06-2024,86.43498058,27.29580946,86.48449307,27.34125429
72555,"Landslide at Dumrise , Phaktanglung Rural Municipality-6",30-06-2024,87.71183495,27.49151796,88.20166777,27.90595938
72562,"Landslide at Pesalgaira , Molung Rural Municipality-6",30-06-2024,86.33853928,27.3540078,86.43637837,27.40094301
72568,"Landslide at Pandelung , Phaktanglung Rural Municipality-6",30-06-2024,87.71183495,27.49151796,88.20166777,27.90595938
72492,"Landslide at Bisauna , Dhorpatan Municipality-4",29-06-2024,83.17771771,28.31772508,83.30396167,28.39246398
72499,"Landslide at Kadelpata , Resunga Municipality-14",29-06-2024,83.27507659,28.07684596,83.32676702,28.12053287
72500,"Landslide at Paurani, Isma Rural Municipality-4",29-06-2024,83.18870937,28.16337226,83.24337127,28.23373538
72501,"Landslide at krkikotahara, Pokhara Lekhnath Metropolitan City-24",29-06-2024,83.87614638,28.22786264,83.93447913,28.27866305
72503,"Landslide at Naudanda, Annapurna Rural Municipality-1",29-06-2024,83.85840284,28.25483801,83.88442302,28.2914855
72504,"Landslide at Ranibash, Triyuga Municipality-15",29-06-2024,86.68873709,26.86937606,86.76811032,26.94506296
72505,"Landslide at Balewang, Chandrakot Rural Municipality-2",29-06-2024,83.35748492,28.10459007,83.41026672,28.16754497
72506,"Landslide at Sukhaura, Bareng Rural Municipality-5",29-06-2024,83.38993371,28.14410998,83.44843451,28.18195573
72507,"Landslide at Simpali, Annapurna Rural Municipality-1",29-06-2024,83.85840284,28.25483801,83.88442302,28.2914855
72511,"Landslide at Naitul, Badigad Rural Municipality-4",29-06-2024,83.23979984,28.22748335,83.32300134,28.2724266
72514,"Landslide at Hattidhunga, Bhimdatta Municipality-9",29-06-2024,80.12654376,29.02289722,80.20459349,29.13731323
72515,"Landslide at Ratchour, Musikot Municipality-2",29-06-2024,83.23838995,28.14357883,83.28071056,28.20234005
72516,Landslide at Bhojpur Municipality-11,29-06-2024,87.06512192,27.12633704,87.10493021,27.19118282
72525,"Landslide at Sallari, Solududhakunda Municipality-5",29-06-2024,86.52911882,27.48863145,86.61412802,27.51285464
72526,"Landslide at Bhuwa, Mahakulung Rural Municipality-2",29-06-2024,86.78835883,27.51142947,86.85558521,27.62054817
72529,"Landslide at Maitola , Gaumul Rural Municipality-1",29-06-2024,81.43507757,29.511634,81.57276609,29.69247101
72530,"Landslide at Kailashmandau , Gaumul Rural Municipality-1",29-06-2024,81.43507757,29.511634,81.57276609,29.69247101
72457,"Landslide at Khewang , Phaktanglung Rural Municipality-6",28-06-2024,87.71183495,27.49151796,88.20166777,27.90595938
72458,"Landslide at Paduka & Sagetada , Mahabu Rural Municipality-2",28-06-2024,81.66694229,28.85294574,81.6999118,28.91271048
72484,Landslide at Phaktanglung Rural Municipality-6,28-06-2024,87.71183495,27.49151796,88.20166777,27.90595938
72485,Landslide at Phaktanglung Rural Municipality-6,28-06-2024,87.71183495,27.49151796,88.20166777,27.90595938
72487,"Landslide at Shibu , Phaktanglung Rural Municipality-6",28-06-2024,87.71183495,27.49151796,88.20166777,27.90595938
72497,"Landslide at Bange , Bhirkot Municipality-8",28-06-2024,83.70842626,28.02509685,83.76918943,28.08610574
72502,"Landslide at Khorbari, Sirijangha Rural Municipality-6",28-06-2024,87.8120328,27.3973038,87.8839144,27.46401683
72510,"Landslide at Kotigau, Himali Rural Municipality-2",28-06-2024,81.53628126,29.58934952,81.72043038,29.68005904
72439,"Landslide at Beruju Gaau , Khumbupasanglahmu Rural Municipality-3",27-06-2024,86.56391828,27.67450779,86.89989835,27.81638911
72450,"Landslide at Kimalung , Bhojpur Municipality-11",27-06-2024,87.06512192,27.12633704,87.10493021,27.19118282
72456,"Landslide at Khamire, Kuse Rural Municipality-7",27-06-2024,82.1649199,28.83833526,82.23465582,28.89598773
72472,"Landslide at Harise , Phedap Rural Municipality-3",27-06-2024,87.54506206,27.12262229,87.59479314,27.17792227
72339,"Landslide at Bagum , Marsyangdi Rural Municipality-7",26-06-2024,84.38844356,28.28122197,84.61669057,28.47810652
72340,"Landslide at Aarupata, Pokhara Lekhnath Metropolitan City-27",26-06-2024,84.03382973,28.14764775,84.07725929,28.20420175
72341,"Landslide at Dheraini , Marsyangdi Rural Municipality-7",26-06-2024,84.38844356,28.28122197,84.61669057,28.47810652
72342,"Landslide at Thumki , Molung Rural Municipality-1",26-06-2024,86.43498058,27.29580946,86.48449307,27.34125429
72343,"Landslide at Chitepani , Machhapuchchhre Rural Municipality-2",26-06-2024,83.94813972,28.305277,84.06603578,28.41397834
72379,Landslide at Dordi Rural Municipality-9,26-06-2024,84.39258208,28.20760109,84.43745714,28.24125581
72386,"Landslide at Arghau Khola Dhok, Pokhara Lekhnath Metropolitan City-27",26-06-2024,84.03382973,28.14764775,84.07725929,28.20420175
72392,"Landslide at Keure , Pokhara Lekhnath Metropolitan City-16",26-06-2024,83.95783759,28.24083912,84.04342608,28.32767169
72396,"Landslide at Sungdel , Halesi Tuwachung Municipality-11",26-06-2024,86.67033655,27.0883669,86.75116851,27.18809898
72397,Landslide at Banfikot Rural Municipality-6,26-06-2024,82.42511763,28.69332702,82.46256074,28.74604354
72400,"Landslide at Bethekhola , Pokhara Lekhnath Metropolitan City-16",26-06-2024,83.95783759,28.24083912,84.04342608,28.32767169
72401,"Landslide at Bhalam , Pokhara Lekhnath Metropolitan City-20",26-06-2024,83.98406781,28.23823211,84.06271572,28.29426743
72402,"Landslide at Lamagaau , Marsyangdi Rural Municipality-7",26-06-2024,84.38844356,28.28122197,84.61669057,28.47810652
72405,Landslide at Khumbupasanglahmu Rural Municipality-3,26-06-2024,86.56391828,27.67450779,86.89989835,27.81638911
72414,"Landslide at Bhattarai Gaau , Khumbupasanglahmu Rural Municipality-3",26-06-2024,86.56391828,27.67450779,86.89989835,27.81638911
72415,"Landslide at Khaling Gaau , Khumbupasanglahmu Rural Municipality-3",26-06-2024,86.56391828,27.67450779,86.89989835,27.81638911
72421,"Landslide at Ambegudin , Phaktanglung Rural Municipality-6",26-06-2024,87.71183495,27.49151796,88.20166777,27.90595938
72422,"Landslide at Tikdu , Phaktanglung Rural Municipality-6",26-06-2024,87.71183495,27.49151796,88.20166777,27.90595938
72423,"Landslide at Beni , Khumbupasanglahmu Rural Municipality-3",26-06-2024,86.56391828,27.67450779,86.89989835,27.81638911
72425,"Landslide at Kaphaldanda , Kushma Municipality-10",26-06-2024,83.69072225,28.18684882,83.72463574,28.22469922
72428,"Landslide at Susta , Khumbupasanglahmu Rural Municipality-3",26-06-2024,86.56391828,27.67450779,86.89989835,27.81638911
72436,Landslide at Phedap Rural Municipality-3,26-06-2024,87.54506206,27.12262229,87.59479314,27.17792227
72442,"Landslide at Rum , Mahabu Rural Municipality-2",26-06-2024,81.66694229,28.85294574,81.6999118,28.91271048
72446,"Landslide at Seltada , Surnaya Rural Municipality-5",26-06-2024,80.56295374,29.48352759,80.6378394,29.55263875
72447,Landslide at Phaktanglung Rural Municipality-6,26-06-2024,87.71183495,27.49151796,88.20166777,27.90595938
72448,"Landslide at Mamkha , Molung Rural Municipality-1",26-06-2024,86.43498058,27.29580946,86.48449307,27.34125429
72357,"Landslide at Shikharmani , Rautamai Rural Municipality-7",25-06-2024,86.60214311,26.88376529,86.67347335,26.967371
72359,"Landslide at Jalpa Road , Inaruwa Municipality-8",25-06-2024,87.10905233,26.61607892,87.16998942,26.66194625
72367,"Landslide at Mane Gaau , Khandbari Municipality-7",25-06-2024,87.20220932,27.36909377,87.23760611,27.40124225
72378,"Landslide at Surungkhim, Phaktanglung Rural Municipality-6",25-06-2024,87.71183495,27.49151796,88.20166777,27.90595938
72394,"Landslide at Lokhodin , Phaktanglung Rural Municipality-6",25-06-2024,87.71183495,27.49151796,88.20166777,27.90595938
72445,"Landslide at Kolodhap , Pokhara Lekhnath Metropolitan City-17",25-06-2024,83.94390382,28.16061892,84.01057757,28.20169956
72337,Landslide at Phaktanglung Rural Municipality-6,24-06-2024,87.71183495,27.49151796,88.20166777,27.90595938
72300,"Landslide at Udipur, Besishahar Municipality-1",23-06-2024,84.39340368,28.151829,84.43875442,28.1956289
72282,"Landslide at Simaltal, Bharatpur Metropolitan City-29",22-06-2024,84.42988955,27.71140817,84.52593657,27.82442208
72294,"Landslide at TrisuliKhola, Gosaikunda Rural Municipality-6",22-06-2024,85.22801581,28.03688548,85.42777396,28.12794579
72299,"Landslide at Bagkhola, Chandrakot Rural Municipality-8",22-06-2024,83.32852189,28.06476003,83.39289737,28.11335475
72306,"Landslide at Bangebhir , Raghuganga Rural Municipality-8",22-06-2024,83.42055015,28.48904911,83.53806011,28.69745521
72311,"Landslide at Sakse , Resunga Municipality-14",22-06-2024,83.27507659,28.07684596,83.32676702,28.12053287
72322,"Landslide at Mamankhe , Phaktanglung Rural Municipality-6",22-06-2024,87.71183495,27.49151796,88.20166777,27.90595938
72281,"Landslide at Sahasradhara Petrol Pump , Kushma Municipality-1",21-06-2024,83.60903359,28.24522521,83.65628063,28.2832876
72284,Landslide at Sirijangha Rural Municipality-5,21-06-2024,87.83731961,27.36120448,87.88421289,27.41343596
72286,"Landslide at Bal Mandir, Phungling Municipality-5",21-06-2024,87.65645003,27.35538694,87.67812987,27.36643903
72307,"Landslide at Manegaau , Khandbari Municipality-7",21-06-2024,87.20220932,27.36909377,87.23760611,27.40124225
72235,"Landslide at Sisneri , Bigu Rural Municipality-1",20-06-2024,86.07927822,27.81742183,86.29998206,28.17417557
72245,"Landslide at Rupsechhara , Raghuganga Rural Municipality-8",20-06-2024,83.42055015,28.48904911,83.53806011,28.69745521
72251,"Landslide at Salghari , Inaruwa Municipality-8",20-06-2024,87.10905233,26.61607892,87.16998942,26.66194625
72252,"Landslide at Patal - , Illam Municipality-12",20-06-2024,87.86322238,26.87229975,87.91259276,26.92240266
72264,"Landslide at Sagsewa , Khandbari Municipality-7",20-06-2024,87.20220932,27.36909377,87.23760611,27.40124225
72266,"Landslide at Khewang , Phaktanglung Rural Municipality-6",20-06-2024,87.71183495,27.49151796,88.20166777,27.90595938
72267,"Landslide at Tapmewa , Phaktanglung Rural Municipality-6",20-06-2024,87.71183495,27.49151796,88.20166777,27.90595938
72287,"Landslide at Thulokhola, Beni Municipality-4",20-06-2024,83.47948793,28.34059053,83.53461456,28.38051236
72292,"Landslide at Limbadhumsa/Ainden / Gairigaau , Makalu Rural Municipality-2",20-06-2024,87.19423556,27.55901224,87.30526585,27.67206135
72309,"Landslide at Gairi Gaau , Khandbari Municipality-7",20-06-2024,87.20220932,27.36909377,87.23760611,27.40124225
72201,Landslide at Kamalamai Municipality-5,19-06-2024,85.85981501,27.16413113,85.92837919,27.25554887
72204,"Landslide at Jalkeni , Rautamai Rural Municipality-7",19-06-2024,86.60214311,26.88376529,86.67347335,26.967371
72213,Landslide at Illam Municipality-12,19-06-2024,87.86322238,26.87229975,87.91259276,26.92240266
72214,"Landslide at Sirise , Illam Municipality-12",19-06-2024,87.86322238,26.87229975,87.91259276,26.92240266
72223,"Landslide at Kurkuna , Rhishing Rural Municipality-1",19-06-2024,84.22214701,27.89768723,84.31423683,27.96913505
72230,"Landslide at Parthak , Suryagadhi Rural Municipality-4",19-06-2024,85.2144156,27.91643261,85.26486965,27.95002711
72249,"Landslide at Neruwa , Phaktanglung Rural Municipality-6",19-06-2024,87.71183495,27.49151796,88.20166777,27.90595938
72159,"Landslide at Udipur, Besishahar Municipality-1",18-06-2024,84.39340368,28.151829,84.43875442,28.1956289
72160,"Landslide at Panidhara, Benighat Rorang Rural Municipality-10",18-06-2024,84.61831846,27.75116753,84.69701866,27.82530765
72179,"Landslide at Kolbote, Miklajung Rural Municipality-1",18-06-2024,87.54553574,26.79763522,87.66153275,26.86352874
72182,"Landslide at Akabera, Golanjor Rural Municipality-6",18-06-2024,86.00658019,27.24199554,86.0707097,27.32395055
72185,Landslide at Barah Municipality-1,18-06-2024,87.14211362,26.8062183,87.21343853,26.87822947
72190,Landslide at Tyamkemaiyung Rural Municipality-2,18-06-2024,86.89511762,27.2133401,86.98953964,27.26846343
72196,"Landslide at Saleling, Miklajung Rural Municipality-1",18-06-2024,87.54553574,26.79763522,87.66153275,26.86352874
72199,"Landslide at Odeare, Chaubise Rural Municipality-5",18-06-2024,87.40168417,26.89823996,87.46389645,26.97097858
72203,"Landslide at Seduwa , Khandbari Municipality-7",18-06-2024,87.20220932,27.36909377,87.23760611,27.40124225
72148,"Landslide at Harmichaur, Kaligandaki Rural Municipality-1",17-06-2024,83.53464763,27.97371369,83.58541462,28.01397945
72161,Landslide at Bharatpur Metropolitan City-14,17-06-2024,84.34443666,27.58478461,84.3843992,27.62742632
72175,Landslide at Bharatpur Metropolitan City-14,17-06-2024,84.34443666,27.58478461,84.3843992,27.62742632
72177,"Landslide at Dhansare Khola , Inaruwa Municipality-8",17-06-2024,87.10905233,26.61607892,87.16998942,26.66194625
72194,"Landslide at NIgalea, Melamchi Municipality-4",17-06-2024,85.45125833,27.81738641,85.50875216,27.89001343
72233,"Landslide at Kunjari, Phaktanglung Rural Municipality-6",17-06-2024,87.71183495,27.49151796,88.20166777,27.90595938
72114,"Landslide at Yaphu , Khandbari Municipality-7",16-06-2024,87.20220932,27.36909377,87.23760611,27.40124225
72139,Landslide at Phungling Municipality-10,16-06-2024,87.68421999,27.37194976,87.76308108,27.42895998
72166,Landslide at Resunga Municipality-14,16-06-2024,83.27507659,28.07684596,83.32676702,28.12053287
72167,"Landslide at Aankhope, Sidingba Rural Municipality-2",16-06-2024,87.91919569,27.2806233,87.95965174,27.32829381
72168,Landslide at Resunga Municipality-14,16-06-2024,83.27507659,28.07684596,83.32676702,28.12053287
72173,Landslide at Phaktanglung Rural Municipality-6,16-06-2024,87.71183495,27.49151796,88.20166777,27.90595938
72310,Landslide at Sirijangha Rural Municipality-8,16-06-2024,87.84472332,27.41980775,88.15478069,27.70203659
72438,Landslide at Phaktanglung Rural Municipality-6,16-06-2024,87.71183495,27.49151796,88.20166777,27.90595938
72110,Landslide at Phaktanglung Rural Municipality-6,15-06-2024,87.71183495,27.49151796,88.20166777,27.90595938
72115,"Landslide at Mamankhe , Phaktanglung Rural Municipality-6",15-06-2024,87.71183495,27.49151796,88.20166777,27.90595938
72116,Landslide at Phaktanglung Rural Municipality-6,15-06-2024,87.71183495,27.49151796,88.20166777,27.90595938
72125,Landslide at Phidim Municipality-11,15-06-2024,87.76532587,27.12822481,87.83098637,27.17332166
72133,"Landslide at Kaflepati , Phungling Municipality-10",15-06-2024,87.68421999,27.37194976,87.76308108,27.42895998
72153,"Landslide at Mayur Danda , Phaktanglung Rural Municipality-6",15-06-2024,87.71183495,27.49151796,88.20166777,27.90595938
72111,Landslide at Khandbari Municipality-7,14-06-2024,87.20220932,27.36909377,87.23760611,27.40124225
72057,Landslide at Khandbari Municipality-11,13-06-2024,87.12411593,27.42635231,87.18908719,27.4624694
72065,Landslide at Phaktanglung Rural Municipality-6,13-06-2024,87.71183495,27.49151796,88.20166777,27.90595938
72078,Landslide at Phaktanglung Rural Municipality-6,13-06-2024,87.71183495,27.49151796,88.20166777,27.90595938
72079,Landslide at Phaktanglung Rural Municipality-6,13-06-2024,87.71183495,27.49151796,88.20166777,27.90595938
72084,Landslide at Phaktanglung Rural Municipality-6,13-06-2024,87.71183495,27.49151796,88.20166777,27.90595938
72103,Landslide at Khandbari Municipality-7,13-06-2024,87.20220932,27.36909377,87.23760611,27.40124225
71993,Landslide at Phaktanglung Rural Municipality-6,12-06-2024,87.71183495,27.49151796,88.20166777,27.90595938
72008,Landslide at Khandbari Municipality-7,12-06-2024,87.20220932,27.36909377,87.23760611,27.40124225
72038,Landslide at Khandbari Municipality-7,12-06-2024,87.20220932,27.36909377,87.23760611,27.40124225
72039,Landslide at Makalu Rural Municipality-5,12-06-2024,87.22990404,27.50031372,87.46068989,27.57801127
72058,"Landslide at Bhyangkhola , Khandbari Municipality-7",12-06-2024,87.20220932,27.36909377,87.23760611,27.40124225
72073,Landslide at Khandbari Municipality-7,12-06-2024,87.20220932,27.36909377,87.23760611,27.40124225
72074,Landslide at Khandbari Municipality-7,12-06-2024,87.20220932,27.36909377,87.23760611,27.40124225
72075,Landslide at Khandbari Municipality-11,12-06-2024,87.12411593,27.42635231,87.18908719,27.4624694
72050,Landslide at Pokhara Lekhnath Metropolitan City-21,10-06-2024,83.92247626,28.13112511,84.02305214,28.18849031
73340,"Landslide at Dhirkutrung , Halesi Tuwachung Municipality-11",10-06-2024,86.67033655,27.0883669,86.75116851,27.18809898
71937,"Landslide at Sanga Suryamode, Suryabinayak Municipality-10",07-06-2024,85.44198567,27.64228725,85.49374106,27.66489918
71915,"Landslide at Kalabhir, Dharche Rural Municipality-3",06-06-2024,84.74876811,28.23077164,84.9086908,28.37644212
71763,Landslide at Vyas Municipality-12,01-06-2024,84.30478124,27.96064588,84.36867701,27.99512086
71735,Landslide at Bigu Rural Municipality-1,31-05-2024,86.07927822,27.81742183,86.29998206,28.17417557
71684,Landslide at Kamalamai Municipality-5,30-05-2024,85.85981501,27.16413113,85.92837919,27.25554887
71633,Landslide at Hupsekot Rural Municipality-4,28-05-2024,84.04777179,27.68118015,84.12831313,27.7386686
71634,Landslide at Hupsekot Rural Municipality-4,28-05-2024,84.04777179,27.68118015,84.12831313,27.7386686
71639,Landslide at Netrawati Dabjong Rural Municipality-1,28-05-2024,84.92008082,28.00038689,84.99090156,28.03111331
71650,Landslide at Konjyosom Rural Municipality-4,28-05-2024,85.31847231,27.5384786,85.36589926,27.55891782
71651,Landslide at Mugum Karmarong Rural Municipality-7,28-05-2024,82.25688082,29.57157879,82.40126244,29.71589185
71616,Landslide at Resunga Municipality-14,27-05-2024,83.27507659,28.07684596,83.32676702,28.12053287
71629,Landslide at Barahtal Rural Municipality-8,27-05-2024,81.45289762,28.59842689,81.56253372,28.72631796
71606,Landslide at Dharche Rural Municipality-5,26-05-2024,84.77574082,28.16370382,84.87698767,28.34008661
71611,Landslide at Banfikot Rural Municipality-6,26-05-2024,82.42511763,28.69332702,82.46256074,28.74604354
71553,Landslide at Apihimal Rural Municipality-6,22-05-2024,80.72150068,29.774431,80.83223736,29.92995108
71526,"Landslide at Kudule , Kamalamai Municipality-5",20-05-2024,85.85981501,27.16413113,85.92837919,27.25554887
71497,"Landslide at Bhaledanda Kukhuretar , Kamalamai Municipality-5",18-05-2024,85.85981501,27.16413113,85.92837919,27.25554887
71500,"Landslide at Malbase , Phedap Rural Municipality-3",18-05-2024,87.54506206,27.12262229,87.59479314,27.17792227
71426,"Landslide at Baireni Bazar , Netrawati Dabjong Rural Municipality-1",14-05-2024,84.92008082,28.00038689,84.99090156,28.03111331
71380,"Landslide at Hiude Khola , Mathagadhi Rural Municipality-1",12-05-2024,83.59887623,27.8165172,83.66574946,27.87199622
71401,"Landslide at Diple Gaau , Khumbupasanglahmu Rural Municipality-3",12-05-2024,86.56391828,27.67450779,86.89989835,27.81638911
71351,"Landslide at Pulkamukh , Resunga Municipality-14",10-05-2024,83.27507659,28.07684596,83.32676702,28.12053287
71363,"Landslide at Karkibas, Konjyosom Rural Municipality-4",10-05-2024,85.31847231,27.5384786,85.36589926,27.55891782
71345,"Landslide at Gorkhani, Musikot Municipality-8",09-05-2024,82.51518513,28.57109001,82.5812047,28.61455926
71254,"Landslide at Dhadsal , Banfikot Rural Municipality-6",06-05-2024,82.42511763,28.69332702,82.46256074,28.74604354
69990,"Landslide at Thumki , Dhankuta Municipality-2",19-04-2024,87.32946555,26.98687752,87.3796788,27.0493181
69865,"Landslide at Kuherea, Chaubise Rural Municipality-1",14-04-2024,87.50683592,26.85700228,87.58011195,26.88919819
69353,"Landslide at Ghatachour, Pachaljharana Rural Municipality-6",02-04-2024,81.69252208,29.30419336,81.75366191,29.34219478
69309,"Landslide at Mailumg, Uttargaya Rural Municipality-1",31-03-2024,85.12245348,28.05567021,85.2432774,28.16885403
69272,"Landslide at Mailung, Uttargaya Rural Municipality-1",30-03-2024,85.12245348,28.05567021,85.2432774,28.16885403
69173,"Landslide at Dhansar , Inaruwa Municipality-8",25-03-2024,87.10905233,26.61607892,87.16998942,26.66194625
68988,"Landslide at Chhedachaur Thalaha Bazar , Kuse Rural Municipality-7",18-03-2024,82.1649199,28.83833526,82.23465582,28.89598773
68807,"Landslide at Tallo Dumling Salladhar , Apihimal Rural Municipality-6",14-03-2024,80.72150068,29.774431,80.83223736,29.92995108
68629,"Landslide at Barlawa , Resunga Municipality-14",09-03-2024,83.27507659,28.07684596,83.32676702,28.12053287
68585,"Landslide at Raduwa, Alital Rural Municipality-3",07-03-2024,80.42978267,29.12482712,80.53868024,29.23661865
68510,"Landslide at Siureni , Shey Phoksundo Rural Municipality-99",03-03-2024,82.74488295,29.03984124,83.10481621,29.36636903
68486,"Landslide at Jaubari , Machhapuchchhre Rural Municipality-2",01-03-2024,83.94813972,28.305277,84.06603578,28.41397834
68353,"Landslide at Barlawa- Kaligandaki Corridor, Resunga Municipality-14",24-02-2024,83.27507659,28.07684596,83.32676702,28.12053287
68047,"Landslide at Gumbadada, Miklajung Rural Municipality-7",05-02-2024,87.56671887,26.85989671,87.62065219,26.93152607
68021,"Landslide at Naya Basti , Khandbari Municipality-7",03-02-2024,87.20220932,27.36909377,87.23760611,27.40124225
67991,"Landslide at Jayaprithvi Rajmarga , Surma Rural Municipality-1",01-02-2024,81.08536992,29.61750602,81.2229145,29.82287492
67867,"Landslide at Maluwabhir , Kuse Rural Municipality-7",26-01-2024,82.1649199,28.83833526,82.23465582,28.89598773
67769,"Landslide at Dyam Khola , Rolpa Municipality-10",18-01-2024,82.63861451,28.31188035,82.71498855,28.43185747
67702,"Landslide at Putalibazar , Netrawati Dabjong Rural Municipality-1",15-01-2024,84.92008082,28.00038689,84.99090156,28.03111331
67709,"Landslide at Deurali , Bigu Rural Municipality-1",15-01-2024,86.07927822,27.81742183,86.29998206,28.17417557
67567,"Landslide at Salleri, Rolpa Municipality-10",04-01-2024,82.63861451,28.31188035,82.71498855,28.43185747
67497,"Landslide at Chumlung Chowk , Phidim Municipality-11",30-12-2023,87.76532587,27.12822481,87.83098637,27.17332166
67439,"Landslide at Jyanglang , Gosaikunda Rural Municipality-4",27-12-2023,85.39967219,28.1292885,85.80022256,28.38628458
67421,Landslide at Loghekar Damodarkunda Rural Municipality-5,26-12-2023,83.82776199,28.83911885,84.24182968,29.0724145
67303,"Landslide at Laltin Bazar , Netrawati Dabjong Rural Municipality-1",19-12-2023,84.92008082,28.00038689,84.99090156,28.03111331
67122,"Landslide at Dumping , Bhumekasthan Municipality-7",06-12-2023,83.01225344,27.93547383,83.0791275,27.98388952
67041,"Landslide at Prangbung Syaldhapa, Phidim Municipality-11",29-11-2023,87.76532587,27.12822481,87.83098637,27.17332166
67016,"Landslide at Aahal Gairi, Phidim Municipality-11",27-11-2023,87.76532587,27.12822481,87.83098637,27.17332166
66738,"Landslide at Kalekhola , Pachaljharana Rural Municipality-3",10-11-2023,81.70255866,29.17727992,81.80798063,29.25665096
66364,"Landslide at Dobhan, Mathagadhi Rural Municipality-1",03-10-2023,83.59887623,27.8165172,83.66574946,27.87199622
66383,"Landslide at kharibote, Paribartan Rural Municipality-1",03-10-2023,82.55552149,28.42211476,82.65940124,28.51092989
66316,"Landslide at Mahabhir Odar, Malika Rural Municipality-4",26-09-2023,83.27264338,28.40573069,83.36374103,28.4588874
66295,"Landslide at Bhang Gaau, Resunga Municipality-3",25-09-2023,83.24076017,28.07212095,83.287584,28.1155551
66297,"Landslide at Phulwang, Malika Rural Municipality-2",25-09-2023,83.3010751,28.35461151,83.36124614,28.40540995
66298,"Landslide at Pidalna, Kanthekhola Rural Municipality-6",24-09-2023,83.49249669,28.24453454,83.54435749,28.26943574
66267,"Landslide at Beri, Rolpa Municipality-10",22-09-2023,82.63861451,28.31188035,82.71498855,28.43185747
66269,"Landslide at Mairamare, Naubahini Rural Municipality-7",22-09-2023,82.81422564,28.18035265,82.89528291,28.23267025
66270,"Landslide at Lekh, Rolpa Municipality-10",22-09-2023,82.63861451,28.31188035,82.71498855,28.43185747
66271,"Landslide at Kotdanda, Raghuganga Rural Municipality-8",22-09-2023,83.42055015,28.48904911,83.53806011,28.69745521
66275,"Landslide at Maddhar, Rolpa Municipality-10",22-09-2023,82.63861451,28.31188035,82.71498855,28.43185747
66159,"Landslide at Ikhabu, Phaktanglung Rural Municipality-7",09-09-2023,87.65013513,27.60044661,88.02847967,27.95292337
66117,"Landslide at Kimalung, Shadananda Municipality-9",02-09-2023,87.01427742,27.27713597,87.08517878,27.34044368
66104,"Landslide at Sipak, Aamchowk Rural Municipality-4",01-09-2023,86.95705811,26.95731902,87.0077636,26.99896826
66098,"Landslide at Kareti, Tribeni Rural Municipality-1",31-08-2023,82.51228769,28.25477108,82.58722491,28.31859385
66078,"Landslide at Jorte, Ribdikot Rural Municipality-2",30-08-2023,83.41765412,27.87262927,83.47869954,27.91295827
66075,"Landslide at Tusarepakha, Jaimini Municipality-8",29-08-2023,83.55415986,28.07746106,83.60988673,28.13489122
66076,"Landslide at Bosepla, Salpasilichho Rural Municipality-6",29-08-2023,86.92383559,27.30559675,87.0314638,27.38880814
66041,"Landslide at Pidule, Bigu Rural Municipality-4",27-08-2023,86.13181228,27.73561809,86.20096579,27.84219315
66045,"Landslide at Lungrupa, Phidim Municipality-14",27-08-2023,87.82537347,27.05463451,87.87816418,27.11034065
66046,"Landslide at Baphlu, Diprung Chuichumma Rural Municipality-2",27-08-2023,86.74078817,27.09864162,86.83376678,27.12625723
66048,"Landslide at Tallu Basnet Gaau, Nalgaad Municipality-12",27-08-2023,82.46232123,28.86801297,82.51610205,28.93622899
66067,"Landslide at Sekhaya, Khandbari Municipality-7",27-08-2023,87.20220932,27.36909377,87.23760611,27.40124225
66018,"Landslide at Khidima, Halesi Tuwachung Municipality-11",26-08-2023,86.67033655,27.0883669,86.75116851,27.18809898
66040,"Landslide at Mulkhola, Panauti Municipality-12",26-08-2023,85.3873619,27.53440457,85.50842167,27.58189408
66068,"Landslide at Ranma, Putha Uttarganga Rural Municipality-4",26-08-2023,82.78596731,28.66662148,82.83889772,28.72272196
66006,"Landslide at Ratmate, Halesi Tuwachung Municipality-11",25-08-2023,86.67033655,27.0883669,86.75116851,27.18809898
66008,"Landslide at Gallabada, Tanjakot Rural Municipality-5",25-08-2023,81.77937081,29.65621345,81.82685543,29.69617438
66033,"Landslide at Mithini Chhap , Namobuddha Municipality-7",25-08-2023,85.62736092,27.52237087,85.65838212,27.55870984
66039,"Landslide at Ballechaur, Putha Uttarganga Rural Municipality-4",24-08-2023,82.78596731,28.66662148,82.83889772,28.72272196
65985,"Landslide at Dhansar, Inaruwa Municipality-8",23-08-2023,87.10905233,26.61607892,87.16998942,26.66194625
65988,"Landslide at Amkot, Gaumul Rural Municipality-1",23-08-2023,81.43507757,29.511634,81.57276609,29.69247101
65989,"Landslide at Galze, Pachaljharana Rural Municipality-3",23-08-2023,81.70255866,29.17727992,81.80798063,29.25665096
65979,"Landslide at Aambote, Phidim Municipality-11",22-08-2023,87.76532587,27.12822481,87.83098637,27.17332166
65977,"Landslide at Khasiwang, Putha Uttarganga Rural Municipality-4",21-08-2023,82.78596731,28.66662148,82.83889772,28.72272196
65981,"Landslide at Hidi , Raghuganga Rural Municipality-8",20-08-2023,83.42055015,28.48904911,83.53806011,28.69745521
65953,"Landslide at Phuliwang, Raghuganga Rural Municipality-8",19-08-2023,83.42055015,28.48904911,83.53806011,28.69745521
65964,"Landslide at Arman, Raghuganga Rural Municipality-8",19-08-2023,83.42055015,28.48904911,83.53806011,28.69745521
65968,"Landslide at Phuliwang, Raghuganga Rural Municipality-8",19-08-2023,83.42055015,28.48904911,83.53806011,28.69745521
65949,"Landslide at Danda Gaau, Raghuganga Rural Municipality-8",18-08-2023,83.42055015,28.48904911,83.53806011,28.69745521
65942,"Landslide at Maitad, Gauriganga Municipality-9",17-08-2023,80.82804959,28.70369486,80.89714465,28.76321906
65950,"Landslide at Chausadhinga, Gosaikunda Rural Municipality-4",17-08-2023,85.39967219,28.1292885,85.80022256,28.38628458
65918,"Landslide at Pulchowk, Rhishing Rural Municipality-1",16-08-2023,84.22214701,27.89768723,84.31423683,27.96913505
65919,"Landslide at Sirise, Barhabise Municipality-5",16-08-2023,85.87803929,27.80069814,85.92134129,27.83124401
65920,"Landslide at Nempang, Bhojpur Municipality-11",16-08-2023,87.06512192,27.12633704,87.10493021,27.19118282
65924,"Landslide at Kotgaau, Machhapuchchhre Rural Municipality-7",16-08-2023,83.82783621,28.29774136,83.870688,28.33723195
65926,"Landslide at Lyachhebar, Umakunda Rural Municipality-1",16-08-2023,86.35298671,27.56894704,86.57276265,27.83252659
65930,"Landslide at Thulakhet, Pokhara Lekhnath Metropolitan City-23",16-08-2023,83.79838744,28.19404441,83.93526207,28.26697324
65933,Landslide at Pokhara Lekhnath Metropolitan City-24,16-08-2023,83.87614638,28.22786264,83.93447913,28.27866305
65909,"Landslide at Gajjar , Ramaroshan Rural Municipality-1",15-08-2023,81.34313676,29.11709169,81.3762809,29.16865443
65862,Landslide at Inaruwa Municipality-8,13-08-2023,87.10905233,26.61607892,87.16998942,26.66194625
65863,"Landslide at Bihibare, Shadananda Municipality-14",13-08-2023,87.05311719,27.25991345,87.12234271,27.2957732
65871,"Landslide at Gyalbasingh Jungle., Bigu Rural Municipality-1",13-08-2023,86.07927822,27.81742183,86.29998206,28.17417557
65872,"Landslide at Daklang, Jugal Rural Municipality-2",13-08-2023,85.69277115,27.85759222,85.79686022,28.04745458
65890,"Landslide at Runtawang, Rolpa Municipality-4",13-08-2023,82.6271222,28.2853631,82.67589267,28.33183941
65843,"Landslide at Bhaise - Galchhi - Trishuli, Bidur Municipality-11",12-08-2023,85.17377817,27.93685565,85.22227022,27.97058109
65860,Landslide at Thawang Rural Municipality-2,12-08-2023,82.65673337,28.44182553,82.73207503,28.5238428
65861,"Landslide at Bhaise, Makawanpurgadhi Rural Municipality-5",12-08-2023,85.05702439,27.43560124,85.12019398,27.48831754
65880,"Landslide at Saipatung , Putha Uttarganga Rural Municipality-4",12-08-2023,82.78596731,28.66662148,82.83889772,28.72272196
65837,"Landslide at Saili Maili Thawang Ghorahi Road Section., Rolpa Municipality-10",11-08-2023,82.63861451,28.31188035,82.71498855,28.43185747
65839,"Landslide at Lamasoti, Mahankal Rural Municipality-5",11-08-2023,85.38289266,27.45357548,85.44344687,27.49111237
65841,"Landslide at Dhansar, Inaruwa Municipality-8",11-08-2023,87.10905233,26.61607892,87.16998942,26.66194625
65842,"Landslide at Rake Rabi Road Section., Falgunanda Rural Municipality-5",11-08-2023,87.69259458,26.99231368,87.74103939,27.05746931
65844,"Landslide at Kholakharka, Bhojpur Municipality-11",11-08-2023,87.06512192,27.12633704,87.10493021,27.19118282
65849,"Landslide at Gurung Danda , Nechasalyan Rural Municipality-2",11-08-2023,86.6009034,27.36531256,86.65261786,27.40556968
65858,"Landslide at Chunchet - Rukse, Dharche Rural Municipality-5",11-08-2023,84.77574082,28.16370382,84.87698767,28.34008661
65816,"Landslide at Jhyasinge Jungle, Bhojpur Municipality-11",10-08-2023,87.06512192,27.12633704,87.10493021,27.19118282
65824,"Landslide at Hetauda Bhaise , Makawanpurgadhi Rural Municipality-5",10-08-2023,85.05702439,27.43560124,85.12019398,27.48831754
65808,"Landslide at Baisari, Raghuganga Rural Municipality-8",09-08-2023,83.42055015,28.48904911,83.53806011,28.69745521
65809,"Landslide at Baisari, Raghuganga Rural Municipality-3",09-08-2023,83.54490546,28.37450143,83.59333924,28.42555349
65811,"Landslide at Bhirgaau Tamakhe, Phidim Municipality-11",09-08-2023,87.76532587,27.12822481,87.83098637,27.17332166
65818,"Landslide at Matkhola, Apihimal Rural Municipality-6",09-08-2023,80.72150068,29.774431,80.83223736,29.92995108
65743,Landslide at Ichchhyakamana Rural Municipality-6,08-08-2023,84.49429017,27.77624768,84.58991335,27.83920784
65750,"Landslide at Dam Side, Tinau Rural Municipality-3",08-08-2023,83.46107837,27.70502737,83.5877999,27.78384995
65753,"Landslide at Galuwa, Baglung Municipality-10",08-08-2023,83.59041065,28.21616024,83.62992101,28.26078699
65755,"Landslide at Sikre Dovan, Makawanpurgadhi Rural Municipality-5",08-08-2023,85.05702439,27.43560124,85.12019398,27.48831754
65757,"Landslide at Dhungedhara, Kageshwori Manahora Municipality-7",08-08-2023,85.37720483,27.69651738,85.39913666,27.71801672
65764,"Landslide at Samthali, Changunarayan Municipality-1",08-08-2023,85.39613318,27.68375687,85.42137532,27.71198968
65765,"Landslide at Buduna Khola, Kamalamai Municipality-12",08-08-2023,85.96619615,27.15597707,86.07807137,27.23297929
65766,"Landslide at Majhinidamar, Kamalamai Municipality-1",08-08-2023,85.79086615,27.16102712,85.87678595,27.3050941
65768,"Landslide at Tripureshwor, Kathmandu Metropolitan City-11",08-08-2023,85.30831642,27.68670471,85.32915436,27.69990105
65774,"Landslide at Tuku Tamakoshi , Bigu Rural Municipality-1",08-08-2023,86.07927822,27.81742183,86.29998206,28.17417557
65775,"Landslide at Dam Side, Tinau Rural Municipality-3",08-08-2023,83.46107837,27.70502737,83.5877999,27.78384995
65779,"Landslide at Jayathumka, Nisikhola Rural Municipality-4",08-08-2023,82.99371893,28.33716942,83.09568318,28.40691959
65781,Landslide at Khanikhola Rural Municipality-7,08-08-2023,85.40941032,27.38753054,85.46101556,27.45810462
65782,"Landslide at Taaldhunga, Namobuddha Municipality-7",08-08-2023,85.62736092,27.52237087,85.65838212,27.55870984
65786,"Landslide at Babiyachaur, Mangala Rural Municipality-1",08-08-2023,83.4463334,28.38489623,83.51387163,28.42192893
65787,"Landslide at Khalse Dobate, Pokhara Lekhnath Metropolitan City-22",08-08-2023,83.85662209,28.16845151,83.96825552,28.2245708
65788,"Landslide at Kharkatta, Madi Municipality-8",08-08-2023,84.35260451,27.36822143,84.4150784,27.44826788
65792,"Landslide at Tinsanjhe, Shadananda Municipality-9",08-08-2023,87.01427742,27.27713597,87.08517878,27.34044368
65801,"Landslide at Bhalayadanda, Vyas Municipality-6",08-08-2023,84.17367555,28.02069597,84.25362216,28.09991958
65802,"Landslide at Divtole, Banepa Municipality-14",08-08-2023,85.46025219,27.60987941,85.50228973,27.64191186
65875,"Landslide at Budhitola, Gauriganga Municipality-9",08-08-2023,80.82804959,28.70369486,80.89714465,28.76321906
65730,Landslide at Tinau Rural Municipality-3,07-08-2023,83.46107837,27.70502737,83.5877999,27.78384995
65735,"Landslide at Barugaau, Surma Rural Municipality-1",07-08-2023,81.08536992,29.61750602,81.2229145,29.82287492
65737,Landslide at Lamahi Municipality-6,07-08-2023,82.47599504,27.83545756,82.52429776,27.90309182
65738,"Landslide at Pokharebagar, Annapurna Rural Municipality-5",07-08-2023,83.64805622,28.41891469,83.75440313,28.50379553
65744,"Landslide at Lamrang, Bakaiya Rural Municipality-11",07-08-2023,85.17988214,27.37861434,85.28882991,27.44529812
65745,"Landslide at Jyaltar, Bhimphedi Rural Municipality-2",07-08-2023,85.00526719,27.48157351,85.09519501,27.56429562
65746,"Landslide at Nigale , Suryagadhi Rural Municipality-4",07-08-2023,85.2144156,27.91643261,85.26486965,27.95002711
65754,"Landslide at Buditola, Godawari_Kailali Municipality-4",07-08-2023,80.55125732,28.81272513,80.67586452,28.95699078
65720,"Landslide at Baisari, Raghuganga Rural Municipality-3",06-08-2023,83.54490546,28.37450143,83.59333924,28.42555349
65731,"Landslide at Dhikurpokhari, Annapurna Rural Municipality-2",06-08-2023,83.84509486,28.26619946,83.86179266,28.29058001
65712,"Landslide at Narayanghad Mugling Road., Ichchhyakamana Rural Municipality-6",05-08-2023,84.49429017,27.77624768,84.58991335,27.83920784
65717,"Landslide at Takulla, Pachaljharana Rural Municipality-3",05-08-2023,81.70255866,29.17727992,81.80798063,29.25665096
65718,"Landslide at Saili Maili Mode, Rolpa Municipality-10",05-08-2023,82.63861451,28.31188035,82.71498855,28.43185747
65721,"Landslide at Chwa Gaau - Krishna Temple, Tarakeshwor Municipality-5",05-08-2023,85.26747405,27.74846864,85.29914364,27.76892061
65694,"Landslide at Sunkhola , Alital Rural Municipality-8",04-08-2023,80.42849775,29.08280232,80.50026005,29.13175434
65701,"Landslide at Dholyamod , Surnaya Rural Municipality-5",04-08-2023,80.56295374,29.48352759,80.6378394,29.55263875
65708,"Landslide at Lamrang, Bakaiya Rural Municipality-12",04-08-2023,85.178516,27.42837637,85.26601279,27.47508909
65716,"Landslide at Raksaul, Surnaya Rural Municipality-5",04-08-2023,80.56295374,29.48352759,80.6378394,29.55263875
65700,"Landslide at Topatar , Gaurishankar Rural Municipality-7",03-08-2023,86.24934069,27.73145395,86.43868602,27.84226505
65702,"Landslide at Saaltada, Kuse Rural Municipality-7",03-08-2023,82.1649199,28.83833526,82.23465582,28.89598773
65704,Landslide at Bigu Rural Municipality-1,03-08-2023,86.07927822,27.81742183,86.29998206,28.17417557
65684,"Landslide at Baisari, Raghuganga Rural Municipality-3",02-08-2023,83.54490546,28.37450143,83.59333924,28.42555349
65691,"Landslide at Gargeni, Pyuthan Municipality-7",02-08-2023,82.85185577,28.10586252,82.88171112,28.13441901
65688,"Landslide at Neupane, Jugal Rural Municipality-2",01-08-2023,85.69277115,27.85759222,85.79686022,28.04745458
65671,"Landslide at Baisari, Raghuganga Rural Municipality-8",31-07-2023,83.42055015,28.48904911,83.53806011,28.69745521
65680,"Landslide at Salme , Khumbupasanglahmu Rural Municipality-3",31-07-2023,86.56391828,27.67450779,86.89989835,27.81638911
65653,"Landslide at Miruwa, Pokhara Lekhnath Metropolitan City-18",30-07-2023,83.91965585,28.21677441,83.98254054,28.2600801
65659,"Landslide at Rambazar - Kavre Bhir, Marsyangdi Rural Municipality-4",30-07-2023,84.2485615,28.33364683,84.41019113,28.45656929
65661,"Landslide at Narayanghat Muglin Highway, Ichchhyakamana Rural Municipality-6",30-07-2023,84.49429017,27.77624768,84.58991335,27.83920784
65667,"Landslide at Kapleti Community Forest., Kuse Rural Municipality-7",30-07-2023,82.1649199,28.83833526,82.23465582,28.89598773
65668,"Landslide at Basthala, Banfikot Rural Municipality-7",30-07-2023,82.39955257,28.70647535,82.47155676,28.78004175
65670,"Landslide at Simalchaur, Pyuthan Municipality-7",30-07-2023,82.85185577,28.10586252,82.88171112,28.13441901
65672,"Landslide at Korbas, Sisne Rural Municipality-6",30-07-2023,82.57233128,28.61210376,82.63395403,28.63212971
65662,"Landslide at Tellok, Phaktanglung Rural Municipality-6",29-07-2023,87.71183495,27.49151796,88.20166777,27.90595938
65633,"Landslide at Bashnet Tar, Kageshwori Manahora Municipality-9",28-07-2023,85.36459131,27.68919261,85.38676172,27.70706524
65635,"Landslide at Yuna, Gaumul Rural Municipality-1",28-07-2023,81.43507757,29.511634,81.57276609,29.69247101
65636,Landslide at Rolpa Municipality-10,28-07-2023,82.63861451,28.31188035,82.71498855,28.43185747
65638,"Landslide at Ugriwang, Putha Uttarganga Rural Municipality-4",28-07-2023,82.78596731,28.66662148,82.83889772,28.72272196
65639,"Landslide at Baisari, Raghuganga Rural Municipality-8",28-07-2023,83.42055015,28.48904911,83.53806011,28.69745521
65658,"Landslide at Basukidanda, Paribartan Rural Municipality-4",28-07-2023,82.4632919,28.49889501,82.5442497,28.55845281
65620,"Landslide at Khokse Khola, Phaktanglung Rural Municipality-6",27-07-2023,87.71183495,27.49151796,88.20166777,27.90595938
65616,"Landslide at Baisari , Raghuganga Rural Municipality-3",26-07-2023,83.54490546,28.37450143,83.59333924,28.42555349
65625,"Landslide at Khahare Khola , Pyuthan Municipality-7",26-07-2023,82.85185577,28.10586252,82.88171112,28.13441901
65586,Landslide at Sigas Rural Municipality-9,25-07-2023,80.69889441,29.47451235,80.80253804,29.53471267
65587,"Landslide at Baisari , Raghuganga Rural Municipality-8",25-07-2023,83.42055015,28.48904911,83.53806011,28.69745521
65588,"Landslide at Garjeni, Pyuthan Municipality-7",25-07-2023,82.85185577,28.10586252,82.88171112,28.13441901
65589,"Landslide at Dam Site, Tinau Rural Municipality-3",25-07-2023,83.46107837,27.70502737,83.5877999,27.78384995
65591,"Landslide at Golchaur, Rolpa Municipality-10",25-07-2023,82.63861451,28.31188035,82.71498855,28.43185747
65602,"Landslide at Lumbas, Mathagadhi Rural Municipality-1",25-07-2023,83.59887623,27.8165172,83.66574946,27.87199622
65603,"Landslide at Simichaur - Baas Kharka, Resunga Municipality-10",25-07-2023,83.21907266,28.00788207,83.27310586,28.05999406
65605,"Landslide at Malmul, Ribdikot Rural Municipality-3",25-07-2023,83.43936076,27.85359348,83.49137161,27.8971303
65606,"Landslide at Khayar Ghari , Netrawati Dabjong Rural Municipality-1",25-07-2023,84.92008082,28.00038689,84.99090156,28.03111331
65613,"Landslide at Danakyu, Nashong Rural Municipality-9",25-07-2023,84.24078612,28.50290928,84.35298428,28.65838432
65568,"Landslide at Kalekhola, Chaurjahari Municipality-9",24-07-2023,82.2202487,28.65706327,82.25824791,28.68347435
65573,"Landslide at Nachanthali / Alugaira , Surnaya Rural Municipality-5",24-07-2023,80.56295374,29.48352759,80.6378394,29.55263875
65574,"Landslide at Bhairahu, Surnaya Rural Municipality-5",24-07-2023,80.56295374,29.48352759,80.6378394,29.55263875
65576,"Landslide at Phuli, Rolpa Municipality-10",24-07-2023,82.63861451,28.31188035,82.71498855,28.43185747
65585,"Landslide at Okharpauwa Gauri Tole, Suryagadhi Rural Municipality-4",24-07-2023,85.2144156,27.91643261,85.26486965,27.95002711
65592,"Landslide at Jibis, Siddhicharan Municipality-12",24-07-2023,86.48087422,27.30788065,86.50500721,27.32888164
65596,"Landslide at Bigutar, Molung Rural Municipality-1",24-07-2023,86.43498058,27.29580946,86.48449307,27.34125429
65610,Landslide at Putha Uttarganga Rural Municipality-12,24-07-2023,82.73806582,28.55199511,82.80319769,28.64589936
65561,"Landslide at Tunibot, Sharada Municipality-9",23-07-2023,82.0418337,28.33689377,82.1070692,28.41133874
65565,"Landslide at Pipalchaur, Aathbiskot Municipality-14",23-07-2023,82.27588362,28.700374,82.34649974,28.75141421
65569,"Landslide at Tekanpur, Molung Rural Municipality-1",23-07-2023,86.43498058,27.29580946,86.48449307,27.34125429
65572,"Landslide at Gaucharan, Netrawati Dabjong Rural Municipality-1",23-07-2023,84.92008082,28.00038689,84.99090156,28.03111331
65579,Landslide at Surnaya Rural Municipality-5,23-07-2023,80.56295374,29.48352759,80.6378394,29.55263875
65533,"Landslide at Anyaul - Kotkhola, Shikhar Municipality-2",22-07-2023,80.77682938,29.15458593,80.91028983,29.24746269
65538,"Landslide at Panebaaj, Apihimal Rural Municipality-6",22-07-2023,80.72150068,29.774431,80.83223736,29.92995108
65545,"Landslide at Jaya Prithvi Highway, Surnaya Rural Municipality-5",22-07-2023,80.56295374,29.48352759,80.6378394,29.55263875
65548,"Landslide at Bersawang - Sahid Marga, Rolpa Municipality-10",22-07-2023,82.63861451,28.31188035,82.71498855,28.43185747
65552,"Landslide at Chyamche, Marsyangdi Rural Municipality-7",22-07-2023,84.38844356,28.28122197,84.61669057,28.47810652
65556,"Landslide at Baisari , Raghuganga Rural Municipality-3",22-07-2023,83.54490546,28.37450143,83.59333924,28.42555349
65521,"Landslide at Narchyang - Chotepa, Raghuganga Rural Municipality-8",21-07-2023,83.42055015,28.48904911,83.53806011,28.69745521
65535,"Landslide at Airichhena, Apihimal Rural Municipality-6",21-07-2023,80.72150068,29.774431,80.83223736,29.92995108
65510,"Landslide at Jaya Prithvi Highway., Surnaya Rural Municipality-5",20-07-2023,80.56295374,29.48352759,80.6378394,29.55263875
65525,"Landslide at Oyem, Yangwarak Rural Municipality-3",20-07-2023,87.85403574,27.22381325,87.91721098,27.28659849
65527,"Landslide at Jaya Prithvi Highway, Surnaya Rural Municipality-5",20-07-2023,80.56295374,29.48352759,80.6378394,29.55263875
65487,"Landslide at Baisari , Raghuganga Rural Municipality-8",19-07-2023,83.42055015,28.48904911,83.53806011,28.69745521
65488,"Landslide at Jaya Prithvi Highway , Surnaya Rural Municipality-5",19-07-2023,80.56295374,29.48352759,80.6378394,29.55263875
65489,"Landslide at Panebanj , Apihimal Rural Municipality-6",19-07-2023,80.72150068,29.774431,80.83223736,29.92995108
65490,"Landslide at Diga , Rolpa Municipality-10",19-07-2023,82.63861451,28.31188035,82.71498855,28.43185747
65491,"Landslide at Tinpiple , Kageshwori Manahora Municipality-9",19-07-2023,85.36459131,27.68919261,85.38676172,27.70706524
65500,"Landslide at Saipatung , Putha Uttarganga Rural Municipality-4",19-07-2023,82.78596731,28.66662148,82.83889772,28.72272196
65501,"Landslide at Loding , Solududhakunda Municipality-3",19-07-2023,86.4816665,27.50856274,86.58030704,27.55994991
65461,"Landslide at Phuli, Rolpa Municipality-10",18-07-2023,82.63861451,28.31188035,82.71498855,28.43185747
65462,"Landslide at Bersawang -Sahid Marga, Rolpa Municipality-10",18-07-2023,82.63861451,28.31188035,82.71498855,28.43185747
65463,"Landslide at Tallo Baisari, Raghuganga Rural Municipality-8",18-07-2023,83.42055015,28.48904911,83.53806011,28.69745521
65464,"Landslide at Kerabari , Kushma Municipality-10",18-07-2023,83.69072225,28.18684882,83.72463574,28.22469922
65465,"Landslide at Paudur Ghumti , Machhapuchchhre Rural Municipality-2",18-07-2023,83.94813972,28.305277,84.06603578,28.41397834
65474,"Landslide at Barha Kilo , Netrawati Dabjong Rural Municipality-1",18-07-2023,84.92008082,28.00038689,84.99090156,28.03111331
65477,"Landslide at Prithvi Highway , Surnaya Rural Municipality-5",18-07-2023,80.56295374,29.48352759,80.6378394,29.55263875
65483,"Landslide at Neuna , Surma Rural Municipality-1",18-07-2023,81.08536992,29.61750602,81.2229145,29.82287492
65484,Landslide at Bungal Municipality-11,18-07-2023,80.77560085,29.5616342,80.82644656,29.59504926
65485,"Landslide at Bhaisani , Bungal Municipality-11",18-07-2023,80.77560085,29.5616342,80.82644656,29.59504926
65486,Landslide at Bungal Municipality-11,18-07-2023,80.77560085,29.5616342,80.82644656,29.59504926
65495,"Landslide at Kadachaur , Surma Rural Municipality-1",18-07-2023,81.08536992,29.61750602,81.2229145,29.82287492
65453,"Landslide at Bersawang, Rolpa Municipality-10",17-07-2023,82.63861451,28.31188035,82.71498855,28.43185747
65454,"Landslide at Naini Bagar, Raghuganga Rural Municipality-8",17-07-2023,83.42055015,28.48904911,83.53806011,28.69745521
65458,"Landslide at Panchase, Putha Uttarganga Rural Municipality-4",17-07-2023,82.78596731,28.66662148,82.83889772,28.72272196
65472,Landslide at Putha Uttarganga Rural Municipality-4,17-07-2023,82.78596731,28.66662148,82.83889772,28.72272196
65445,"Landslide at Khabang Bagar , Putha Uttarganga Rural Municipality-4",16-07-2023,82.78596731,28.66662148,82.83889772,28.72272196
65448,"Landslide at Beshisahar, Nashong Rural Municipality-3",16-07-2023,84.26902738,28.44501995,84.36292578,28.51689948
65425,"Landslide at Naini Bagar, Raghuganga Rural Municipality-8",15-07-2023,83.42055015,28.48904911,83.53806011,28.69745521
65426,"Landslide at Ranikot, Putha Uttarganga Rural Municipality-4",15-07-2023,82.78596731,28.66662148,82.83889772,28.72272196
65427,"Landslide at Hiudekhola, Mathagadhi Rural Municipality-1",15-07-2023,83.59887623,27.8165172,83.66574946,27.87199622
65429,"Landslide at Janti Pahiro, Hupsekot Rural Municipality-4",15-07-2023,84.04777179,27.68118015,84.12831313,27.7386686
65430,"Landslide at Seto Pahare, Gaidakot Municipality-3",15-07-2023,84.2894449,27.70511329,84.42717795,27.79778955
65433,"Landslide at Langtang Hydropower, Gosaikunda Rural Municipality-5",15-07-2023,85.2987473,28.07194274,85.49534097,28.18202276
65434,"Landslide at Jaya Prithvi Highway, Surnaya Rural Municipality-6",15-07-2023,80.60060603,29.48340933,80.67762572,29.55386103
65435,"Landslide at Talara - Bali Tole , Aadarsha Rural Municipality-5",15-07-2023,80.76345052,29.30747875,80.85762308,29.36650297
65436,"Landslide at Ranikot, Sisne Rural Municipality-6",15-07-2023,82.57233128,28.61210376,82.63395403,28.63212971
65443,"Landslide at Jaya Prithvi Highway , Surnaya Rural Municipality-5",15-07-2023,80.56295374,29.48352759,80.6378394,29.55263875
65444,"Landslide at Lapha , Pachaljharana Rural Municipality-3",15-07-2023,81.70255866,29.17727992,81.80798063,29.25665096
65399,"Landslide at Garjeni , Pyuthan Municipality-7",14-07-2023,82.85185577,28.10586252,82.88171112,28.13441901
65402,"Landslide at Ranikot, Sisne Rural Municipality-6",14-07-2023,82.57233128,28.61210376,82.63395403,28.63212971
65403,"Landslide at Naini Bagar, Raghuganga Rural Municipality-8",14-07-2023,83.42055015,28.48904911,83.53806011,28.69745521
65412,"Landslide at Khamlalung Karina Chowk, Phedap Rural Municipality-3",14-07-2023,87.54506206,27.12262229,87.59479314,27.17792227
65421,Landslide at Konjyosom Rural Municipality-4,14-07-2023,85.31847231,27.5384786,85.36589926,27.55891782
65432,"Landslide at Kahu Danda, Pokhara Lekhnath Metropolitan City-11",14-07-2023,83.99176907,28.21092117,84.02758147,28.24396613
65450,Landslide at Khumbupasanglahmu Rural Municipality-3,14-07-2023,86.56391828,27.67450779,86.89989835,27.81638911
65376,Landslide at Dhorpatan Municipality-4,13-07-2023,83.17771771,28.31772508,83.30396167,28.39246398
65377,"Landslide at Gothalapani - Jhulaghat, Surnaya Rural Municipality-5",13-07-2023,80.56295374,29.48352759,80.6378394,29.55263875
65379,"Landslide at Rachuli , Pachaljharana Rural Municipality-3",13-07-2023,81.70255866,29.17727992,81.80798063,29.25665096
65380,"Landslide at Jyaltar , Makawanpurgadhi Rural Municipality-5",13-07-2023,85.05702439,27.43560124,85.12019398,27.48831754
65381,"Landslide at Akare Bhir, Golanjor Rural Municipality-6",13-07-2023,86.00658019,27.24199554,86.0707097,27.32395055
65384,"Landslide at Dhaklang , Jugal Rural Municipality-2",13-07-2023,85.69277115,27.85759222,85.79686022,28.04745458
65386,"Landslide at Raduwa, Alital Rural Municipality-3",13-07-2023,80.42978267,29.12482712,80.53868024,29.23661865
65387,"Landslide at Lamsung, Raghuganga Rural Municipality-8",13-07-2023,83.42055015,28.48904911,83.53806011,28.69745521
65393,"Landslide at Simat, Bakaiya Rural Municipality-11",13-07-2023,85.17988214,27.37861434,85.28882991,27.44529812
65395,"Landslide at Almaduna Khola , Mugum Karmarong Rural Municipality-7",13-07-2023,82.25688082,29.57157879,82.40126244,29.71589185
65398,"Landslide at Chalal , Namobuddha Municipality-7",13-07-2023,85.62736092,27.52237087,85.65838212,27.55870984
65360,"Landslide at Mudkhu Osotpawan, Kageshwori Manahora Municipality-9",12-07-2023,85.36459131,27.68919261,85.38676172,27.70706524
65369,"Landslide at Ranikot, Putha Uttarganga Rural Municipality-4",12-07-2023,82.78596731,28.66662148,82.83889772,28.72272196
65374,"Landslide at Frij Khola, Putha Uttarganga Rural Municipality-4",12-07-2023,82.78596731,28.66662148,82.83889772,28.72272196
65342,"Landslide at Pachaljharana Rural Municipality - 08, Raskot Municipality-8",11-07-2023,81.64588679,29.23044771,81.68245022,29.2512904
65469,"Landslide at Sirijanga / Sidingba/Mauwakhola Rural Municipality, Phaktanglung Rural Municipality-6",10-07-2023,87.71183495,27.49151796,88.20166777,27.90595938
65324,"Landslide at Dhanubas, Ghorahi Submetropolitan City-5",09-07-2023,82.33357848,27.92640257,82.46265235,28.02213862
65326,"Landslide at Garjeni , Pyuthan Municipality-7",09-07-2023,82.85185577,28.10586252,82.88171112,28.13441901
65329,"Landslide at Herne Danda, Mugum Karmarong Rural Municipality-7",09-07-2023,82.25688082,29.57157879,82.40126244,29.71589185
65308,"Landslide at Charsebesi , Roshi Rural Municipality-7",08-07-2023,85.65658035,27.49204222,85.70005909,27.5391629
65310,"Landslide at Kavre , Annapurna Rural Municipality-3",08-07-2023,83.57384955,28.50137914,83.6605092,28.5899958
65311,"Landslide at Chorkhola , Sharada Municipality-9",08-07-2023,82.0418337,28.33689377,82.1070692,28.41133874
65313,"Landslide at Kali Khola , Bharatpur Metropolitan City-14",08-07-2023,84.34443666,27.58478461,84.3843992,27.62742632
65315,"Landslide at Lakuri Bhanjyang, Konjyosom Rural Municipality-4",08-07-2023,85.31847231,27.5384786,85.36589926,27.55891782
65321,"Landslide at Chhapgaau, Bhojpur Municipality-11",08-07-2023,87.06512192,27.12633704,87.10493021,27.19118282
65290,"Landslide at Dhansara, Barah Municipality-1",07-07-2023,87.14211362,26.8062183,87.21343853,26.87822947
65291,"Landslide at Kuibir, Sangurigadhi Rural Municipality-5",07-07-2023,87.36227157,26.84566329,87.42072765,26.90159716
65306,Landslide at Jugal Rural Municipality-2,07-07-2023,85.69277115,27.85759222,85.79686022,28.04745458
65307,"Landslide at Kholekhola , Bigu Rural Municipality-1",07-07-2023,86.07927822,27.81742183,86.29998206,28.17417557
65263,Landslide at Bagmati Rural Municipality-3,06-07-2023,85.26961411,27.47745714,85.31733481,27.53936822
65276,"Landslide at Rana , Gaumul Rural Municipality-1",06-07-2023,81.43507757,29.511634,81.57276609,29.69247101
65282,"Landslide at Phuli Bamdhara, Chhayanath Rara Municipality-3",06-07-2023,82.10047405,29.52159201,82.16054376,29.59548634
65283,"Landslide at Jhimasila, Rolpa Municipality-6",06-07-2023,82.52162499,28.29544236,82.60075684,28.35019528
65285,"Landslide at Kanthamali, Tribeni Rural Municipality-2",06-07-2023,82.43806,28.20999271,82.52210942,28.29868483
65239,"Landslide at Pame , Pokhara Lekhnath Metropolitan City-24",05-07-2023,83.87614638,28.22786264,83.93447913,28.27866305
65245,"Landslide at Suwachheda - Batkhola , Dullu Municipality-1",05-07-2023,81.55220297,28.77903774,81.59568774,28.84926865
65247,"Landslide at Ghumti & Dahakhola , Panini Rural Municipality-7",05-07-2023,83.16155413,27.89818307,83.22386601,27.95675681
65249,"Landslide at Dhansar, Inaruwa Municipality-8",05-07-2023,87.10905233,26.61607892,87.16998942,26.66194625
65250,"Landslide at Kotdanda, Konjyosom Rural Municipality-4",05-07-2023,85.31847231,27.5384786,85.36589926,27.55891782
65251,"Landslide at Namuna Basti - Bagara , Nalgaad Municipality-7",05-07-2023,82.29435471,28.78415894,82.34712114,28.82338661
65254,"Landslide at Kharkhare, Banfikot Rural Municipality-6",05-07-2023,82.42511763,28.69332702,82.46256074,28.74604354
65255,"Landslide at Kamerephat , Kamalamai Municipality-5",05-07-2023,85.85981501,27.16413113,85.92837919,27.25554887
65257,"Landslide at Damar / Saaljhundi Dhorpatan Highway , Panini Rural Municipality-2",05-07-2023,83.24817634,27.82594664,83.31013733,27.89664288
65259,"Landslide at Kaldhunga, Roshi Rural Municipality-11",05-07-2023,85.70657357,27.40751842,85.78433094,27.47132472
65266,"Landslide at Bhattedanda, Bagmati Rural Municipality-3",05-07-2023,85.26961411,27.47745714,85.31733481,27.53936822
65269,"Landslide at Mauribazar & Turture Bazar , Myagde Rural Municipality-6",05-07-2023,84.11391139,28.00711067,84.1997033,28.06351951
65270,"Landslide at Hemja Mardi Bhir, Pokhara Lekhnath Metropolitan City-25",05-07-2023,83.8760082,28.24710108,83.96900173,28.30152432
65318,Landslide at Bharatpur Metropolitan City-14,05-07-2023,84.34443666,27.58478461,84.3843992,27.62742632
65207,"Landslide at Paudur Ghumti , Annapurna Rural Municipality-3",04-07-2023,83.80159001,28.26252576,83.85345084,28.30488906
65208,"Landslide at Dhaireni , Mathagadhi Rural Municipality-1",04-07-2023,83.59887623,27.8165172,83.66574946,27.87199622
65213,"Landslide at Gaudepul , Mathagadhi Rural Municipality-1",04-07-2023,83.59887623,27.8165172,83.66574946,27.87199622
65215,"Landslide at Paira Khola , Buddhabhumi Municipality-8",04-07-2023,82.94423881,27.59574656,83.00032726,27.64882098
65216,"Landslide at Dhankhola , Ghorahi Submetropolitan City-5",04-07-2023,82.33357848,27.92640257,82.46265235,28.02213862
65217,"Landslide at Dhampu, Thasang Rural Municipality-3",04-07-2023,83.56141213,28.60395336,83.6226578,28.67182698
65218,"Landslide at Naktad , Shailyashikhar Municipality-9",04-07-2023,80.51731439,29.65293628,80.56982018,29.71384281
65219,"Landslide at Ramchhe, Makawanpurgadhi Rural Municipality-5",04-07-2023,85.05702439,27.43560124,85.12019398,27.48831754
65220,"Landslide at Bokhar , Bhumekasthan Municipality-7",04-07-2023,83.01225344,27.93547383,83.0791275,27.98388952
65221,"Landslide at MauriBhir , Kushma Municipality-10",04-07-2023,83.69072225,28.18684882,83.72463574,28.22469922
65222,"Landslide at Chapleti , Bigu Rural Municipality-1",04-07-2023,86.07927822,27.81742183,86.29998206,28.17417557
65224,"Landslide at Kharkhare , Marsyangdi Rural Municipality-7",04-07-2023,84.38844356,28.28122197,84.61669057,28.47810652
65226,"Landslide at Chiureni , Mathagadhi Rural Municipality-1",04-07-2023,83.59887623,27.8165172,83.66574946,27.87199622
65227,"Landslide at Panena , Panini Rural Municipality-1",04-07-2023,83.28125765,27.85699811,83.33051639,27.89203755
65230,"Landslide at Sano Swami, Kushma Municipality-10",04-07-2023,83.69072225,28.18684882,83.72463574,28.22469922
65231,"Landslide at Danakyu , Nashong Rural Municipality-9",04-07-2023,84.24078612,28.50290928,84.35298428,28.65838432
65232,"Landslide at Bhuwanpata , Bhumekasthan Municipality-7",04-07-2023,83.01225344,27.93547383,83.0791275,27.98388952
65237,"Landslide at Pangcha, Aamchowk Rural Municipality-10",04-07-2023,86.94975593,26.88828129,87.03066667,26.96711002
65240,"Landslide at Ghatbesi , Gajuri Rural Municipality-5",04-07-2023,84.87503833,27.74290735,84.91804863,27.80856617
65241,"Landslide at Pangdur , Bagmati Rural Municipality-3",04-07-2023,85.26961411,27.47745714,85.31733481,27.53936822
65242,"Landslide at Gangate , Bhimphedi Rural Municipality-8",04-07-2023,85.18190701,27.45424567,85.26155758,27.53718931
65243,"Landslide at Kairan , Pyuthan Municipality-7",04-07-2023,82.85185577,28.10586252,82.88171112,28.13441901
65278,"Landslide at Nanglapa, Phidim Municipality-7",04-07-2023,87.78797693,27.09649548,87.83096478,27.13934286
65194,Landslide at Ichchhyakamana Rural Municipality-5,03-07-2023,84.55685995,27.82682401,84.60442033,27.86350749
65199,"Landslide at Kaude Bhir , Bulingtar Rural Municipality-6",03-07-2023,84.10506099,27.81644146,84.1674466,27.86025303
65200,"Landslide at Jyamire , Kushma Municipality-10",03-07-2023,83.69072225,28.18684882,83.72463574,28.22469922
65202,"Landslide at Shree Bhabar, Surnaya Rural Municipality-5",03-07-2023,80.56295374,29.48352759,80.6378394,29.55263875
65203,"Landslide at Khagal Gaau, Namkha Rural Municipality-3",03-07-2023,81.61273686,29.9382814,81.76047067,30.04737993
65204,"Landslide at Bhattedanda, Bagmati Rural Municipality-3",03-07-2023,85.26961411,27.47745714,85.31733481,27.53936822
65206,"Landslide at Krishnabhir , Benighat Rorang Rural Municipality-7",03-07-2023,84.7275987,27.76534037,84.7692979,27.80565522
65212,"Landslide at Raduwa , Alital Rural Municipality-3",03-07-2023,80.42978267,29.12482712,80.53868024,29.23661865
65167,"Landslide at Yampa , Rhishing Rural Municipality-1",02-07-2023,84.22214701,27.89768723,84.31423683,27.96913505
65171,"Landslide at Motinagar , Surnaya Rural Municipality-6",02-07-2023,80.60060603,29.48340933,80.67762572,29.55386103
65178,"Landslide at Dharapani, Bhotekoshi Rural Municipality-1",02-07-2023,85.82993723,27.87300705,85.91872335,27.98697682
65179,"Landslide at Serighat, Pachaljharana Rural Municipality-3",02-07-2023,81.70255866,29.17727992,81.80798063,29.25665096
65180,Landslide at Tribeni Rural Municipality-7,02-07-2023,82.45709216,28.27980745,82.53942176,28.34806514
65183,"Landslide at Jhyale Bhir, Bhotekoshi Rural Municipality-5",02-07-2023,85.88279778,27.8128832,86.01052278,27.88362978
65191,"Landslide at Barha Kila , Thakre Rural Municipality-2",02-07-2023,85.0118914,27.72624219,85.06781141,27.75992236
65196,"Landslide at Dholyamod , Surnaya Rural Municipality-5",02-07-2023,80.56295374,29.48352759,80.6378394,29.55263875
65136,"Landslide at Dhaireni , Mathagadhi Rural Municipality-1",01-07-2023,83.59887623,27.8165172,83.66574946,27.87199622
65137,"Landslide at Tinlakuri , Tansen Municipality-5",01-07-2023,83.50591515,27.84626745,83.55103019,27.88811364
65140,"Landslide at Barha Kila , Thakre Rural Municipality-2",01-07-2023,85.0118914,27.72624219,85.06781141,27.75992236
65142,"Landslide at Narayanghat Muglin Highway, Bharatpur Metropolitan City-14",01-07-2023,84.34443666,27.58478461,84.3843992,27.62742632
65143,"Landslide at Gaude , Tansen Municipality-8",01-07-2023,83.51426341,27.79386793,83.56208978,27.83458233
65146,"Landslide at Kodrekhola , Sitganga Municipality-12",01-07-2023,83.01606227,27.75673572,83.1394073,27.85080941
65147,Landslide at Molung Rural Municipality-1,01-07-2023,86.43498058,27.29580946,86.48449307,27.34125429
65148,"Landslide at Siddhababa Mandhir, Tinau Rural Municipality-3",01-07-2023,83.46107837,27.70502737,83.5877999,27.78384995
65149,"Landslide at Matdanda & Kaude Bhir , Bulingtar Rural Municipality-1",01-07-2023,84.22978559,27.76682341,84.30574055,27.83798769
65151,"Landslide at Tallo Baisari , Raghuganga Rural Municipality-3",01-07-2023,83.54490546,28.37450143,83.59333924,28.42555349
65152,"Landslide at Sahadikhola , Rambha Rural Municipality-1",01-07-2023,83.6545574,27.87426359,83.75718593,27.92752493
65153,"Landslide at Simalchaur / Garjeni, Mandavi Rural Municipality-1",01-07-2023,82.74033492,28.00271893,82.80880572,28.0428368
65154,"Landslide at Bhuwanpata, Sitganga Municipality-2",01-07-2023,83.10497143,27.83354752,83.1638153,27.91305284
65155,"Landslide at Bakhor, Bhumekasthan Municipality-7",01-07-2023,83.01225344,27.93547383,83.0791275,27.98388952
65158,"Landslide at Khayan , Bhumekasthan Municipality-10",01-07-2023,83.0130518,27.90621235,83.08478642,27.95159475
65159,"Landslide at Ghumti, Panini Rural Municipality-7",01-07-2023,83.16155413,27.89818307,83.22386601,27.95675681
65161,"Landslide at Suwachheda, Mahabu Rural Municipality-2",01-07-2023,81.66694229,28.85294574,81.6999118,28.91271048
65162,"Landslide at Rudrabeni , Ruru Rural Municipality-2",01-07-2023,83.41941071,27.94642542,83.47389103,27.99601757
65164,"Landslide at Syaulibazar, Rampur Municipality-1",01-07-2023,83.93691111,27.80893441,84.00030102,27.87265651
65165,"Landslide at Bhagobari , Rolpa Municipality-10",01-07-2023,82.63861451,28.31188035,82.71498855,28.43185747
65173,"Landslide at Dovan, Mathagadhi Rural Municipality-1",01-07-2023,83.59887623,27.8165172,83.66574946,27.87199622
65185,"Landslide at Damar Saaljhandi - Dhorpatan Highway , Panini Rural Municipality-2",01-07-2023,83.24817634,27.82594664,83.31013733,27.89664288
65189,"Landslide at Birauta , Pokhara Lekhnath Metropolitan City-17",01-07-2023,83.94390382,28.16061892,84.01057757,28.20169956
65101,Landslide at Ichchhyakamana Rural Municipality-5,30-06-2023,84.55685995,27.82682401,84.60442033,27.86350749
65108,"Landslide at Dhaireni , Mathagadhi Rural Municipality-1",30-06-2023,83.59887623,27.8165172,83.66574946,27.87199622
65111,"Landslide at Panebanj , Shailyashikhar Municipality-6",30-06-2023,80.47471433,29.70139155,80.53449632,29.74684411
65113,"Landslide at Kavrebhir , Thasang Rural Municipality-4",30-06-2023,83.56684333,28.56472478,83.73690213,28.67841203
65115,"Landslide at Bhuwanpata , Sitganga Municipality-2",30-06-2023,83.10497143,27.83354752,83.1638153,27.91305284
65116,"Landslide at Tinlakuri , Tansen Municipality-5",30-06-2023,83.50591515,27.84626745,83.55103019,27.88811364
65117,"Landslide at Bhalukhola / Pangdur Dolma, Lalitpur Metropolitan City-3",30-06-2023,85.29313624,27.67428534,85.32130475,27.68568667
65118,"Landslide at Bheltadi , Mahabu Rural Municipality-2",30-06-2023,81.66694229,28.85294574,81.6999118,28.91271048
65119,"Landslide at Dhade Danda , Sangurigadhi Rural Municipality-5",30-06-2023,87.36227157,26.84566329,87.42072765,26.90159716
65120,"Landslide at Tallo Baisari , Raghuganga Rural Municipality-3",30-06-2023,83.54490546,28.37450143,83.59333924,28.42555349
65121,Landslide at Pachaljharana Rural Municipality-3,30-06-2023,81.70255866,29.17727992,81.80798063,29.25665096
65124,"Landslide at Satra Number, Inaruwa Municipality-8",30-06-2023,87.10905233,26.61607892,87.16998942,26.66194625
65125,"Landslide at Jay Prithvi Rajmarga, Surnaya Rural Municipality-8",30-06-2023,80.64720561,29.50056098,80.7224129,29.55479131
65128,Landslide at Surnaya Rural Municipality-8,30-06-2023,80.64720561,29.50056098,80.7224129,29.55479131
65129,"Landslide at Dahakhola, Panini Rural Municipality-7",30-06-2023,83.16155413,27.89818307,83.22386601,27.95675681
65150,Landslide at Raskot Municipality-7,30-06-2023,81.63664599,29.22016448,81.66082201,29.24531106
65089,"Landslide at Dab Bazar , Budhiganga Municipality-10",29-06-2023,81.25309369,29.30166556,81.29284149,29.34484404
65102,"Landslide at Manthali Khare, Bigu Rural Municipality-1",29-06-2023,86.07927822,27.81742183,86.29998206,28.17417557
65105,"Landslide at Kerabari , Jaljala Rural Municipality-7",29-06-2023,83.58804559,28.29968695,83.65997827,28.33047254
65107,"Landslide at Thulo Akar , Dharmadevi Municipality-8",29-06-2023,87.23831405,27.17709306,87.2971766,27.22545695
65114,"Landslide at Syala Khola , Mugum Karmarong Rural Municipality-7",29-06-2023,82.25688082,29.57157879,82.40126244,29.71589185
65134,"Landslide at Piluwakhola , Chainpur Municipality-10",29-06-2023,87.22828306,27.21129139,87.28094415,27.27586387
65174,"Landslide at Narayanghat Muglin Highway, Ichchhyakamana Rural Municipality-5",29-06-2023,84.55685995,27.82682401,84.60442033,27.86350749
65080,"Landslide at Tallo Baisari , Raghuganga Rural Municipality-3",28-06-2023,83.54490546,28.37450143,83.59333924,28.42555349
65081,"Landslide at Paudur Ghumti , Annapurna Rural Municipality-3",28-06-2023,83.80159001,28.26252576,83.85345084,28.30488906
65083,"Landslide at Dhaireni , Mathagadhi Rural Municipality-1",28-06-2023,83.59887623,27.8165172,83.66574946,27.87199622
65085,Landslide at Patan Municipality-8,28-06-2023,80.59109952,29.39439532,80.67537913,29.48997448
65091,"Landslide at Rati Khola , Gurans Rural Municipality-2",28-06-2023,81.58020964,28.75121775,81.6313041,28.78646587
65092,"Landslide at Rupse , Annapurna Rural Municipality-3",28-06-2023,83.57384955,28.50137914,83.6605092,28.5899958
65093,"Landslide at Kavre Bhir , Loghekar Damodarkunda Rural Municipality-5",28-06-2023,83.82776199,28.83911885,84.24182968,29.0724145
65096,"Landslide at Naya Gaau / Jhakri Danda , Bagmati Rural Municipality-3",28-06-2023,85.26961411,27.47745714,85.31733481,27.53936822
65063,"Landslide at Damar Khola , Chhedagad Municipality-13",27-06-2023,82.02341475,28.63031166,82.08691076,28.70631978
65065,Landslide at Bharatpur Metropolitan City-29,27-06-2023,84.42988955,27.71140817,84.52593657,27.82442208
65067,"Landslide at Seling , Sangurigadhi Rural Municipality-5",27-06-2023,87.36227157,26.84566329,87.42072765,26.90159716
65071,"Landslide at Gangate, Makawanpurgadhi Rural Municipality-5",27-06-2023,85.05702439,27.43560124,85.12019398,27.48831754
65076,"Landslide at Bhattedanda - Takurche, Konjyosom Rural Municipality-4",27-06-2023,85.31847231,27.5384786,85.36589926,27.55891782
65078,"Landslide at Bersawang - Shaid Marga , Rolpa Municipality-10",27-06-2023,82.63861451,28.31188035,82.71498855,28.43185747
65060,"Landslide at Chautaradanda , Sukidaha Rural Municipality-2",26-06-2023,82.38780624,28.41134165,82.45946198,28.44929901
65061,"Landslide at Satra Kilo , Bharatpur Metropolitan City-29",26-06-2023,84.42988955,27.71140817,84.52593657,27.82442208
65074,"Landslide at Pame - Aarbot , Pokhara Lekhnath Metropolitan City-23",26-06-2023,83.79838744,28.19404441,83.93526207,28.26697324
65021,"Landslide at Kasnthamali , Tribeni Rural Municipality-2",25-06-2023,82.43806,28.20999271,82.52210942,28.29868483
65022,"Landslide at Jayaprithvi Highway , Sigas Rural Municipality-9",25-06-2023,80.69889441,29.47451235,80.80253804,29.53471267
65023,"Landslide at Seltada , Ganayapdhura Rural Municipality-3",25-06-2023,80.68494406,29.27636536,80.75259226,29.31887655
65024,"Landslide at Naini Bagar, Raghuganga Rural Municipality-8",25-06-2023,83.42055015,28.48904911,83.53806011,28.69745521
65030,"Landslide at Amkot Dwari , Budhiganga Municipality-1",25-06-2023,81.35611311,29.3895507,81.39393168,29.41972593
65042,"Landslide at Bihibare Bazar , Nechasalyan Rural Municipality-3",25-06-2023,86.62296589,27.33807043,86.65247087,27.37423956
65044,"Landslide at Maranthana , Thawang Rural Municipality-2",25-06-2023,82.65673337,28.44182553,82.73207503,28.5238428
65058,"Landslide at Tunbagar , Aathabis Municipality-3",25-06-2023,81.41014666,28.95838209,81.48667656,29.0350472
64980,"Landslide at Mahabhir , Modi Rural Municipality-6",24-06-2023,83.71136327,28.23108876,83.77464242,28.29285259
64981,"Landslide at Kamerephat, Kamalamai Municipality-5",24-06-2023,85.85981501,27.16413113,85.92837919,27.25554887
64984,"Landslide at Seleghat - Triveni , Manthali Municipality-6",24-06-2023,85.98156229,27.31551695,86.05474594,27.38011168
64989,"Landslide at Paudur Ghumti, Annapurna Rural Municipality-3",24-06-2023,83.80159001,28.26252576,83.85345084,28.30488906
64990,"Landslide at Naini Bagar, Annapurna Rural Municipality-2",24-06-2023,83.572727,28.47114196,83.65522375,28.51211401
65004,Landslide at Surnaya Rural Municipality-5,24-06-2023,80.56295374,29.48352759,80.6378394,29.55263875
65059,"Landslide at Nigale , Lisangkhu Pakhar Rural Municipality-5",24-06-2023,85.8791777,27.67393264,85.93917396,27.7138926
65079,"Landslide at Khusbu Tole , Khijidemba Rural Municipality-5",24-06-2023,86.31000239,27.41843274,86.37993753,27.46547139
65084,Landslide at Nechasalyan Rural Municipality-5,24-06-2023,86.56365658,27.34013241,86.63228412,27.3677051
64957,"Landslide at Panebanj , Shailyashikhar Municipality-6",23-06-2023,80.47471433,29.70139155,80.53449632,29.74684411
64960,"Landslide at Naktad , Shailyashikhar Municipality-9",23-06-2023,80.51731439,29.65293628,80.56982018,29.71384281
64964,"Landslide at Giribagad - Naulakhola , Dilasaini Rural Municipality-3",23-06-2023,80.56819183,29.65204879,80.6820589,29.69176315
64967,"Landslide at Jyapu, Patan Municipality-8",23-06-2023,80.59109952,29.39439532,80.67537913,29.48997448
64970,"Landslide at Rajbrikshya  & Matdanda , Bulingtar Rural Municipality-1",23-06-2023,84.22978559,27.76682341,84.30574055,27.83798769
64971,"Landslide at Baisurnaiya , Surnaya Rural Municipality-5",23-06-2023,80.56295374,29.48352759,80.6378394,29.55263875
64972,"Landslide at Bajangineta, Bhairabi Rural Municipality-7",23-06-2023,81.61421461,28.96549144,81.70369424,29.04991606
64976,"Landslide at Sungtun / Orange Valley , Suryodaya Municipality-5",23-06-2023,88.11418515,26.82602603,88.17475481,26.88564827
64979,"Landslide at Charuwa Gaau, Molung Rural Municipality-1",23-06-2023,86.43498058,27.29580946,86.48449307,27.34125429
64983,Landslide at Shuklagandaki Municipality-7,23-06-2023,84.08358483,28.00648485,84.12105171,28.03978064
65002,"Landslide at Papunga, Shadananda Municipality-13",23-06-2023,87.0885578,27.25354083,87.15926675,27.29038767
65007,"Landslide at Kahule, Pokhara Lekhnath Metropolitan City-24",23-06-2023,83.87614638,28.22786264,83.93447913,28.27866305
65011,"Landslide at Bideshi Tole , Khumbupasanglahmu Rural Municipality-3",23-06-2023,86.56391828,27.67450779,86.89989835,27.81638911
64949,"Landslide at Fedi , Kepilasagadhi Rural Municipality-1",22-06-2023,86.87486543,27.26557898,86.98533743,27.37231091
64956,"Landslide at Bilandu Gaau , Champadevi Rural Municipality-8",22-06-2023,86.29637613,27.33816518,86.3326391,27.3797239
64912,"Landslide at Chapleti , Kalinchok Rural Municipality-4",21-06-2023,86.11340153,27.71230024,86.16059055,27.74642214
64935,"Landslide at Namsipul, Ichchhyakamana Rural Municipality-6",21-06-2023,84.49429017,27.77624768,84.58991335,27.83920784
64895,"Landslide at Lumwang, Makalu Rural Municipality-5",20-06-2023,87.22990404,27.50031372,87.46068989,27.57801127
64904,"Landslide at Mehele Khuwa , Sidingba Rural Municipality-6",20-06-2023,87.85162593,27.32806967,87.91242816,27.37096224
64915,"Landslide at Sinam , Sirijangha Rural Municipality-1",20-06-2023,87.79869039,27.29233282,87.84782176,27.32698997
64916,"Landslide at Buddha Danda , Phaktanglung Rural Municipality-6",20-06-2023,87.71183495,27.49151796,88.20166777,27.90595938
64917,"Landslide at Surumakhim , Sidingba Rural Municipality-7",20-06-2023,87.88518449,27.34127501,88.03985179,27.43869182
64859,"Landslide at Mukhu Bhanjyang, Phaktanglung Rural Municipality-6",19-06-2023,87.71183495,27.49151796,88.20166777,27.90595938
64874,"Landslide at Saalghari - Madhyapahadi Lokmarga, Phidim Municipality-4",19-06-2023,87.68777464,27.13174515,87.7785532,27.16580275
64876,"Landslide at Thapatar, Phidim Municipality-11",19-06-2023,87.76532587,27.12822481,87.83098637,27.17332166
64877,"Landslide at Chhatedhunga , Phungling Municipality-10",19-06-2023,87.68421999,27.37194976,87.76308108,27.42895998
64882,"Landslide at Mathillo Gudadi , Myagde Rural Municipality-1",19-06-2023,84.19930845,27.95141331,84.24735997,28.01426582
64883,"Landslide at Yekcheppa, Hilihang Rural Municipality-7",19-06-2023,87.71007686,27.15045337,87.79395347,27.20568034
64885,"Landslide at Chuhan Danda , Aathrai Rural Municipality-6",19-06-2023,87.6590851,27.13993348,87.71996824,27.21646744
64902,"Landslide at Chirbhanjyang , Falelung Rural Municipality-1",19-06-2023,87.8309648,27.18703949,87.87940269,27.23541166
64907,"Landslide at Kholaghari , Phidim Municipality-11",19-06-2023,87.76532587,27.12822481,87.83098637,27.17332166
64931,"Landslide at Phoksing , Pokhara Lekhnath Metropolitan City-21",19-06-2023,83.92247626,28.13112511,84.02305214,28.18849031
64937,"Landslide at Simle , Dharche Rural Municipality-5",19-06-2023,84.77574082,28.16370382,84.87698767,28.34008661
64805,"Landslide at Kanxidobhan, Phidim Municipality-11",18-06-2023,87.76532587,27.12822481,87.83098637,27.17332166
64810,Landslide at Illam Municipality-12,18-06-2023,87.86322238,26.87229975,87.91259276,26.92240266
64814,"Landslide at Patewa, Fakphokthum Rural Municipality-1",18-06-2023,87.70473307,26.97061477,87.7779888,27.02138616
64822,Landslide at Phaktanglung Rural Municipality-6,18-06-2023,87.71183495,27.49151796,88.20166777,27.90595938
64848,"Landslide at Chemphuwa Khola - Gurungtar, Phidim Municipality-11",18-06-2023,87.76532587,27.12822481,87.83098637,27.17332166
64851,"Landslide at Lukunsara, Pokhara Lekhnath Metropolitan City-22",18-06-2023,83.85662209,28.16845151,83.96825552,28.2245708
64853,"Landslide at Tellok , Sirijangha Rural Municipality-4",18-06-2023,87.80770447,27.35085322,87.86137413,27.39860793
64856,"Landslide at Pahire, Sangurigadhi Rural Municipality-5",18-06-2023,87.36227157,26.84566329,87.42072765,26.90159716
64873,"Landslide at Phaktep Bazar, Falgunanda Rural Municipality-5",18-06-2023,87.69259458,26.99231368,87.74103939,27.05746931
64875,"Landslide at Phedi, Yangwarak Rural Municipality-1",18-06-2023,87.92956876,27.21592918,88.03304745,27.28754215
64887,"Landslide at Kaule , Phidim Municipality-11",18-06-2023,87.76532587,27.12822481,87.83098637,27.17332166
64969,"Landslide at Akhuwa Khola , Bhojpur Municipality-12",18-06-2023,87.02770263,27.09576083,87.10174686,27.17652506
64803,"Landslide at Mehele, Phaktanglung Rural Municipality-6",17-06-2023,87.71183495,27.49151796,88.20166777,27.90595938
64815,"Landslide at Nabi Bhanjyang , Sidingba Rural Municipality-6",17-06-2023,87.85162593,27.32806967,87.91242816,27.37096224
64816,"Landslide at Ilabote , Phaktanglung Rural Municipality-6",17-06-2023,87.71183495,27.49151796,88.20166777,27.90595938
64818,"Landslide at Majuwa Dovan, Sabhapokhari Rural Municipality-6",17-06-2023,87.29477616,27.39137378,87.38334175,27.43632959
64819,Landslide at Phaktanglung Rural Municipality-6,17-06-2023,87.71183495,27.49151796,88.20166777,27.90595938
64821,"Landslide at Sesambu, Pathibhara Yangwarak Rural Municipality-1",17-06-2023,87.6786403,27.28561391,87.73260417,27.34968637
64827,"Landslide at Tamrang, Mikwakhola Rural Municipality-4",17-06-2023,87.60716619,27.45161889,87.6712372,27.53565844
64829,Landslide at Phidim Municipality-11,17-06-2023,87.76532587,27.12822481,87.83098637,27.17332166
64831,"Landslide at Bagale, Sirijangha Rural Municipality-7",17-06-2023,87.86918665,27.3663403,87.98145293,27.44107046
64832,"Landslide at Okharbote, Pathibhara Yangwarak Rural Municipality-3",17-06-2023,87.70959416,27.32063857,87.78187243,27.37779919
64833,"Landslide at Kholaghari, Falelung Rural Municipality-3",17-06-2023,87.88400528,27.18130086,88.01563673,27.24440005
64835,"Landslide at Mehele, Sidingba Rural Municipality-6",17-06-2023,87.85162593,27.32806967,87.91242816,27.37096224
64849,"Landslide at Chaurikharka, Panchakhapan Municipality-9",17-06-2023,87.34682134,27.34586151,87.44290123,27.4064984
64772,"Landslide at Bihani Petrolpump, Gajuri Rural Municipality-2",16-06-2023,84.82259187,27.73903961,84.86843,27.80882624
64777,"Landslide at Haitar , Makalu Rural Municipality-3",16-06-2023,87.27348777,27.55282914,87.35981243,27.66712943
64742,"Landslide at Kameri, Netrawati Dabjong Rural Municipality-1",15-06-2023,84.92008082,28.00038689,84.99090156,28.03111331
64743,"Landslide at Jarekhet Kholsi, Netrawati Dabjong Rural Municipality-1",15-06-2023,84.92008082,28.00038689,84.99090156,28.03111331
64748,"Landslide at Rambazar, Siddhicharan Municipality-11",15-06-2023,86.4865635,27.29752877,86.52476928,27.34353704
64750,"Landslide at Chhepare, Makawanpurgadhi Rural Municipality-5",15-06-2023,85.05702439,27.43560124,85.12019398,27.48831754
64753,"Landslide at Rabi Rake Sadak - Baluwakhani, Sangurigadhi Rural Municipality-5",15-06-2023,87.36227157,26.84566329,87.42072765,26.90159716
64758,"Landslide at Newar Tole, Suryagadhi Rural Municipality-4",15-06-2023,85.2144156,27.91643261,85.26486965,27.95002711
64776,Landslide at Sirijangha Rural Municipality-4,15-06-2023,87.80770447,27.35085322,87.86137413,27.39860793
64780,"Landslide at Khurpathak, Meringden Rural Municipality-5",15-06-2023,87.52279122,27.42408313,87.61531963,27.46163509
64720,"Landslide at Udipur, Marsyangdi Rural Municipality-7",14-06-2023,84.38844356,28.28122197,84.61669057,28.47810652
64721,"Landslide at Sisneri, Makawanpurgadhi Rural Municipality-5",14-06-2023,85.05702439,27.43560124,85.12019398,27.48831754
64735,"Landslide at Udipur, Besishahar Municipality-1",14-06-2023,84.39340368,28.151829,84.43875442,28.1956289
64736,"Landslide at Bihibare, Panchakhapan Municipality-7",14-06-2023,87.29695588,27.31370295,87.33399293,27.35834571
64737,"Landslide at Bhattedanda, Konjyosom Rural Municipality-4",14-06-2023,85.31847231,27.5384786,85.36589926,27.55891782
64740,"Landslide at Ghatbesi, Netrawati Dabjong Rural Municipality-1",14-06-2023,84.92008082,28.00038689,84.99090156,28.03111331
64745,"Landslide at Udipur, Marsyangdi Rural Municipality-7",14-06-2023,84.38844356,28.28122197,84.61669057,28.47810652
64747,Landslide at Marsyangdi Rural Municipality-7,14-06-2023,84.38844356,28.28122197,84.61669057,28.47810652
64755,"Landslide at Bagum, Marsyangdi Rural Municipality-7",14-06-2023,84.38844356,28.28122197,84.61669057,28.47810652
64763,"Landslide at Ambegudin, Sirijangha Rural Municipality-2",14-06-2023,87.80596137,27.31619135,87.85680122,27.35766646
64770,"Landslide at Nayu, Marsyangdi Rural Municipality-7",14-06-2023,84.38844356,28.28122197,84.61669057,28.47810652
64642,"Landslide at Naya Basti , Makalu Rural Municipality-3",11-06-2023,87.27348777,27.55282914,87.35981243,27.66712943
64670,"Landslide at Bhalkun, Mathagadhi Rural Municipality-1",09-06-2023,83.59887623,27.8165172,83.66574946,27.87199622
64466,"Landslide at Panebaj, Apihimal Rural Municipality-6",29-05-2023,80.72150068,29.774431,80.83223736,29.92995108
64443,"Landslide at Gang, Rolpa Municipality-10",27-05-2023,82.63861451,28.31188035,82.71498855,28.43185747
64445,"Landslide at Bhattedanda , Bagmati Rural Municipality-3",27-05-2023,85.26961411,27.47745714,85.31733481,27.53936822
64425,"Landslide at Ghurekharka Fedi, Raghuganga Rural Municipality-8",26-05-2023,83.42055015,28.48904911,83.53806011,28.69745521
64395,"Landslide at Sangkosh , Netrawati Dabjong Rural Municipality-1",25-05-2023,84.92008082,28.00038689,84.99090156,28.03111331
64362,"Landslide at Nimri , Rolpa Municipality-10",24-05-2023,82.63861451,28.31188035,82.71498855,28.43185747
64384,"Landslide at Sirantal , Nashong Rural Municipality-1",24-05-2023,84.32284969,28.45203665,84.41742099,28.49570456
64327,"Landslide at Khalla , Gaumul Rural Municipality-1",23-05-2023,81.43507757,29.511634,81.57276609,29.69247101
64319,Landslide at Bharatpur Metropolitan City-14,22-05-2023,84.34443666,27.58478461,84.3843992,27.62742632
64271,"Landslide at Simtar, Khandbari Municipality-7",20-05-2023,87.20220932,27.36909377,87.23760611,27.40124225
64293,"Landslide at Guithe , Raghuganga Rural Municipality-8",20-05-2023,83.42055015,28.48904911,83.53806011,28.69745521
64175,"Landslide at Triveni , Rolpa Municipality-10",15-05-2023,82.63861451,28.31188035,82.71498855,28.43185747
63869,"Landslide at Charchare, Mathagadhi Rural Municipality-1",05-05-2023,83.59887623,27.8165172,83.66574946,27.87199622
63824,"Landslide at Nandikhola , Rolpa Municipality-10",01-05-2023,82.63861451,28.31188035,82.71498855,28.43185747
63811,"Landslide at Phaksinda Dovan , Khandbari Municipality-7",30-04-2023,87.20220932,27.36909377,87.23760611,27.40124225
63549,"Landslide at Okharenighad , Sirupata , Pachaljharana Rural Municipality-3",19-04-2023,81.70255866,29.17727992,81.80798063,29.25665096
63361,"Landslide at Nandikhola, Tribeni Rural Municipality-7",13-04-2023,82.45709216,28.27980745,82.53942176,28.34806514
63366,"Landslide at Chisapani, Panchkhal Municipality-8",13-04-2023,85.64188807,27.62936415,85.68916237,27.66667677
62952,"Landslide at Tope Khola , Bharatpur Metropolitan City-14",27-03-2023,84.34443666,27.58478461,84.3843992,27.62742632
62953,"Landslide at Lamabagar, Bigu Rural Municipality-1",27-03-2023,86.07927822,27.81742183,86.29998206,28.17417557
62878,"Landslide at Dhanada , Pachaljharana Rural Municipality-3",22-03-2023,81.70255866,29.17727992,81.80798063,29.25665096
62463,"Landslide at Kawadi-Kiudi, Gaumul Rural Municipality-1",24-02-2023,81.43507757,29.511634,81.57276609,29.69247101
62373,"Landslide at Rasi, Shey Phoksundo Rural Municipality-99",19-02-2023,82.74488295,29.03984124,83.10481621,29.36636903
62217,"Landslide at Kuchche, Tripurasundari Municipality-5",08-02-2023,82.61422627,28.91346209,82.69258674,29.03241905
61660,"Landslide at Baradi, Anbukhaireni Rural Municipality-1",03-01-2023,84.43062765,27.89169199,84.48222688,27.94376727
61070,Landslide at Chhathar Rural Municipality-2,06-11-2022,87.42664842,27.00056022,87.45896319,27.0762497
61052,"Landslide at Chilinkha, Bigu Rural Municipality-5",04-11-2022,86.09519648,27.78059869,86.16196655,27.88331999
60804,"Landslide at bhuwa, Budhinanda Municipality-3",12-10-2022,81.59268639,29.49875394,81.6818651,29.57613123
60811,Landslide at Mahawai Rural Municipality-3,12-10-2022,81.74964784,28.97101191,82.01317165,29.07340815
60812,"Landslide at Dayaune, Binayee Tribeni Rural Municipality-2",12-10-2022,83.78989787,27.54499343,83.88548843,27.63904017
60821,"Landslide at Nepalitole, Tribeni Municipality-8",12-10-2022,81.33171988,29.34247558,81.36752932,29.36617558
60798,"Landslide at Syalkatyaya, Budhiganga Municipality-7",11-10-2022,81.29136909,29.33089823,81.32338755,29.36458231
60805,Landslide at Gaumul Rural Municipality-1,11-10-2022,81.43507757,29.511634,81.57276609,29.69247101
60806,"Landslide at Kabhripatali , Jagannath Rural Municipality-6",11-10-2022,81.68433199,29.31989685,81.74639707,29.3611751
60813,"Landslide at Tolipani, Dullu Municipality-6",11-10-2022,81.5788196,28.78375717,81.64372218,28.84150089
60814,"Landslide at kawadi, Himali Rural Municipality-5",11-10-2022,81.64048268,29.55962403,81.77969222,29.62014753
60818,"Landslide at Malaikhola, Babai Rural Municipality-7",11-10-2022,82.01647995,28.0770613,82.13660593,28.1675436
60824,"Landslide at Chhapre, Tilagufa Municipality-7",11-10-2022,81.76316456,29.14393172,81.79658123,29.20453509
60763,"Landslide at Jogimare, Sandhikharka Municipality-11",10-10-2022,83.12597914,27.9941735,83.17426005,28.03716484
60768,"Landslide at Athkhola, Purchaudi Municipality-9",10-10-2022,80.61226394,29.58371355,80.64871503,29.62195965
60769,"Landslide at Phaita, Swami Kartik Rural Municipality-4",10-10-2022,81.70592048,29.45064647,81.75387057,29.49615567
60770,"Landslide at Dhadakot, Jagannath Rural Municipality-1",10-10-2022,81.61083396,29.41657134,81.71477812,29.48206587
60773,"Landslide at Salim, Chhayanath Rara Municipality-11",10-10-2022,82.19614512,29.46505894,82.23167529,29.5520668
60787,Landslide at Tilagufa Municipality-11,10-10-2022,81.74274594,29.09683178,81.81867465,29.1247334
60800,"Landslide at Shristhan, Bhairabi Rural Municipality-1",10-10-2022,81.63353319,28.83991769,81.68621629,28.88324584
60815,"Landslide at Dhalebaj, Aathabis Municipality-8",10-10-2022,81.45675034,29.00109509,81.51199325,29.05237318
60751,"Landslide at Bhaisegoda, Tilagufa Municipality-6",09-10-2022,81.78604227,29.12819968,81.83086399,29.18648645
60752,"Landslide at Baligaun, Tilagufa Municipality-7",09-10-2022,81.76316456,29.14393172,81.79658123,29.20453509
60759,"Landslide at Kusunde, Sworgadwary Municipality-1",09-10-2022,82.60044346,28.05225433,82.69785037,28.12361929
60771,"Landslide at Bagthala, Kedarseu Rural Municipality-4",09-10-2022,80.87026747,29.48347224,80.93004359,29.5406996
60772,"Landslide at Melchham, Chankheli Rural Municipality-6",09-10-2022,81.99268617,29.74686881,82.0614857,29.82743161
60774,"Landslide at Rachuli, Tilagufa Municipality-4",09-10-2022,81.80845173,29.15978347,81.8722601,29.21499992
60775,"Landslide at Pallobali, Tilagufa Municipality-7",09-10-2022,81.76316456,29.14393172,81.79658123,29.20453509
60776,"Landslide at Dauke, Pachaljharana Rural Municipality-3",09-10-2022,81.70255866,29.17727992,81.80798063,29.25665096
60779,"Landslide at Puranobaspark, Khandachakra Municipality-1",09-10-2022,81.58593549,29.14439354,81.64214151,29.16942663
60780,"Landslide at Mumra, Sanni Tribeni Rural Municipality-8",09-10-2022,81.52921137,29.29032047,81.58023444,29.35791753
60792,"Landslide at Bhaisegoda, Tilagufa Municipality-5",09-10-2022,81.7787496,29.1595177,81.84317477,29.21536296
60799,"Landslide at Madan, Tanjakot Rural Municipality-5",09-10-2022,81.77937081,29.65621345,81.82685543,29.69617438
60808,"Landslide at Nuwaghar, Pachaljharana Rural Municipality-7",09-10-2022,81.67233304,29.28491317,81.7498475,29.32353962
60739,"Landslide at Mahakharka, Nisikhola Rural Municipality-1",08-10-2022,83.05216879,28.28882783,83.15286434,28.3462997
60742,"Landslide at Marke, Sharada Municipality-8",08-10-2022,82.09574634,28.35825741,82.13770176,28.40923723
60743,"Landslide at Barekot danda, Kanakasundari Rural Municipality-3",08-10-2022,81.95842122,29.40209601,82.04889794,29.47358504
60746,"Landslide at Pharinde, Mandavi Rural Municipality-4",08-10-2022,82.68370882,28.03636127,82.77265737,28.09085074
60807,"Landslide at Ratada, Tilagufa Municipality-2",08-10-2022,81.86770363,29.11972956,81.9503749,29.18530952
60690,"Landslide at Dyan kendra, Chandragiri Municipality-2",07-10-2022,85.19298494,27.69433243,85.22359671,27.72013204
60698,Landslide at Myagde Rural Municipality-1,07-10-2022,84.19930845,27.95141331,84.24735997,28.01426582
60702,"Landslide at Jagat, Panini Rural Municipality-7",07-10-2022,83.16155413,27.89818307,83.22386601,27.95675681
60704,"Landslide at Naulapani, Sandhikharka Municipality-9",07-10-2022,83.05704889,28.00474843,83.12000028,28.04051846
60705,"Landslide at Chidis, Tinau Rural Municipality-6",07-10-2022,83.42121669,27.7618229,83.52347326,27.82948042
60707,"Landslide at Byureni, Birendranagar Municipality-11",07-10-2022,81.6297063,28.51462404,81.67893952,28.5960723
60709,"Landslide at Rathma, Shiwalaya Rural Municipality-3",07-10-2022,81.90403611,28.65585904,81.95273236,28.69321881
60710,"Landslide at Kapti, Barekot Rural Municipality-9",07-10-2022,82.25336595,28.86905438,82.29285873,28.92337958
60711,"Landslide at Salam, Kapurkot Rural Municipality-3",07-10-2022,82.31186426,28.20588696,82.36927237,28.26005258
60712,Landslide at Aathbiskot Municipality-10,07-10-2022,82.36310822,28.72952271,82.44589245,28.78316267
60715,"Landslide at Syaule, Naubahini Rural Municipality-7",07-10-2022,82.81422564,28.18035265,82.89528291,28.23267025
60717,"Landslide at Chautara, Badigad Rural Municipality-7",07-10-2022,83.17278996,28.27185068,83.24787915,28.32709422
60721,Landslide at Madi Rural Municipality-3,07-10-2022,82.46375678,28.4131448,82.51923383,28.46636247
60722,"Landslide at Dhungepani, Tribeni Rural Municipality-6",07-10-2022,82.37500156,28.54807117,82.43175031,28.57863182
60732,Landslide at Banglachuli Rural Municipality-4,07-10-2022,82.59122061,27.9614535,82.65502212,28.06374416
60735,"Landslide at Budhichaur, Sarumarani Rural Municipality-6",07-10-2022,82.74055572,27.9628446,82.83220864,28.00669993
60678,"Landslide at Magini, Raksirang Rural Municipality-5",06-10-2022,84.80268919,27.54416841,84.87446657,27.58396057
60681,"Landslide at Ghartigaun, Madi Rural Municipality-2",06-10-2022,82.47820966,28.3378921,82.52301543,28.39856652
60683,"Landslide at bathakot, Sani Bheri Rural Municipality-6",06-10-2022,82.34311129,28.66866949,82.40909265,28.71233633
60688,"Landslide at Bhalkotbari, Nisikhola Rural Municipality-6",06-10-2022,82.87867123,28.38619474,83.01588779,28.47967976
60692,"Landslide at Jiula, Chhatreshwori Rural Municipality-1",06-10-2022,82.28619091,28.39423568,82.3539102,28.43015708
60693,"Landslide at Kolbot, Airawati Rural Municipality-1",06-10-2022,82.93309724,27.91994069,83.01779002,27.993583
60696,"Landslide at Khar, Chum Nubri Rural Municipality-6",06-10-2022,84.90067824,28.40261702,85.05749106,28.6015297
60697,"Landslide at Sakindhara, Malarani Rural Municipality-6",06-10-2022,83.04537411,28.06484337,83.09962285,28.11162913
60740,"Landslide at Chhapagaun, Dhunibesi Municipality-4",06-10-2022,85.12742391,27.75167385,85.18141717,27.77171296
60748,Landslide at Gosaikunda Rural Municipality-3,06-10-2022,85.34167317,28.15107955,85.43920571,28.23202002
60749,"Landslide at Khatripauwa, Dhunibesi Municipality-9",06-10-2022,85.16085109,27.68066954,85.20003829,27.7333521
60656,"Landslide at kILU, Annapurna Rural Municipality-10",05-10-2022,83.7646299,28.3299835,83.82455971,28.3866459
60664,"Landslide at Dhad, Naubahini Rural Municipality-6",05-10-2022,82.8839777,28.14789507,82.93548813,28.21845453
60665,"Landslide at Bhutbajar, Bhotekoshi Rural Municipality-2",05-10-2022,85.87551965,27.93584496,85.97864221,28.05345347
60680,"Landslide at Charaghsareni, Bagchaur Municipality-9",05-10-2022,82.31635383,28.42385764,82.37696888,28.45912169
60682,"Landslide at takura, Pyuthan Municipality-10",05-10-2022,82.87310275,28.08541182,82.92123853,28.12705233
60621,"Landslide at Satranumbar, Barah Municipality-1",29-09-2022,87.14211362,26.8062183,87.21343853,26.87822947
60596,"Landslide at Malachaur, Aathabis Municipality-5",26-09-2022,81.50368689,29.05284055,81.58219531,29.13596458
60605,Landslide at Pathibhara Yangwarak Rural Municipality-1,26-09-2022,87.6786403,27.28561391,87.73260417,27.34968637
60593,"Landslide at Badiya, Dogadakedar Rural Municipality-2",25-09-2022,80.52788607,29.5482896,80.58746173,29.60980481
60602,"Landslide at kunaute, Raghuganga Rural Municipality-2",25-09-2022,83.56164426,28.39382914,83.60132913,28.42999738
60585,"Landslide at Sathranumber, Barah Municipality-1",24-09-2022,87.14211362,26.8062183,87.21343853,26.87822947
60587,Landslide at Hupsekot Rural Municipality-5,24-09-2022,84.01861505,27.72323528,84.15852455,27.78070915
60583,"Landslide at Mulpani, Kageshwori Manahora Municipality-5",23-09-2022,85.39752585,27.71630346,85.41570769,27.73603236
60588,"Landslide at Baisari, Raghuganga Rural Municipality-2",23-09-2022,83.56164426,28.39382914,83.60132913,28.42999738
60560,Landslide at Besishahar Municipality-1,21-09-2022,84.39340368,28.151829,84.43875442,28.1956289
60553,"Landslide at Bhanggobari, Tribeni Rural Municipality-2",20-09-2022,82.43806,28.20999271,82.52210942,28.29868483
60543,"Landslide at Dakshinkali, Dakshinkali Municipality-8",19-09-2022,85.23876408,27.57044852,85.28515391,27.60517664
60524,"Landslide at Chepang , Barahtal Rural Municipality-5",18-09-2022,81.40831584,28.68412834,81.52305292,28.73681783
60528,"Landslide at Baisari, Raghuganga Rural Municipality-2",18-09-2022,83.56164426,28.39382914,83.60132913,28.42999738
60530,"Landslide at Lamapatan, Chankheli Rural Municipality-6",18-09-2022,81.99268617,29.74686881,82.0614857,29.82743161
60494,"Landslide at Dhungachalna, Kamalbazar Municipality-8",17-09-2022,81.31127472,29.04483851,81.34094481,29.08692041
60495,"Landslide at Thatikhadh, Kamalbazar Municipality-6",17-09-2022,81.29171947,29.07042658,81.35325663,29.12468851
60496,"Landslide at Nada, Turmakhad Rural Municipality-5",17-09-2022,81.29530647,28.9077197,81.36864828,28.97833707
60497,"Landslide at Salle, Musikot Municipality-1",17-09-2022,82.43892624,28.62533206,82.50139999,28.67368779
60500,"Landslide at Khimane, Dhakari Rural Municipality-6",17-09-2022,81.24199205,28.90236127,81.33624073,28.99838975
60505,"Landslide at Gutu, Chaukune Rural Municipality-8",17-09-2022,81.31177204,28.80671668,81.34367515,28.86698787
60506,"Landslide at Rag, Panchpuri Municipality-9",17-09-2022,81.32516431,28.77489717,81.37276625,28.86500974
60519,"Landslide at Shajapur, Chure Rural Municipality-3",17-09-2022,80.59253503,28.97770483,80.68077131,29.059157
60521,"Landslide at sawa, Dhakari Rural Municipality-1",17-09-2022,81.21839582,28.93198112,81.29416919,29.04135086
60507,"Landslide at Singadi, Aathabis Municipality-2",16-09-2022,81.43010613,28.9628637,81.4867478,29.00707881
60475,"Landslide at chalal, Bethanchowk Rural Municipality-4",15-09-2022,85.47855968,27.52191695,85.5312621,27.56711089
60476,"Landslide at Chaherea, Chautara SangachokGadhi Municipality-12",15-09-2022,85.68676208,27.67658979,85.74459838,27.7161375
60478,"Landslide at Inarpani, Kanthekhola Rural Municipality-6",15-09-2022,83.49249669,28.24453454,83.54435749,28.26943574
60479,Landslide at Raghuganga Rural Municipality-8,15-09-2022,83.42055015,28.48904911,83.53806011,28.69745521
60460,"Landslide at Rupse, Annapurna Rural Municipality-3",13-09-2022,83.57384955,28.50137914,83.6605092,28.5899958
60461,"Landslide at Kabeli, Hilihang Rural Municipality-2",13-09-2022,87.6798531,27.23537421,87.74113429,27.29139778
60467,"Landslide at Beni, Thasang Rural Municipality-4",13-09-2022,83.56684333,28.56472478,83.73690213,28.67841203
60468,"Landslide at Simalchaur, Marsyangdi Rural Municipality-8",13-09-2022,84.36061175,28.25766301,84.41131394,28.30269413
60462,"Landslide at Lumbajung, Sangurigadhi Rural Municipality-5",12-09-2022,87.36227157,26.84566329,87.42072765,26.90159716
60465,"Landslide at Udipur, Besishahar Municipality-1",12-09-2022,84.39340368,28.151829,84.43875442,28.1956289
60459,"Landslide at Kharikhola, Khumbupasanglahmu Rural Municipality-1",11-09-2022,86.69523657,27.57218792,86.81490808,27.66747427
60453,"Landslide at Kalipokhari, Bhanu Municipality-10",10-09-2022,84.39058152,28.07924833,84.45248997,28.12107529
60417,"Landslide at Balephi, Barhabise Municipality-9",07-09-2022,85.83639675,27.76107767,85.89903748,27.79966143
60421,Landslide at Phungling Municipality-8,07-09-2022,87.65270615,27.30999051,87.71815219,27.35319346
60422,"Landslide at Satranumbar, Barah Municipality-1",07-09-2022,87.14211362,26.8062183,87.21343853,26.87822947
60412,Landslide at Tinau Rural Municipality-3,06-09-2022,83.46107837,27.70502737,83.5877999,27.78384995
60414,"Landslide at Khanigaun, Chisankhugadhi Rural Municipality-5",06-09-2022,86.5999015,27.29415633,86.63659517,27.34090048
60403,"Landslide at Ghattekhola, Patan Municipality-6",05-09-2022,80.51097515,29.44557577,80.59894498,29.48259332
60407,"Landslide at Tilkeni, Illam Municipality-8",05-09-2022,87.92784978,26.88651306,87.95476668,26.93789846
60392,"Landslide at Jumkhola, Kalimati Rural Municipality-5",04-09-2022,81.84086906,28.22687062,81.97500796,28.35802875
60396,"Landslide at Nade, Gurbhakot Municipality-3",04-09-2022,81.93112256,28.37753336,81.98985543,28.45137078
60397,"Landslide at Kharawang, Putha Uttarganga Rural Municipality-9",04-09-2022,82.74346097,28.63631699,82.80118698,28.7429824
60385,"Landslide at Beni, Thasang Rural Municipality-4",03-09-2022,83.56684333,28.56472478,83.73690213,28.67841203
60381,"Landslide at Baishasri, Raghuganga Rural Municipality-2",02-09-2022,83.56164426,28.39382914,83.60132913,28.42999738
60382,"Landslide at Atharakilo, Bharatpur Metropolitan City-29",02-09-2022,84.42988955,27.71140817,84.52593657,27.82442208
60383,"Landslide at Sukrabare, Silichong Rural Municipality-3",02-09-2022,87.01473486,27.45723366,87.14025494,27.58578871
60384,"Landslide at Satranumbar, Barah Municipality-1",02-09-2022,87.14211362,26.8062183,87.21343853,26.87822947
60362,Landslide at Bharatpur Metropolitan City-29,01-09-2022,84.42988955,27.71140817,84.52593657,27.82442208
60364,"Landslide at Sandel, Silichong Rural Municipality-3",01-09-2022,87.01473486,27.45723366,87.14025494,27.58578871
60365,"Landslide at Ghattakhola, Budhiganga Municipality-8",01-09-2022,81.27833251,29.30988854,81.30980819,29.34896498
60366,Landslide at Budhiganga Municipality-8,01-09-2022,81.27833251,29.30988854,81.30980819,29.34896498
60368,"Landslide at Jumkhola, Kalimati Rural Municipality-5",01-09-2022,81.84086906,28.22687062,81.97500796,28.35802875
60369,"Landslide at Archalini, Sundarbazar Municipality-4",01-09-2022,84.353254,28.14415422,84.38554841,28.17681066
60374,"Landslide at Ashigada, Mahakali_Darchula Municipality-8",01-09-2022,80.43715814,29.77056543,80.47938775,29.80256573
60375,"Landslide at Hiudekhola, Tinau Rural Municipality-5",01-09-2022,83.51409168,27.75758885,83.59757539,27.80687861
60376,"Landslide at Darwang, Malika Rural Municipality-6",01-09-2022,83.38214421,28.39630928,83.44638831,28.44392814
60377,"Landslide at purbhuta, Tribeni Municipality-3",01-09-2022,81.30301476,29.31390693,81.33644879,29.34265593
60378,Landslide at Khaptad Chhededaha Rural Municipality-1,01-09-2022,81.19033119,29.35286667,81.24520834,29.41429947
60350,Landslide at Bharatpur Metropolitan City-29,31-08-2022,84.42988955,27.71140817,84.52593657,27.82442208
60358,"Landslide at Naktadi, Shailyashikhar Municipality-9",31-08-2022,80.51731439,29.65293628,80.56982018,29.71384281
60360,"Landslide at Ambote, Modi Rural Municipality-5",31-08-2022,83.69071859,28.2618179,83.73803622,28.29539048
60346,"Landslide at guralthum, Chabispathivera Rural Municipality-1",30-08-2022,81.04974058,29.48875647,81.1315451,29.52031365
60349,"Landslide at Aambote, Modi Rural Municipality-5",30-08-2022,83.69071859,28.2618179,83.73803622,28.29539048
60332,"Landslide at Chourkhola, Kapurkot Rural Municipality-3",29-08-2022,82.31186426,28.20588696,82.36927237,28.26005258
60337,"Landslide at Sireni, Kalimati Rural Municipality-6",29-08-2022,81.766711,28.2921451,81.887141,28.39233403
60306,"Landslide at Akeravir, Golanjor Rural Municipality-6",28-08-2022,86.00658019,27.24199554,86.0707097,27.32395055
60320,"Landslide at Bhursu, Naumule Rural Municipality-1",28-08-2022,81.75749088,28.86615576,81.81258286,28.95412737
60321,"Landslide at Baisari, Raghuganga Rural Municipality-2",28-08-2022,83.56164426,28.39382914,83.60132913,28.42999738
60324,"Landslide at Pangre, Hupsekot Rural Municipality-5",28-08-2022,84.01861505,27.72323528,84.15852455,27.78070915
60326,"Landslide at Pahalman, Nechasalyan Rural Municipality-6",28-08-2022,86.5493195,27.39750117,86.63123672,27.44798225
60333,Landslide at Aathbiskot Municipality-14,28-08-2022,82.27588362,28.700374,82.34649974,28.75141421
60334,"Landslide at Thamdada, Musikot Municipality-1",28-08-2022,82.43892624,28.62533206,82.50139999,28.67368779
60336,"Landslide at Saubada, Budhiganga Municipality-4",28-08-2022,81.31262182,29.35117584,81.34051694,29.39683278
60305,"Landslide at Samata, Gaurishankar Rural Municipality-7",27-08-2022,86.24934069,27.73145395,86.43868602,27.84226505
60309,"Landslide at Relpairo, Marma Rural Municipality-3",27-08-2022,80.68060008,29.69926047,80.78148885,29.73841652
60300,"Landslide at Bhadikharka, Madi Rural Municipality-6",26-08-2022,84.02113969,28.27950459,84.09221158,28.36006242
60290,"Landslide at Hadevir, Beni Municipality-2",25-08-2022,83.53181013,28.3032317,83.57962465,28.34177853
60280,"Landslide at Dinga, Rolpa Municipality-6",24-08-2022,82.52162499,28.29544236,82.60075684,28.35019528
60284,"Landslide at Pedang, Sirijangha Rural Municipality-5",24-08-2022,87.83731961,27.36120448,87.88421289,27.41343596
60286,"Landslide at Muglin, Bharatpur Metropolitan City-29",24-08-2022,84.42988955,27.71140817,84.52593657,27.82442208
60282,"Landslide at Hadevir, Beni Municipality-2",23-08-2022,83.53181013,28.3032317,83.57962465,28.34177853
60257,"Landslide at Simra, Narayan Municipality-8",21-08-2022,81.70946233,28.81285038,81.7436141,28.83460644
60248,"Landslide at Ghoptavir, Thasang Rural Municipality-4",20-08-2022,83.56684333,28.56472478,83.73690213,28.67841203
60250,"Landslide at Tarkuche, Bagmati Rural Municipality-3",20-08-2022,85.26961411,27.47745714,85.31733481,27.53936822
60251,"Landslide at Sisnari, Indrasarowar Rural Municipality-3",20-08-2022,85.16987614,27.53717899,85.26306144,27.58803727
60223,Landslide at Dullu Municipality-3,18-08-2022,81.52273213,28.82904269,81.57474498,28.88086275
60233,"Landslide at Handigaira, Pyuthan Municipality-10",18-08-2022,82.87310275,28.08541182,82.92123853,28.12705233
60235,"Landslide at EkamPhedi, Gokulganga Rural Municipality-2",18-08-2022,86.23729849,27.54510915,86.31154995,27.60530944
60211,"Landslide at Chhahara, Khandachakra Municipality-2",16-08-2022,81.57923089,29.11803003,81.61339785,29.1568121
60189,"Landslide at Jiu, Tripurasundari Municipality-3",14-08-2022,82.7547855,28.96815889,82.81231852,29.02498485
60167,"Landslide at Thuladhik, Kageshwori Manahora Municipality-1",10-08-2022,85.42474203,27.73510785,85.46956949,27.77607734
60173,"Landslide at Gagalphidi, Kageshwori Manahora Municipality-1",10-08-2022,85.42474203,27.73510785,85.46956949,27.77607734
60159,"Landslide at Buntang, Meghang Rural Municipality-2",09-08-2022,85.05963779,27.97855625,85.12416948,28.01374764
60139,"Landslide at Ranopokhari, Chautara SangachokGadhi Municipality-8",08-08-2022,85.72238073,27.71937745,85.77490552,27.76724015
60146,"Landslide at Mane Bhanjang, Jiri Municipality-9",08-08-2022,86.15132115,27.56218275,86.2021082,27.60617542
60115,"Landslide at Singa, Beni Municipality-4",07-08-2022,83.47948793,28.34059053,83.53461456,28.38051236
60121,"Landslide at Sisne, Madi Rural Municipality-3",07-08-2022,82.46375678,28.4131448,82.51923383,28.46636247
60125,"Landslide at Gadhikhola, Dhorpatan Municipality-6",07-08-2022,83.07787639,28.37496402,83.16100172,28.48099323
60130,"Landslide at Dhansi, Rolpa Municipality-10",07-08-2022,82.63861451,28.31188035,82.71498855,28.43185747
60133,"Landslide at Basantadada, Yangwarak Rural Municipality-3",07-08-2022,87.85403574,27.22381325,87.91721098,27.28659849
60135,"Landslide at Mulsam, Barekot Rural Municipality-3",07-08-2022,82.11747948,28.94916323,82.2750825,29.10996299
60106,"Landslide at Mawakha, Pathibhara Yangwarak Rural Municipality-1",06-08-2022,87.6786403,27.28561391,87.73260417,27.34968637
60110,"Landslide at Tadbasauni, Barhabise Municipality-9",06-08-2022,85.83639675,27.76107767,85.89903748,27.79966143
60111,"Landslide at Samangsu, Yangwarak Rural Municipality-3",06-08-2022,87.85403574,27.22381325,87.91721098,27.28659849
60114,"Landslide at Malma, Dhorpatan Municipality-8",06-08-2022,83.05469979,28.38808339,83.09007715,28.41313804
60120,"Landslide at Sallabote, Paribartan Rural Municipality-4",06-08-2022,82.4632919,28.49889501,82.5442497,28.55845281
60104,"Landslide at Laptang, Mahalaxmi Municipality-2",05-08-2022,87.317291,27.13602369,87.37233402,27.17376763
60105,"Landslide at Selaghat, Badimalika Municipality-9",05-08-2022,81.45398338,29.43817817,81.50356002,29.47206085
60109,"Landslide at Salghat, Badimalika Municipality-9",05-08-2022,81.45398338,29.43817817,81.50356002,29.47206085
60083,"Landslide at Aamalachaur, Sisne Rural Municipality-4",04-08-2022,82.58953921,28.62812202,82.64547925,28.68829417
60085,"Landslide at Baskot, Naubahini Rural Municipality-7",04-08-2022,82.81422564,28.18035265,82.89528291,28.23267025
60077,"Landslide at Barjhang, Yangwarak Rural Municipality-3",03-08-2022,87.85403574,27.22381325,87.91721098,27.28659849
60051,"Landslide at Roomma, Malika Rural Municipality-2",02-08-2022,83.3010751,28.35461151,83.36124614,28.40540995
60055,"Landslide at Baluwa, Gangadev Rural Municipality-7",02-08-2022,84.70227853,28.05620467,84.75389097,28.09694711
60062,"Landslide at Mahavir, Malika Rural Municipality-4",02-08-2022,83.27264338,28.40573069,83.36374103,28.4588874
60068,"Landslide at Khadagau, Talkot Rural Municipality-6",02-08-2022,81.31476231,29.54415538,81.4024576,29.60814302
60038,"Landslide at Daklang, Bhotekoshi Rural Municipality-4",01-08-2022,85.90945167,27.83949593,86.0650468,27.93561335
60040,Landslide at Bharatpur Metropolitan City-29,01-08-2022,84.42988955,27.71140817,84.52593657,27.82442208
60041,Landslide at Anbukhaireni Rural Municipality-4,01-08-2022,84.50568162,27.83176332,84.55885888,27.88690537
60045,"Landslide at Degopaten, Pokhara Lekhnath Metropolitan City-6",01-08-2022,83.92995349,28.19819753,83.9695509,28.22771392
60047,"Landslide at Dhalkepul, Pokhara Lekhnath Metropolitan City-12",01-08-2022,83.99832619,28.20403342,84.0103578,28.22608216
60050,"Landslide at Lahachullipakha, Aathbiskot Municipality-3",01-08-2022,82.41094304,28.78004175,82.47877506,28.84958484
60026,"Landslide at Kirnetawer, Tamakoshi Rural Municipality-5",31-07-2022,86.09447848,27.47411156,86.14312898,27.52160033
60034,"Landslide at Charlawang, Thawang Rural Municipality-3",31-07-2022,82.61389033,28.42111135,82.71325054,28.49499299
60035,"Landslide at Sim, Mangala Rural Municipality-1",31-07-2022,83.4463334,28.38489623,83.51387163,28.42192893
60036,"Landslide at Pangre, Hupsekot Rural Municipality-5",31-07-2022,84.01861505,27.72323528,84.15852455,27.78070915
60042,"Landslide at Surunga, Myanglung Municipality-9",31-07-2022,87.51110665,27.13417221,87.55342953,27.17405354
60043,"Landslide at Pankhukhola, Diktel Rupakot Majhuwagadhi Municipality-8",31-07-2022,86.83716886,27.19286183,86.87882171,27.2474628
60044,"Landslide at Naunibagar, Annapurna Rural Municipality-2",31-07-2022,83.572727,28.47114196,83.65522375,28.51211401
60019,"Landslide at Jamakhue, Rolpa Municipality-8",29-07-2022,82.56187545,28.3532792,82.65994254,28.43536591
60010,Landslide at Ghorahi Submetropolitan City-13,28-07-2022,82.45089801,28.04165649,82.50912692,28.1110177
60013,"Landslide at Jogimara, Sworgadwary Municipality-2",28-07-2022,82.58825752,28.10387072,82.67271641,28.18745565
60014,"Landslide at Borsaawang, Madi Rural Municipality-3",28-07-2022,82.46375678,28.4131448,82.51923383,28.46636247
60015,Landslide at Bhume Rural Municipality-1,28-07-2022,82.73535489,28.47547645,82.91211557,28.56474528
60003,"Landslide at Chanakhu, Manthali Municipality-10",27-07-2022,86.02657395,27.42450452,86.06208327,27.47715618
60012,"Landslide at Sigawa, Yangwarak Rural Municipality-4",27-07-2022,87.82428812,27.25351363,87.86185206,27.28621717
59992,"Landslide at Ranagau, Neelakantha Municipality-4",26-07-2022,84.87929005,27.87077886,84.93752041,27.91150023
60004,"Landslide at Ambote, Manthali Municipality-11",26-07-2022,86.05358885,27.41460276,86.10919864,27.47771904
60005,Landslide at Jugal Rural Municipality-2,26-07-2022,85.69277115,27.85759222,85.79686022,28.04745458
59973,"Landslide at Chughat, Tripurasundari Municipality-9",25-07-2022,82.74928837,29.02528041,82.77456079,29.04192279
59974,"Landslide at Mldhunga, Kushma Municipality-1",25-07-2022,83.60903359,28.24522521,83.65628063,28.2832876
59975,"Landslide at Bhulu, Turmakhad Rural Municipality-2",25-07-2022,81.46215669,28.81719857,81.53514114,28.8919755
59977,"Landslide at Gangetara, Chamunda Bindrasaini Municipality-7",25-07-2022,81.47799204,28.86835247,81.52936459,28.92734244
59978,"Landslide at Ghoptebhir, Thasang Rural Municipality-4",25-07-2022,83.56684333,28.56472478,83.73690213,28.67841203
59984,"Landslide at Surkeni, Falelung Rural Municipality-8",25-07-2022,87.83005433,27.15152992,87.87119788,27.19017677
59985,"Landslide at Tilpung, Likhu Tamakoshi Rural Municipality-7",25-07-2022,86.08667786,27.40485885,86.13683773,27.44696234
59988,"Landslide at Saping, Bhumlu Rural Municipality-1",25-07-2022,85.70835298,27.63405921,85.77379228,27.67799518
59990,"Landslide at Mahadeva, Dordi Rural Municipality-1",25-07-2022,84.43986146,28.1355614,84.49785041,28.160671
59982,"Landslide at Mrigetole, Melung Rural Municipality-1",24-07-2022,86.03703227,27.56063953,86.0847819,27.60929893
59958,"Landslide at Talmardi, Nashong Rural Municipality-1",23-07-2022,84.32284969,28.45203665,84.41742099,28.49570456
59960,Landslide at Ichchhyakamana Rural Municipality-5,23-07-2022,84.55685995,27.82682401,84.60442033,27.86350749
59965,"Landslide at lahare chhara, Madi Rural Municipality-3",23-07-2022,82.46375678,28.4131448,82.51923383,28.46636247
59972,"Landslide at Bhutlug, Sandakpur Rural Municipality-3",23-07-2022,87.918379,26.98809521,87.96931058,27.05214414
59937,"Landslide at Gherang, Nashong Rural Municipality-1",22-07-2022,84.32284969,28.45203665,84.41742099,28.49570456
59948,"Landslide at Laharechhahara, Madi Rural Municipality-3",22-07-2022,82.46375678,28.4131448,82.51923383,28.46636247
59957,"Landslide at chinisedhara, Gorkha Municipality-8",22-07-2022,84.60933831,27.94899369,84.65358818,27.99795529
59938,"Landslide at Khawang, Nisikhola Rural Municipality-6",21-07-2022,82.87867123,28.38619474,83.01588779,28.47967976
59941,"Landslide at Chulegum, Sinja Rural Municipality-2",21-07-2022,81.9251658,29.32316836,81.98262511,29.38174378
59942,"Landslide at Pili, Khandachakra Municipality-7",21-07-2022,81.69860999,29.10323252,81.7257489,29.18347902
59943,"Landslide at Kumalaganu, Putalibazar Municipality-3",21-07-2022,83.84876764,28.06720062,83.90400888,28.1305717
59950,"Landslide at Khoriya, Bareng Rural Municipality-1",21-07-2022,83.51021356,28.11583161,83.55588804,28.17562752
59921,"Landslide at Bhsagobari, Tribeni Rural Municipality-2",20-07-2022,82.43806,28.20999271,82.52210942,28.29868483
59927,"Landslide at JHOR, Tokha Municipality-1",20-07-2022,85.32140802,27.78650346,85.35000152,27.81518986
59908,"Landslide at Thalaunpani, Naugad Rural Municipality-2",19-07-2022,80.59766595,29.77225533,80.67592699,29.84019061
59872,"Landslide at Chamchet, Aarughat Rural Municipality-1",15-07-2022,84.86609943,28.10266066,84.97228303,28.19930809
59853,"Landslide at Chumehet, Aarughat Rural Municipality-1",13-07-2022,84.86609943,28.10266066,84.97228303,28.19930809
59863,"Landslide at Majhitole, Thulung Dudhkoshi Rural Municipality-5",13-07-2022,86.69024058,27.39441008,86.76378628,27.44122679
59847,"Landslide at Gairigaun, Siranchok Rural Municipality-6",12-07-2022,84.59819353,28.03637562,84.64961558,28.08458103
59831,Landslide at Khandachakra Municipality-1,10-07-2022,81.58593549,29.14439354,81.64214151,29.16942663
59818,"Landslide at Bhaladi, Satyawati Rural Municipality-6",09-07-2022,83.38465527,28.01728814,83.45175887,28.05789396
59819,"Landslide at Galda, Nisdi Rural Municipality-5",09-07-2022,83.86886403,27.77538111,83.92704436,27.82698378
59823,"Landslide at Sunnu, Sayal Rural Municipality-5",09-07-2022,80.93918219,29.33491028,80.99413784,29.37181869
59772,"Landslide at Dauri, Panchpuri Municipality-7",05-07-2022,81.3440245,28.83439605,81.46739882,28.91421087
59743,"Landslide at Parigaun, Naugad Rural Municipality-6",03-07-2022,80.55922368,29.72105734,80.65723322,29.78422605
59763,"Landslide at SANJHMELA, Chhedagad Municipality-6",03-07-2022,81.9358691,28.76055928,82.04326718,28.79609804
59731,"Landslide at Bangabazer, Mahakali_Darchula Municipality-4",02-07-2022,80.53824533,29.83035893,80.56623424,29.85027968
59742,"Landslide at Phadi, Kepilasagadhi Rural Municipality-1",02-07-2022,86.87486543,27.26557898,86.98533743,27.37231091
59729,"Landslide at Bidin, Falelung Rural Municipality-7",01-07-2022,87.85919084,27.12971226,87.90695175,27.18946561
59735,"Landslide at Gorunda, Umakunda Rural Municipality-2",01-07-2022,86.32431703,27.54263291,86.37790564,27.61024503
59741,Landslide at Rawa Besi Rural Municipality-6,01-07-2022,86.72156554,27.26323401,86.78719351,27.31446018
59746,"Landslide at Bakhre, Molung Rural Municipality-7",01-07-2022,86.39243565,27.37794251,86.4568274,27.43604303
59680,"Landslide at Gairigau, Sotang Rural Municipality-5",29-06-2022,86.77404484,27.46455107,86.80653614,27.52405128
59681,"Landslide at Mahabir, Dharmadevi Municipality-1",29-06-2022,87.38628839,27.17701893,87.47011382,27.22812213
59683,"Landslide at Salte, Chhathar Jorpati Rural Municipality-2",29-06-2022,87.33544518,27.02736478,87.39285243,27.08378357
59694,"Landslide at Jaluke, Malika Rural Municipality-3",29-06-2022,83.07784822,28.22362764,83.14125892,28.25780429
59700,"Landslide at Khedok, Falelung Rural Municipality-5",29-06-2022,87.89164032,27.13084115,87.9962879,27.18826236
59652,"Landslide at Majhgaun, Butwal Submetropolitan City-11",28-06-2022,83.44611801,27.66611724,83.46511812,27.70370962
59654,"Landslide at Simara, Krishnanagar Municipality-1",28-06-2022,82.78220381,27.49658608,82.83698622,27.53489552
59666,"Landslide at Lata, Kuse Rural Municipality-8",28-06-2022,82.07018439,28.88126291,82.17947737,28.99558114
59669,"Landslide at Milanchong, Butwal Submetropolitan City-9",28-06-2022,83.46037347,27.68256868,83.46528571,27.69914727
59686,"Landslide at Liwang, Gaumukhi Rural Municipality-6",28-06-2022,82.9384969,28.1911649,82.99710545,28.21759964
59690,"Landslide at Khutuki, Umakunda Rural Municipality-6",28-06-2022,86.21283493,27.49380262,86.281209,27.54937926
59626,"Landslide at Dillikote, Mahawai Rural Municipality-4",26-06-2022,81.72325831,29.01026454,81.782088,29.06891074
59630,"Landslide at Bamdi, Pokhara Lekhnath Metropolitan City-23",26-06-2022,83.79838744,28.19404441,83.93526207,28.26697324
59631,Landslide at Machhapuchchhre Rural Municipality-5,26-06-2022,83.87983137,28.31371155,83.92496633,28.35949734
59632,"Landslide at Phusre, Annapurna Rural Municipality-1",26-06-2022,83.85840284,28.25483801,83.88442302,28.2914855
59634,Landslide at Machhapuchchhre Rural Municipality-4,26-06-2022,83.90419719,28.29277993,83.93968064,28.33482204
59639,Landslide at Naukunda Rural Municipality-4,26-06-2022,85.25837196,27.96515143,85.3076946,27.99557954
59615,"Landslide at Hemja, Pokhara Lekhnath Metropolitan City-25",25-06-2022,83.8760082,28.24710108,83.96900173,28.30152432
59616,Landslide at Pokhara Lekhnath Metropolitan City-24,25-06-2022,83.87614638,28.22786264,83.93447913,28.27866305
59617,Landslide at Pokhara Lekhnath Metropolitan City-23,25-06-2022,83.79838744,28.19404441,83.93526207,28.26697324
59618,"Landslide at Sirpali, Annapurna Rural Municipality-1",25-06-2022,83.85840284,28.25483801,83.88442302,28.2914855
59622,"Landslide at SALGHARI, Pokhara Lekhnath Metropolitan City-16",25-06-2022,83.95783759,28.24083912,84.04342608,28.32767169
59638,"Landslide at Ghumle, Madi Rural Municipality-12",25-06-2022,84.10851985,28.18917934,84.19362512,28.21855703
59561,"Landslide at Samekham, Meringden Rural Municipality-4",20-06-2022,87.56033062,27.39133232,87.61972065,27.42751077
59578,Landslide at Chichila Rural Municipality-1,20-06-2022,87.21093798,27.4375345,87.27077426,27.49240934
59579,"Landslide at Mamankhe, Sirijangha Rural Municipality-6",20-06-2022,87.8120328,27.3973038,87.8839144,27.46401683
59581,"Landslide at Patigaun, Belbari Municipality-1",20-06-2022,87.41017843,26.65887906,87.46419333,26.71867479
59535,"Landslide at Charkilo, Ichchhyakamana Rural Municipality-6",18-06-2022,84.49429017,27.77624768,84.58991335,27.83920784
59542,"Landslide at Chisapani, Besishahar Municipality-2",18-06-2022,84.36647011,28.16741736,84.4070697,28.22007887
59543,"Landslide at Baglungpani, Kwholasothar Rural Municipality-1",18-06-2022,84.29885148,28.22017614,84.33581542,28.2594843
59546,"Landslide at Purankot, Besishahar Municipality-4",18-06-2022,84.31603788,28.17459513,84.3713769,28.20784003
59548,"Landslide at Borangkhola, Rainas Municipality-1",18-06-2022,84.52634413,28.10413027,84.55449973,28.13911549
59553,"Landslide at Taku, Phaktanglung Rural Municipality-2",18-06-2022,87.65197062,27.43371812,87.72122095,27.49857595
59510,"Landslide at Okhle, Pathibhara Yangwarak Rural Municipality-4",17-06-2022,87.7620584,27.29209539,87.80443381,27.33217148
59514,"Landslide at Chichila Bajar, Chichila Rural Municipality-1",17-06-2022,87.21093798,27.4375345,87.27077426,27.49240934
59551,"Landslide at Yangpang, Sirijangha Rural Municipality-5",17-06-2022,87.83731961,27.36120448,87.88421289,27.41343596
59552,"Landslide at Mamankhe, Sirijangha Rural Municipality-6",17-06-2022,87.8120328,27.3973038,87.8839144,27.46401683
59518,"Landslide at Thyampu, Sidingba Rural Municipality-7",16-06-2022,87.88518449,27.34127501,88.03985179,27.43869182
59525,Landslide at Sirijangha Rural Municipality-6,16-06-2022,87.8120328,27.3973038,87.8839144,27.46401683
59485,Landslide at Netrawati Dabjong Rural Municipality-1,15-06-2022,84.92008082,28.00038689,84.99090156,28.03111331
59487,"Landslide at Sallaghari, Gangajamuna Rural Municipality-6",15-06-2022,84.83704174,28.07379326,84.89605999,28.1226605
59493,"Landslide at SAKHAR, Anbukhaireni Rural Municipality-4",15-06-2022,84.50568162,27.83176332,84.55885888,27.88690537
59461,"Landslide at Golphinbesi, Bhimphedi Rural Municipality-3",14-06-2022,85.06928295,27.47573873,85.12836157,27.53452593
59473,"Landslide at Thalang, Sirijangha Rural Municipality-1",14-06-2022,87.79869039,27.29233282,87.84782176,27.32698997
59427,"Landslide at Daunne, Paribartan Rural Municipality-5",12-06-2022,82.52400873,28.47499499,82.59785029,28.52670634
59464,"Landslide at Raneda, Gaumul Rural Municipality-2",12-06-2022,81.39753699,29.50612733,81.46195634,29.64556527
59398,"Landslide at Ghimire Gaun, Tripura Sundari Rural Municipality-5",10-06-2022,84.85056878,28.00058704,84.88718193,28.04192633
59425,"Landslide at Beltakura, Simta Rural Municipality-8",10-06-2022,81.90022194,28.47199164,81.97091998,28.53664046
59457,"Landslide at Ladari Bhanjyang, Bhanu Municipality-10",10-06-2022,84.39058152,28.07924833,84.45248997,28.12107529
59401,"Landslide at syala, Galkot Municipality-3",09-06-2022,83.39491946,28.17905736,83.44417312,28.22024222
59404,"Landslide at Rengil, Sanni Tribeni Rural Municipality-1",09-06-2022,81.58032272,29.15848506,81.61739922,29.18493946
59449,"Landslide at Sitala, Naraharinath Rural Municipality-9",09-06-2022,81.49474521,29.14454012,81.5531435,29.16921478
59452,"Landslide at kiureni, Palungtar Municipality-6",09-06-2022,84.45228281,27.96487834,84.50868997,28.03312155
59408,"Landslide at Bhandar khola, Bareng Rural Municipality-2",08-06-2022,83.468855,28.11331795,83.51642103,28.17891567
59410,"Landslide at Kamul, Galkot Municipality-1",08-06-2022,83.45092952,28.17387426,83.51380371,28.23916936
59365,"Landslide at Anglung, Madane Rural Municipality-6",04-06-2022,83.04952084,28.10676591,83.11175998,28.16689495
59341,"Landslide at Nundjhaki, Chichila Rural Municipality-1",01-06-2022,87.21093798,27.4375345,87.27077426,27.49240934
59327,Landslide at Mahakulung Rural Municipality-4,30-05-2022,86.82875976,27.42982278,86.96293148,27.518076
59310,"Landslide at charkiol, Ichchhyakamana Rural Municipality-6",27-05-2022,84.49429017,27.77624768,84.58991335,27.83920784
59125,"Landslide at Bibirapani, Pokhara Lekhnath Metropolitan City-28",05-05-2022,84.04293186,28.1875692,84.14779633,28.22395123
59033,"Landslide at Rajime , Bhumekasthan Municipality-1",29-04-2022,82.96065705,28.00792182,83.01346029,28.08969631
58889,"Landslide at Kacal, Tinau Rural Municipality-1",19-04-2022,83.34019258,27.73476553,83.42347712,27.82062833
58541,"Landslide at Jagatthali, Khanikhola Rural Municipality-4",24-03-2022,85.50163521,27.36859334,85.54313757,27.40866695
58322,"Landslide at Bhangtar, Dharmadevi Municipality-6",08-03-2022,87.28147639,27.20908807,87.3270924,27.25474227
58337,"Landslide at Phulbari, Sundarbazar Municipality-9",08-03-2022,84.41962758,28.12918908,84.44361343,28.15101579
58230,"Landslide at Aasapuri, Banepa Municipality-14",26-02-2022,85.46025219,27.60987941,85.50228973,27.64191186
57888,"Landslide at chorkhla, Kapurkot Rural Municipality-3",26-01-2022,82.31186426,28.20588696,82.36927237,28.26005258
57892,"Landslide at gomggang, Aamachhodingmo Rural Municipality-5",26-01-2022,85.21011397,28.17409523,85.35093593,28.30247684
57851,"Landslide at Lamidada, Katari Municipality-14",22-01-2022,86.36568193,27.1078772,86.43814447,27.17993974
57798,"Landslide at Linjo, Rubi Valley Rural Municipality-1",13-01-2022,85.10231064,28.11917198,85.20439043,28.33812601
56903,"Landslide at Bata, Himali Rural Municipality-4",21-10-2021,81.72593363,29.54110952,81.79901692,29.5988989
56904,"Landslide at Paruwa, Purchaudi Municipality-6",21-10-2021,80.7100197,29.52997671,80.77692632,29.58652972
56912,"Landslide at Bhanu, Phungling Municipality-2",21-10-2021,87.62259815,27.3530886,87.65797315,27.37944847
56916,"Landslide at Sunkhola, Alital Rural Municipality-8",21-10-2021,80.42849775,29.08280232,80.50026005,29.13175434
56805,"Landslide at Nageshwari, Dharan Submetropolitan City-13",20-10-2021,87.28067238,26.82709135,87.30940869,26.85394241
56806,"Landslide at yotha, Mahawai Rural Municipality-2",20-10-2021,81.73131303,29.01193091,82.01943239,29.11120991
56807,Landslide at Shikhar Municipality-2,20-10-2021,80.77682938,29.15458593,80.91028983,29.24746269
56808,Landslide at Shikhar Municipality-2,20-10-2021,80.77682938,29.15458593,80.91028983,29.24746269
56828,Landslide at Bungal Municipality-6,20-10-2021,80.82092081,29.60120713,80.97616938,29.73552606
56856,"Landslide at patal, Khaptad Chhededaha Rural Municipality-5",20-10-2021,81.2504817,29.38701737,81.32879773,29.45993203
56857,"Landslide at khesang, Pauwadungma Rural Municipality-6",20-10-2021,87.11096534,27.04360598,87.19133386,27.10470422
56875,"Landslide at pasalbagar, Khaptadchhanna Rural Municipality-4",20-10-2021,81.13488068,29.439999,81.20085972,29.48158353
56877,"Landslide at kaklukheti, Khaptad Chhededaha Rural Municipality-5",20-10-2021,81.2504817,29.38701737,81.32879773,29.45993203
56883,"Landslide at arkhala, Bulingtar Rural Municipality-4",20-10-2021,84.12885965,27.75305529,84.1959518,27.84652107
56888,Landslide at Ganayapdhura Rural Municipality-2,20-10-2021,80.65327381,29.25018646,80.69012455,29.31239708
56889,Landslide at Bhageshwar Rural Municipality-4,20-10-2021,80.41660546,29.25586454,80.55667846,29.33700875
56893,"Landslide at siradi, Badimalika Municipality-3",20-10-2021,81.45475338,29.46021606,81.54432416,29.53396215
56902,Landslide at Dogadakedar Rural Municipality-2,20-10-2021,80.52788607,29.5482896,80.58746173,29.60980481
56906,Landslide at Purchaudi Municipality-6,20-10-2021,80.7100197,29.52997671,80.77692632,29.58652972
56940,"Landslide at Subakot, Bithadchir Rural Municipality-7",20-10-2021,80.81706487,29.4655261,80.86795853,29.52696915
56952,"Landslide at Betini, Maijogmai Rural Municipality-3",20-10-2021,87.98217672,26.90586601,88.04030728,26.94830112
56956,"Landslide at Jilgau, Suryodaya Municipality-3",20-10-2021,88.06507783,26.90566773,88.11898704,26.96120681
56958,"Landslide at Lutimaya, Deumai Municipality-2",20-10-2021,87.79976504,26.95015674,87.85971266,27.01445811
56959,Landslide at Biratnagar Metropolitan City-12,20-10-2021,87.24543396,26.42102145,87.27761473,26.44982608
56962,Landslide at Bhokraha Rural Municipality-7,20-10-2021,87.09617326,26.54069095,87.12247208,26.5969844
56963,Landslide at Itahari Submetropolitan City-2,20-10-2021,87.27120495,26.67540034,87.30452035,26.73753285
56803,"Landslide at Bhatkada, Ganayapdhura Rural Municipality-1",19-10-2021,80.60140098,29.17639142,80.70678194,29.28068797
56813,Landslide at JayaPrithivi Municipality-3,19-10-2021,81.19288762,29.50438992,81.22595868,29.55675287
56815,Landslide at JayaPrithivi Municipality-9,19-10-2021,81.1645849,29.53185315,81.19691111,29.55787796
56817,Landslide at Chainpur Municipality-11,19-10-2021,87.19712998,27.227227,87.26533961,27.30412029
56818,Landslide at JayaPrithivi Municipality-2,19-10-2021,81.20777678,29.50073594,81.22684494,29.53587994
56820,"Landslide at Mulpani, Chaubise Rural Municipality-1",19-10-2021,87.50683592,26.85700228,87.58011195,26.88919819
56832,"Landslide at Tadipate, Amargadhi Municipality-1",19-10-2021,80.59700231,29.25407225,80.65816501,29.30960741
56833,"Landslide at Bistapali, Surnaya Rural Municipality-5",19-10-2021,80.56295374,29.48352759,80.6378394,29.55263875
56835,Landslide at Aadarsha Rural Municipality-1,19-10-2021,80.90787641,29.29639688,80.96351368,29.3488715
56837,"Landslide at Barbata, Shikhar Municipality-11",19-10-2021,80.75733239,29.28529872,80.85417381,29.36373548
56838,Landslide at Jorayal Rural Municipality-3,19-10-2021,80.65458931,29.09289771,80.7777763,29.19492887
56839,"Landslide at khirejagatol, Bhajani Municipality-8",19-10-2021,81.00144447,28.455454,81.04728491,28.51862125
56840,"Landslide at Saigada, Jorayal Rural Municipality-4",19-10-2021,80.61290531,29.01981215,80.72290081,29.18342854
56841,"Landslide at pikhu, Khatyad Rural Municipality-4",19-10-2021,81.85111193,29.50513679,81.90780263,29.56524426
56842,"Landslide at Kharegaun, Kharpunath Rural Municipality-5",19-10-2021,81.84988572,29.87153299,82.23786807,30.34967921
56845,Landslide at Shivanath Rural Municipality-5,19-10-2021,80.33610341,29.37566193,80.39135384,29.43977263
56846,Landslide at Ganayapdhura Rural Municipality-3,19-10-2021,80.68494406,29.27636536,80.75259226,29.31887655
56848,Landslide at Budhiganga Municipality-6,19-10-2021,81.32051576,29.34796181,81.35125997,29.37146007
56849,"Landslide at Nawalpur, Jorayal Rural Municipality-3",19-10-2021,80.65458931,29.09289771,80.7777763,29.19492887
56878,"Landslide at upallagaum, Bogtan Rural Municipality-5",19-10-2021,80.88502798,29.07555144,80.98552462,29.13292567
56879,Landslide at Sayal Rural Municipality-4,19-10-2021,80.97873071,29.32836655,81.04695749,29.37898395
56880,"Landslide at pataliwada, Raskot Municipality-8",19-10-2021,81.64588679,29.23044771,81.68245022,29.2512904
56881,Landslide at Kharpunath Rural Municipality-4,19-10-2021,81.779972,29.90082653,81.87585435,29.95854815
56913,Landslide at Falgunanda Rural Municipality-4,19-10-2021,87.73621781,27.01286451,87.80488068,27.05054954
56914,Landslide at Phidim Municipality-13,19-10-2021,87.82452632,27.07695953,87.91731495,27.136112
56922,Landslide at Miklajung Rural Municipality-7,19-10-2021,87.56671887,26.85989671,87.62065219,26.93152607
56923,Landslide at Miklajung Rural Municipality-4,19-10-2021,87.64192864,26.90229184,87.70631946,26.9524402
56924,Landslide at Phidim Municipality-6,19-10-2021,87.73427171,27.06875231,87.7886365,27.10662486
56925,Landslide at Miklajung Rural Municipality-1,19-10-2021,87.64624655,26.97002956,87.71213173,27.01689448
56926,Landslide at Falgunanda Rural Municipality-3,19-10-2021,87.75375544,27.02960222,87.84482525,27.06724315
56927,Landslide at Miklajung Rural Municipality-5,19-10-2021,87.64266591,26.8716948,87.69826977,26.91423606
56928,Landslide at Kummayak Rural Municipality-2,19-10-2021,87.6039589,27.00524187,87.69263601,27.04917706
56934,Landslide at Miklajung Rural Municipality-2,19-10-2021,87.62903976,26.94655001,87.68724502,27.0143092
56951,Landslide at Illam Municipality-12,19-10-2021,87.86322238,26.87229975,87.91259276,26.92240266
56953,"Landslide at Tengepur, Fakphokthum Rural Municipality-1",19-10-2021,87.70473307,26.97061477,87.7779888,27.02138616
56954,"Landslide at Chisopani, Mangsebung Rural Municipality-6",19-10-2021,87.64613071,26.81595745,87.72277393,26.88108348
56955,"Landslide at Salleri, Fakphokthum Rural Municipality-3",19-10-2021,87.700168,26.9449062,87.7608586,26.98126358
56957,"Landslide at Melbote, Suryodaya Municipality-3",19-10-2021,88.06507783,26.90566773,88.11898704,26.96120681
56964,"Landslide at Khairekhola, Dharan Submetropolitan City-20",19-10-2021,87.19872123,26.8085857,87.30669772,26.8787981
56965,Landslide at Itahari Submetropolitan City-5,19-10-2021,87.24786602,26.66385937,87.27338483,26.68403374
56968,Landslide at Sayal Rural Municipality-1,19-10-2021,80.87863481,29.36041829,80.96360051,29.44572757
56970,"Landslide at Dhikla, Thalara Rural Municipality-4",19-10-2021,80.95208982,29.40802568,81.00519816,29.46732044
56982,"Landslide at Gauradi, K I Singh Rural Municipality-4",19-10-2021,80.93126423,29.12755605,80.9859529,29.19924303
56804,"Landslide at Boharatole, Bithadchir Rural Municipality-5",18-10-2021,80.79609224,29.51103899,80.83620513,29.53736345
56826,"Landslide at Badha gau, Mahakali_Darchula Municipality-2",18-10-2021,80.57477105,29.79245635,80.63642596,29.8394364
56969,Landslide at Sayal Rural Municipality-5,18-10-2021,80.93918219,29.33491028,80.99413784,29.37181869
56720,"Landslide at gulfa, Marma Rural Municipality-5",29-09-2021,80.72728701,29.74285389,80.7673085,29.79401943
56697,"Landslide at Aadhimuhan, Kaligandagi Rural Municipality-7",26-09-2021,83.57016748,27.92935264,83.60308578,27.96165052
56660,"Landslide at Thumka, Resunga Municipality-8",22-09-2021,83.24449275,28.05775762,83.29158105,28.08673102
56664,"Landslide at Mohorai, Resunga Municipality-10",22-09-2021,83.21907266,28.00788207,83.27310586,28.05999406
56652,"Landslide at Chamarya, Gaumul Rural Municipality-1",21-09-2021,81.43507757,29.511634,81.57276609,29.69247101
56656,"Landslide at Gard Ransi, Bheri Municipality-2",21-09-2021,82.1492109,28.70072364,82.23393368,28.80792466
56657,Landslide at Sanni Tribeni Rural Municipality-8,21-09-2021,81.52921137,29.29032047,81.58023444,29.35791753
56579,"Landslide at Melkhani, Chhedagad Municipality-11",08-09-2021,82.05676644,28.70537059,82.10446884,28.76732297
56575,"Landslide at sunthakhani, Gokarneshwor Municipality-3",07-09-2021,85.37728475,27.74411815,85.40332188,27.78696138
56551,"Landslide at Dhadsirke, Nalgaad Municipality-5",06-09-2021,82.25526156,28.79142783,82.30758041,28.87473048
56552,"Landslide at Bamla, Rolpa Municipality-10",06-09-2021,82.63861451,28.31188035,82.71498855,28.43185747
56557,"Landslide at Ghimiregau, Banepa Municipality-2",06-09-2021,85.50094832,27.65703346,85.53985396,27.69431913
56563,"Landslide at Dulalgau, Banepa Municipality-2",06-09-2021,85.50094832,27.65703346,85.53985396,27.69431913
56546,"Landslide at Gyankhola, Musikot Municipality-7",05-09-2021,82.49072662,28.5947495,82.55962939,28.62730427
56573,"Landslide at saphithug, Phaktanglung Rural Municipality-6",05-09-2021,87.71183495,27.49151796,88.20166777,27.90595938
56511,"Landslide at Ambote, Modi Rural Municipality-5",03-09-2021,83.69071859,28.2618179,83.73803622,28.29539048
56521,"Landslide at Durlung, Kushma Municipality-3",03-09-2021,83.6577311,28.23778257,83.72242489,28.27304481
56523,"Landslide at Simli, Kushma Municipality-11",03-09-2021,83.70921482,28.20787628,83.74545707,28.24950921
56529,"Landslide at Bhirkatari, Bareng Rural Municipality-3",03-09-2021,83.43620667,28.1250861,83.48848533,28.17519011
56541,"Landslide at Yakhopcha, Meringden Rural Municipality-5",03-09-2021,87.52279122,27.42408313,87.61531963,27.46163509
56505,"Landslide at Bhalam, Pokhara Lekhnath Metropolitan City-20",02-09-2021,83.98406781,28.23823211,84.06271572,28.29426743
56509,Landslide at Pokhara Lekhnath Metropolitan City-11,02-09-2021,83.99176907,28.21092117,84.02758147,28.24396613
56494,"Landslide at dalla, Dunhu Rural Municipality-5",01-09-2021,80.60351323,29.84849454,80.67254948,29.89728406
56495,"Landslide at Hayaya, Golanjor Rural Municipality-6",01-09-2021,86.00658019,27.24199554,86.0707097,27.32395055
56514,"Landslide at bhamalam, Pokhara Lekhnath Metropolitan City-20",01-09-2021,83.98406781,28.23823211,84.06271572,28.29426743
56480,"Landslide at phatpur, Suryagadhi Rural Municipality-2",31-08-2021,85.2204938,27.93880759,85.2617394,27.97451381
56488,"Landslide at jhandrek, Panini Rural Municipality-7",31-08-2021,83.16155413,27.89818307,83.22386601,27.95675681
56447,"Landslide at dalla, Dunhu Rural Municipality-5",30-08-2021,80.60351323,29.84849454,80.67254948,29.89728406
56457,"Landslide at baspani, Dunhu Rural Municipality-1",30-08-2021,80.57150872,29.89306285,80.64297479,29.93541411
56458,"Landslide at hatiya, Ribdikot Rural Municipality-4",30-08-2021,83.46186688,27.82201396,83.49327091,27.88281471
56479,"Landslide at kaule, Kakani Rural Municipality-2",30-08-2021,85.21729682,27.77146248,85.26950044,27.81578363
56440,"Landslide at katunje, Roshi Rural Municipality-7",29-08-2021,85.65658035,27.49204222,85.70005909,27.5391629
56450,"Landslide at ramdi, Galyang Municipality-1",29-08-2021,83.62097384,27.89856761,83.66725597,27.93428281
56451,"Landslide at pakpa, Barahtal Rural Municipality-2",29-08-2021,81.4395865,28.54974384,81.54667299,28.64822466
56453,"Landslide at dumaredanda , Tansen Municipality-8",29-08-2021,83.51426341,27.79386793,83.56208978,27.83458233
56492,"Landslide at thada gholcjer, Marma Rural Municipality-1",29-08-2021,80.79986202,29.68723145,80.98814987,29.79815406
56427,"Landslide at Dogade, Godawari_Kailali Municipality-4",28-08-2021,80.55125732,28.81272513,80.67586452,28.95699078
56428,"Landslide at Chaudandi, Kedarseu Rural Municipality-5",28-08-2021,80.85879323,29.52292834,80.91125251,29.57326548
56374,"Landslide at Matillo Char, Hupsekot Rural Municipality-4",27-08-2021,84.04777179,27.68118015,84.12831313,27.7386686
56383,"Landslide at Milan Choke, Katari Municipality-2",27-08-2021,86.26151994,26.90294449,86.33465857,26.96361262
56371,"Landslide at Salmatole, Shadananda Municipality-6",26-08-2021,87.13835982,27.32189219,87.19277732,27.38201514
56388,"Landslide at Ulje, Jorayal Rural Municipality-2",26-08-2021,80.52625086,29.04777162,80.63425736,29.11889297
56361,"Landslide at Nimri, Rolpa Municipality-7",25-08-2021,82.53527737,28.33717498,82.60276644,28.37763722
56366,"Landslide at Mainakhola, Gurans Rural Municipality-1",25-08-2021,81.54650297,28.70901329,81.60211192,28.76489696
56325,"Landslide at Phulib, Sunchhahari Rural Municipality-1",21-08-2021,82.76730089,28.36306616,82.89305545,28.47877272
56317,"Landslide at phandra, Bhimphedi Rural Municipality-3",20-08-2021,85.06928295,27.47573873,85.12836157,27.53452593
56318,Landslide at Alital Rural Municipality-1,20-08-2021,80.51218744,29.12901668,80.61973082,29.20269425
56328,"Landslide at Thumlung, Salpasilichho Rural Municipality-6",20-08-2021,86.92383559,27.30559675,87.0314638,27.38880814
56302,"Landslide at kodadha, Naukunda Rural Municipality-5",19-08-2021,85.22698258,27.97129495,85.26579624,27.99583819
56303,Landslide at Naubahini Rural Municipality-5,19-08-2021,82.84838921,28.20109223,82.91611939,28.27688017
56305,"Landslide at kaldharu, Belkotgadhi Municipality-5",19-08-2021,85.01203182,27.80948964,85.07394325,27.84116398
56310,"Landslide at OKharpauwa, Kakani Rural Municipality-5",19-08-2021,85.23665033,27.80510771,85.28998479,27.84746614
56314,"Landslide at kalipula, Jaljala Rural Municipality-3",19-08-2021,83.56649231,28.3394372,83.57928627,28.35664177
56326,"Landslide at Chumling, Chum Nubri Rural Municipality-6",19-08-2021,84.90067824,28.40261702,85.05749106,28.6015297
56269,"Landslide at Pakhresiude, Kailash Rural Municipality-8",15-08-2021,84.87579292,27.59741758,84.93411863,27.65122503
56270,"Landslide at Dumredanda, Airawati Rural Municipality-1",15-08-2021,82.93309724,27.91994069,83.01779002,27.993583
56281,"Landslide at Pachhawang, Bhume Rural Municipality-8",15-08-2021,82.59097737,28.52429547,82.65100988,28.58495385
56250,Landslide at Tadi Rural Municipality-6,14-08-2021,85.2629664,27.91511236,85.29474642,27.95584637
56245,"Landslide at Dubidada, Runtigadi Rural Municipality-5",13-08-2021,82.50177102,28.13151685,82.56436529,28.21098775
56255,"Landslide at Maidan, Panini Rural Municipality-5",13-08-2021,83.19519764,27.81340154,83.25893011,27.92410454
56236,"Landslide at Patakharka, Malika Rural Municipality-2",12-08-2021,83.13299372,28.22677388,83.17423267,28.27085004
56237,"Landslide at Pokhregaun, Changunarayan Municipality-4",12-08-2021,85.40998049,27.70370935,85.45524012,27.72805063
56254,Landslide at Tatopani Rural Municipality-7,12-08-2021,82.01638725,29.11465433,82.13722559,29.21866367
56230,"Landslide at Chudarikhola, Mallarani Rural Municipality-1",11-08-2021,82.92631913,28.0719665,83.00259265,28.11055947
56217,"Landslide at Hedbox , Tinau Rural Municipality-3",10-08-2021,83.46107837,27.70502737,83.5877999,27.78384995
56285,Landslide at Gosaikunda Rural Municipality-4,10-08-2021,85.39967219,28.1292885,85.80022256,28.38628458
56189,"Landslide at Lokpa, Chum Nubri Rural Municipality-6",05-08-2021,84.90067824,28.40261702,85.05749106,28.6015297
56190,"Landslide at Kharkhare, Musikot Municipality-3",05-08-2021,82.42033361,28.61920941,82.45119708,28.64656944
56172,"Landslide at siddhibaba, Tinau Rural Municipality-3",02-08-2021,83.46107837,27.70502737,83.5877999,27.78384995
56176,"Landslide at Migu, Swami Kartik Rural Municipality-5",02-08-2021,81.73995403,29.45358115,81.80822212,29.50537157
56177,"Landslide at Khatigaun, Sukidaha Rural Municipality-1",02-08-2021,82.40209055,28.3625893,82.45875686,28.42464704
56150,"Landslide at Bandre, Bidur Municipality-1",30-07-2021,85.14626984,27.91426425,85.18043978,27.93730012
56151,"Landslide at Doblam, Doramba Rural Municipality-7",30-07-2021,85.84706699,27.53172329,85.89717826,27.56858418
56163,"Landslide at Thingdanda, Indrasarowar Rural Municipality-3",30-07-2021,85.16987614,27.53717899,85.26306144,27.58803727
56137,"Landslide at saipatug, Bhume Rural Municipality-2",29-07-2021,82.68872626,28.52755114,82.77583387,28.58996609
56152,"Landslide at Pinkhuri, Khadadevi Rural Municipality-9",29-07-2021,85.98394935,27.44042975,86.01760654,27.48381716
56127,"Landslide at Kuduha, Gaumul Rural Municipality-2",28-07-2021,81.39753699,29.50612733,81.46195634,29.64556527
56136,"Landslide at halig, Madi Rural Municipality-6",28-07-2021,82.5101461,28.33898502,82.55738078,28.38714705
56142,"Landslide at kabharrukha, Naraharinath Rural Municipality-6",28-07-2021,81.51318828,29.16468787,81.55885616,29.19224352
56122,Landslide at Bhotekoshi Rural Municipality-4,26-07-2021,85.90945167,27.83949593,86.0650468,27.93561335
56109,"Landslide at Gurung Gau, Shivapuri Rural Municipality-6",25-07-2021,85.31817426,27.81611241,85.3646988,27.86367342
56111,"Landslide at Chhepatta, Dilasaini Rural Municipality-2",25-07-2021,80.66613667,29.66857904,80.72025223,29.7061392
56095,"Landslide at Hulma, Khandachakra Municipality-2",23-07-2021,81.57923089,29.11803003,81.61339785,29.1568121
56088,"Landslide at Suvang, Hilihang Rural Municipality-5",22-07-2021,87.74922777,27.18840676,87.83633645,27.23227042
56093,"Landslide at Jalkani, Udayapurgadhi Rural Municipality-4",22-07-2021,86.5233461,26.93749714,86.59374577,26.99461875
56099,Landslide at Mapya Dudhkoshi Rural Municipality-6,22-07-2021,86.69085329,27.47399798,86.73850444,27.54104477
56100,"Landslide at basali, Budhiganga Municipality-3",22-07-2021,81.34469768,29.37297837,81.37268238,29.39719545
56073,"Landslide at Shikerbashi, Dupcheshwar Rural Municipality-7",21-07-2021,85.36756876,27.94514299,85.40585569,27.99220377
56077,Landslide at Mapya Dudhkoshi Rural Municipality-7,21-07-2021,86.70197873,27.50128256,86.7884177,27.61668245
56086,Landslide at Thulung Dudhkoshi Rural Municipality-3,21-07-2021,86.62718957,27.36443965,86.68349633,27.40934808
56090,"Landslide at Gangate, Bangad Kupinde Municipality-11",21-07-2021,81.96040891,28.39539402,82.02428695,28.46401767
56048,"Landslide at Minangtole, Baudikali Rural Municipality-1",18-07-2021,84.07693243,27.81398706,84.11346822,27.86195861
56060,"Landslide at Majhuwa, Shadananda Municipality-10",18-07-2021,87.0607726,27.28515848,87.138287,27.32676131
56098,"Landslide at Bhusinga, Khijidemba Rural Municipality-8",18-07-2021,86.35926968,27.46035205,86.42677475,27.51820722
56032,"Landslide at Dumre, Tinau Rural Municipality-6",16-07-2021,83.42121669,27.7618229,83.52347326,27.82948042
56034,"Landslide at Hadepakha, Baglung Municipality-3",16-07-2021,83.5607641,28.26117428,83.59802741,28.28200229
56014,"Landslide at Ralpa, Byas Rural Municipality-2",15-07-2021,80.67141451,29.90478862,80.87427805,30.05692449
56019,"Landslide at Hemja, Pokhara Lekhnath Metropolitan City-25",15-07-2021,83.8760082,28.24710108,83.96900173,28.30152432
56018,"Landslide at Khalbang, Nisikhola Rural Municipality-5",14-07-2021,82.93974525,28.35126084,83.05387882,28.47539905
55990,"Landslide at Gaudepul, Tansen Municipality-8",12-07-2021,83.51426341,27.79386793,83.56208978,27.83458233
55970,"Landslide at Kauradi Gaitola, Sayal Rural Municipality-1",11-07-2021,80.87863481,29.36041829,80.96360051,29.44572757
55985,Landslide at Halesi Tuwachung Municipality-11,11-07-2021,86.67033655,27.0883669,86.75116851,27.18809898
55958,"Landslide at Jungu, Gaurishankar Rural Municipality-2",10-07-2021,86.12293139,27.65663405,86.17834585,27.71804947
55959,"Landslide at Kharanitar, Tadi Rural Municipality-3",10-07-2021,85.29983029,27.91449587,85.32917871,27.9590878
55962,"Landslide at Olina, Badimalika Municipality-4",10-07-2021,81.38292922,29.39765425,81.41646701,29.42817459
55963,"Landslide at Javamire, Naugad Rural Municipality-3",10-07-2021,80.60989517,29.76101403,80.6870403,29.7954546
55972,"Landslide at Chithang, Bhimeshwor Municipality-6",10-07-2021,86.0238686,27.6549382,86.04935858,27.68614545
55950,"Landslide at Kalanki, Kathmandu Metropolitan City-14",09-07-2021,85.27726332,27.67923036,85.30259164,27.69945114
55961,Landslide at Thulung Dudhkoshi Rural Municipality-9,09-07-2021,86.71636504,27.40628085,86.81451012,27.46310341
55919,"Landslide at Majhkot, Rhishing Rural Municipality-8",08-07-2021,84.12549646,27.91327669,84.17240183,27.96693773
55925,"Landslide at Gittikhani, Tinau Rural Municipality-5",08-07-2021,83.51409168,27.75758885,83.59757539,27.80687861
55933,"Landslide at Dadhiban, Rhishing Rural Municipality-7",08-07-2021,84.1494566,27.88319884,84.22260152,27.95947021
55938,"Landslide at Chautara, Ruru Rural Municipality-4",08-07-2021,83.37321082,27.96868995,83.4277201,28.01869814
55947,"Landslide at Bhirgaun, Sandakpur Rural Municipality-3",08-07-2021,87.918379,26.98809521,87.96931058,27.05214414
55948,"Landslide at Mudhabas, Nisdi Rural Municipality-4",08-07-2021,83.86023772,27.726716,83.9449731,27.79939552
55949,"Landslide at Baghmara, Pokhara Lekhnath Metropolitan City-33",08-07-2021,83.99886013,28.07774099,84.08898476,28.1611827
55904,"Landslide at Pogram, Tara Khola Rural Municipality-2",07-07-2021,83.4134355,28.26760695,83.48382633,28.3302471
55905,"Landslide at Ghusmeli, Taman Khola Rural Municipality-1",07-07-2021,83.17679877,28.3807207,83.26261848,28.44772382
55912,"Landslide at Ratamata, Tara Khola Rural Municipality-3",07-07-2021,83.35657942,28.25506095,83.43073512,28.30749191
55914,"Landslide at Stupa, Pokhara Lekhnath Metropolitan City-22",07-07-2021,83.85662209,28.16845151,83.96825552,28.2245708
55923,"Landslide at Simle, Khandbari Municipality-1",07-07-2021,87.18690053,27.36949776,87.22564595,27.39014847
55937,"Landslide at Jamir, Naugad Rural Municipality-3",07-07-2021,80.60989517,29.76101403,80.6870403,29.7954546
55942,"Landslide at Tintale, Sandakpur Rural Municipality-4",07-07-2021,87.94634196,27.01150627,88.02203327,27.10500961
55953,"Landslide at Gusmeli, Tara Khola Rural Municipality-3",07-07-2021,83.35657942,28.25506095,83.43073512,28.30749191
55907,"Landslide at Dobilla, Kushma Municipality-8",06-07-2021,83.68789447,28.21889581,83.71692693,28.25348002
55908,"Landslide at Mungling, Bharatpur Metropolitan City-29",06-07-2021,84.42988955,27.71140817,84.52593657,27.82442208
55890,"Landslide at Bot Gaun, Sabhapokhari Rural Municipality-2",05-07-2021,87.2530428,27.40197581,87.30689905,27.45123107
55891,"Landslide at Tenchhong, Silichong Rural Municipality-1",05-07-2021,86.94016531,27.43607156,87.10605395,27.54182217
55872,"Landslide at Banchare, Tadi Rural Municipality-5",04-07-2021,85.28026132,27.91252927,85.30618931,27.95037817
55873,"Landslide at Kubinde, Triyuga Municipality-15",04-07-2021,86.68873709,26.86937606,86.76811032,26.94506296
55880,"Landslide at Gurunda, Umakunda Rural Municipality-2",04-07-2021,86.32431703,27.54263291,86.37790564,27.61024503
55892,Landslide at Aathrai Tribeni Rural Municipality-1,04-07-2021,87.6159486,27.26818444,87.68281705,27.29368683
55895,"Landslide at Solaban, Mapya Dudhkoshi Rural Municipality-6",04-07-2021,86.69085329,27.47399798,86.73850444,27.54104477
55845,"Landslide at Yarang, Bhanu Municipality-10",03-07-2021,84.39058152,28.07924833,84.45248997,28.12107529
55860,"Landslide at Pipalamod, Dhunibesi Municipality-9",03-07-2021,85.16085109,27.68066954,85.20003829,27.7333521
55861,"Landslide at Taraling, Raksirang Rural Municipality-9",03-07-2021,84.80011665,27.62441495,84.8950095,27.69248658
55866,"Landslide at Padhere, Pokhara Lekhnath Metropolitan City-6",03-07-2021,83.92995349,28.19819753,83.9695509,28.22771392
55802,"Landslide at Gauriphat, Bhanu Municipality-8",02-07-2021,84.42895621,28.03780606,84.47762645,28.07414927
55811,Landslide at Dharan Submetropolitan City-13,02-07-2021,87.28067238,26.82709135,87.30940869,26.85394241
55812,"Landslide at Setibagar, Tyamkemaiyung Rural Municipality-1",02-07-2021,86.9474207,27.2243996,87.04974088,27.31350753
55831,"Landslide at Jewang Khola, Benighat Rorang Rural Municipality-10",02-07-2021,84.61831846,27.75116753,84.69701866,27.82530765
55832,"Landslide at Chhaling, Changunarayan Municipality-5",02-07-2021,85.43337872,27.68247022,85.4771421,27.72081055
55846,"Landslide at Upallo gorahe, Siranchok Rural Municipality-7",02-07-2021,84.60037612,28.05248085,84.66234,28.1120124
55848,"Landslide at Purano di, Sundarbazar Municipality-4",02-07-2021,84.353254,28.14415422,84.38554841,28.17681066
55849,"Landslide at Chhakdole, Kathmandu Metropolitan City-5",02-07-2021,85.32953698,27.71129085,85.34109117,27.72149922
55850,"Landslide at Charimara, Raksirang Rural Municipality-7",02-07-2021,84.74270025,27.61497931,84.81752769,27.68696243
55764,"Landslide at Dhorpheri, Shuklagandaki Municipality-9",01-07-2021,83.99791866,28.03940948,84.06969053,28.08879784
55765,"Landslide at Tamung, Bandipur Rural Municipality-3",01-07-2021,84.36045538,27.89135032,84.4125219,27.9495901
55778,"Landslide at pahire, Kamalamai Municipality-8",01-07-2021,85.82975461,27.11294797,85.96767302,27.22194459
55781,"Landslide at Chhap, Changunarayan Municipality-4",01-07-2021,85.40998049,27.70370935,85.45524012,27.72805063
55782,"Landslide at Jinakhu, Dudhouli Municipality-12",01-07-2021,86.20787511,27.05628582,86.30218759,27.13066185
55785,"Landslide at Patneri, Bhimad Municipality-7",01-07-2021,84.04307352,27.97928944,84.08945217,28.01033264
55786,Landslide at Myagde Rural Municipality-5,01-07-2021,84.08153226,27.96523919,84.1325974,28.02371682
55787,"Landslide at Dhorpheri, Shuklagandaki Municipality-9",01-07-2021,83.99791866,28.03940948,84.06969053,28.08879784
55788,"Landslide at Chhirkane, Vyas Municipality-12",01-07-2021,84.30478124,27.96064588,84.36867701,27.99512086
55789,"Landslide at Garambesi, Rainas Municipality-7",01-07-2021,84.45567351,28.05557512,84.48815563,28.09720018
55790,"Landslide at Tilahar, MadhyaNepal Municipality-4",01-07-2021,84.22192359,28.0787394,84.26281505,28.12692446
55791,"Landslide at Parkhaltole, Rapti Municipality-12",01-07-2021,84.67807656,27.64730912,84.78191328,27.69827642
55793,"Landslide at Danetar, Kalika Municipality-11",01-07-2021,84.61988251,27.66201006,84.69337736,27.7258388
55794,"Landslide at Lyamhu, Khumbupasanglahmu Rural Municipality-1",01-07-2021,86.69523657,27.57218792,86.81490808,27.66747427
55796,"Landslide at Sitagupha, Pokhara Lekhnath Metropolitan City-32",01-07-2021,84.07856731,28.09158862,84.128229,28.15324364
55800,"Landslide at Pahadi, Shuklagandaki Municipality-8",01-07-2021,84.03612472,28.01133012,84.08710303,28.06909152
55804,"Landslide at Bijulidanda, Palungtar Municipality-2",01-07-2021,84.51418036,28.01604247,84.56384918,28.07959778
55806,"Landslide at Chhapthoik, Palungtar Municipality-4",01-07-2021,84.47127817,28.00982181,84.52806361,28.05814991
55826,Landslide at Sidingba Rural Municipality-3,01-07-2021,87.86670113,27.28085946,87.93882394,27.32832061
55747,"Landslide at Dhawang, Rolpa Municipality-10",29-06-2021,82.63861451,28.31188035,82.71498855,28.43185747
55752,"Landslide at Saharsha, Kushma Municipality-1",29-06-2021,83.60903359,28.24522521,83.65628063,28.2832876
55762,"Landslide at Baipa, Sirijangha Rural Municipality-5",29-06-2021,87.83731961,27.36120448,87.88421289,27.41343596
55736,"Landslide at Chuwa, Kushma Municipality-8",28-06-2021,83.68789447,28.21889581,83.71692693,28.25348002
55745,"Landslide at Nayapul, Annapurna Rural Municipality-5",28-06-2021,83.76159031,28.27517187,83.8139654,28.30051798
55728,Landslide at Kapurkot Rural Municipality-3,27-06-2021,82.31186426,28.20588696,82.36927237,28.26005258
55729,"Landslide at Pandrang, Bhimphedi Rural Municipality-3",27-06-2021,85.06928295,27.47573873,85.12836157,27.53452593
55696,"Landslide at Lugai, Simta Rural Municipality-1",24-06-2021,81.88689211,28.61034841,82.04052565,28.64527266
55697,"Landslide at Lampata, Tila Rural Municipality-1",24-06-2021,81.91057168,29.20053206,81.94717004,29.23104404
55681,"Landslide at Dangdung, Rolpa Municipality-7",23-06-2021,82.53527737,28.33717498,82.60276644,28.37763722
55692,"Landslide at Tallo Namli, Rolpa Municipality-8",23-06-2021,82.56187545,28.3532792,82.65994254,28.43536591
55677,"Landslide at Hwama, Rolpa Municipality-9",22-06-2021,82.59941879,28.31172608,82.66100667,28.42333486
55664,Landslide at Yangwarak Rural Municipality-2,21-06-2021,87.91464307,27.23430714,88.08022931,27.43835354
55660,"Landslide at Malbela, Mahakali_Darchula Municipality-4",20-06-2021,80.53824533,29.83035893,80.56623424,29.85027968
55661,"Landslide at Yamdi, Pokhara Lekhnath Metropolitan City-1",20-06-2021,83.97030973,28.23521631,83.99479643,28.25076196
55662,"Landslide at Ghopte Bhir, Thasang Rural Municipality-4",20-06-2021,83.56684333,28.56472478,83.73690213,28.67841203
55636,"Landslide at Jalbire, Ichchhyakamana Rural Municipality-6",19-06-2021,84.49429017,27.77624768,84.58991335,27.83920784
55643,"Landslide at Khanma, Simta Rural Municipality-9",19-06-2021,81.86656878,28.5011831,81.94739669,28.57985809
55647,"Landslide at Sirkholasaina, Dipayal Silgadi Municipality-1",19-06-2021,80.84702865,29.25582951,80.92911232,29.30822469
55650,"Landslide at Chitre Bazar, Bhotekoshi Rural Municipality-2",19-06-2021,85.87551965,27.93584496,85.97864221,28.05345347
55627,"Landslide at Tangle, Byas Rural Municipality-6",18-06-2021,80.56978007,29.90060604,80.60545039,29.93249426
55629,"Landslide at Pangre, Hupsekot Rural Municipality-5",18-06-2021,84.01861505,27.72323528,84.15852455,27.78070915
55632,"Landslide at Gokuleshwar, Marma Rural Municipality-3",18-06-2021,80.68060008,29.69926047,80.78148885,29.73841652
55640,"Landslide at Rajada, Talkot Rural Municipality-6",18-06-2021,81.31476231,29.54415538,81.4024576,29.60814302
55642,"Landslide at Sahu Khola, Simta Rural Municipality-8",18-06-2021,81.90022194,28.47199164,81.97091998,28.53664046
55656,"Landslide at Gadura, Gaumul Rural Municipality-4",18-06-2021,81.37478245,29.45330698,81.42206448,29.4962278
55658,"Landslide at Muktikot, Swami Kartik Rural Municipality-1",18-06-2021,81.7092391,29.37404651,81.76723563,29.44390028
55612,"Landslide at Sakindhara, Malarani Rural Municipality-6",17-06-2021,83.04537411,28.06484337,83.09962285,28.11162913
55624,"Landslide at Molfa, Khandachakra Municipality-6",17-06-2021,81.66834232,29.10430631,81.71459749,29.1729549
55625,"Landslide at Jadinge, Dipayal Silgadi Municipality-5",17-06-2021,80.94506316,29.23300123,80.9869041,29.27776943
55626,Landslide at Rapti Sonari Rural Municipality-2,17-06-2021,81.76489266,28.03224096,82.02039551,28.23270609
55580,"Landslide at Karadi, Galyang Municipality-8",16-06-2021,83.70302898,27.94183699,83.73561084,27.97813048
55585,"Landslide at Pairabari, Baglung Municipality-7",16-06-2021,83.5358158,28.26617891,83.57890759,28.30053576
55593,"Landslide at Anahagadh, K I Singh Rural Municipality-3",16-06-2021,80.9751048,29.1606345,81.02322157,29.22229816
55598,"Landslide at Lekhidhunga, Patrasi Rural Municipality-2",16-06-2021,82.33550382,29.29556267,82.57191374,29.49361835
55601,"Landslide at Hasara, Satyawati Rural Municipality-5",16-06-2021,83.43573548,28.0093573,83.491938,28.05665188
55613,"Landslide at Mulka, Kaligandaki Rural Municipality-3",16-06-2021,83.52361944,28.00155213,83.57811452,28.04468123
55615,"Landslide at Bhirkuna, Tara Khola Rural Municipality-5",16-06-2021,83.30216681,28.29539982,83.4035499,28.37153721
55528,"Landslide at Kharekhola, Sarumarani Rural Municipality-4",15-06-2021,82.79514874,27.94016678,82.86755313,28.01079696
55532,"Landslide at Sapru, Gosaikunda Rural Municipality-5",15-06-2021,85.2987473,28.07194274,85.49534097,28.18202276
55534,"Landslide at SetiKhola, Madi Rural Municipality-2",15-06-2021,84.07477553,28.2669835,84.278703,28.53946202
55535,"Landslide at Deurali, Bhimphedi Rural Municipality-6",15-06-2021,85.07844549,27.53293926,85.17224389,27.58717137
55536,"Landslide at Shyaphru, Gosaikunda Rural Municipality-5",15-06-2021,85.2987473,28.07194274,85.49534097,28.18202276
55537,"Landslide at Tilakhang, Benighat Rorang Rural Municipality-10",15-06-2021,84.61831846,27.75116753,84.69701866,27.82530765
55538,"Landslide at bagkhola, Chandrakot Rural Municipality-8",15-06-2021,83.32852189,28.06476003,83.39289737,28.11335475
55540,"Landslide at Dauune, Binayee Tribeni Rural Municipality-2",15-06-2021,83.78989787,27.54499343,83.88548843,27.63904017
55541,"Landslide at Charang, Devdaha Municipality-10",15-06-2021,83.4886387,27.65340036,83.56098926,27.72955071
55542,"Landslide at Sagurce, Ruru Rural Municipality-2",15-06-2021,83.41941071,27.94642542,83.47389103,27.99601757
55543,"Landslide at Gauri Khutta, Chandrakot Rural Municipality-5",15-06-2021,83.4474775,28.07911688,83.50908576,28.11935691
55544,"Landslide at Purano Khajvang, Chatrakot Rural Municipality-5",15-06-2021,83.29899659,27.94772628,83.3554346,27.99616423
55545,"Landslide at Sera, Bagnaskali Rural Municipality-4",15-06-2021,83.60339588,27.87016424,83.64549849,27.90134968
55546,"Landslide at Humin, Rambha Rural Municipality-4",15-06-2021,83.63211513,27.80911966,83.70533103,27.84422073
55547,"Landslide at Baichhap, Purbakhola Rural Municipality-1",15-06-2021,83.78033733,27.78350943,83.89314935,27.84902309
55548,"Landslide at Baribeni, Jaljala Rural Municipality-3",15-06-2021,83.56649231,28.3394372,83.57928627,28.35664177
55549,"Landslide at malmul, Ribdikot Rural Municipality-2",15-06-2021,83.41765412,27.87262927,83.47869954,27.91295827
55556,"Landslide at Kanchalikhola, JayaPrithivi Municipality-7",15-06-2021,81.11289788,29.50154502,81.1628776,29.56441362
55558,Landslide at Tansen Municipality-8,15-06-2021,83.51426341,27.79386793,83.56208978,27.83458233
55562,"Landslide at Chisapani, Vyas Municipality-13",15-06-2021,84.27320707,27.91653128,84.34516541,27.97028626
55563,"Landslide at Siraule, Harinas Rural Municipality-4",15-06-2021,83.94203576,27.94365617,83.99247543,28.00689729
55567,"Landslide at Sarangkot, Pokhara Lekhnath Metropolitan City-18",15-06-2021,83.91965585,28.21677441,83.98254054,28.2600801
55570,"Landslide at Silangthok, Ribdikot Rural Municipality-4",15-06-2021,83.46186688,27.82201396,83.49327091,27.88281471
55572,"Landslide at ota, Sukidaha Rural Municipality-1",15-06-2021,82.40209055,28.3625893,82.45875686,28.42464704
55575,"Landslide at Hilebajar, Malarani Rural Municipality-9",15-06-2021,82.99301915,28.05618457,83.04417872,28.11400328
55576,"Landslide at Phutwang, Sandhikharka Municipality-3",15-06-2021,83.12181387,27.95607984,83.14036169,27.98788996
55577,"Landslide at Basdanda, Rainadevi Chhahara Rural Municipality-5",15-06-2021,83.38673308,27.86391938,83.42001999,27.90347001
55522,"Landslide at Gaganea, Subha Kalika Rural Municipality-1",14-06-2021,81.56181514,29.06285707,81.58446408,29.10803711
55523,"Landslide at Gargare, Tribeni Rural Municipality-7",14-06-2021,82.45709216,28.27980745,82.53942176,28.34806514
55526,Landslide at Panchadewal Binayak Municipality-4,14-06-2021,81.40018826,29.02589806,81.46255005,29.07812904
55529,"Landslide at Aahalkhola, Bagnaskali Rural Municipality-4",14-06-2021,83.60339588,27.87016424,83.64549849,27.90134968
55504,"Landslide at Kharekhola, Sarumarani Rural Municipality-4",13-06-2021,82.79514874,27.94016678,82.86755313,28.01079696
55511,"Landslide at Bhageshwori, Tribeni Rural Municipality-2",13-06-2021,82.43806,28.20999271,82.52210942,28.29868483
55513,"Landslide at Bhalupayad, Putalibazar Municipality-2",13-06-2021,83.87327619,28.06283304,83.91934134,28.09682021
55515,"Landslide at Chuwa, Kushma Municipality-8",13-06-2021,83.68789447,28.21889581,83.71692693,28.25348002
55518,"Landslide at Amkot, Budhiganga Municipality-1",13-06-2021,81.35611311,29.3895507,81.39393168,29.41972593
55503,"Landslide at Checkpost, Kapurkot Rural Municipality-3",12-06-2021,82.31186426,28.20588696,82.36927237,28.26005258
55505,"Landslide at Dampind Side, Sandhikharka Municipality-3",12-06-2021,83.12181387,27.95607984,83.14036169,27.98788996
55494,"Landslide at GokuleshworLatinath, Marma Rural Municipality-3",11-06-2021,80.68060008,29.69926047,80.78148885,29.73841652
55486,"Landslide at Rodidewal, Pancheshwar Rural Municipality-6",10-06-2021,80.30942176,29.456793,80.35809472,29.49450712
55476,"Landslide at Khirne, Kamalamai Municipality-12",06-06-2021,85.96619615,27.15597707,86.07807137,27.23297929
55450,"Landslide at Naunibager, Annapurna Rural Municipality-2",02-06-2021,83.572727,28.47114196,83.65522375,28.51211401
55442,Landslide at Thawang Rural Municipality-2,01-06-2021,82.65673337,28.44182553,82.73207503,28.5238428
55432,"Landslide at Gargare, Bhimphedi Rural Municipality-8",31-05-2021,85.18190701,27.45424567,85.26155758,27.53718931
55434,"Landslide at Pangre, Hupsekot Rural Municipality-5",30-05-2021,84.01861505,27.72323528,84.15852455,27.78070915
55416,"Landslide at Nirmal tole, Vyas Municipality-1",29-05-2021,84.27175879,27.96310795,84.31498009,27.99009219
55428,"Landslide at Swyara, Pokhara Lekhnath Metropolitan City-22",29-05-2021,83.85662209,28.16845151,83.96825552,28.2245708
55412,"Landslide at Samdin, Phidim Municipality-2",28-05-2021,87.74041552,27.10718381,87.77387488,27.14776453
55413,"Landslide at kalimati, Tinau Rural Municipality-5",28-05-2021,83.51409168,27.75758885,83.59757539,27.80687861
55415,"Landslide at Dana, Annapurna Rural Municipality-3",28-05-2021,83.57384955,28.50137914,83.6605092,28.5899958
55421,Landslide at Barah Municipality-1,28-05-2021,87.14211362,26.8062183,87.21343853,26.87822947
55423,"Landslide at makre, Naubahini Rural Municipality-8",28-05-2021,82.82754139,28.15517304,82.88977181,28.20331717
55368,"Landslide at Amarkot, Budhiganga Municipality-1",20-05-2021,81.35611311,29.3895507,81.39393168,29.41972593
55370,Landslide at Purchaudi Municipality-6,20-05-2021,80.7100197,29.52997671,80.77692632,29.58652972
55318,"Landslide at Khadikhola, Khandachakra Municipality-3",11-05-2021,81.59616676,29.12503132,81.62810558,29.15080887
55324,"Landslide at Jumlivir, Gurbhakot Municipality-3",11-05-2021,81.93112256,28.37753336,81.98985543,28.45137078
55306,"Landslide at Kafaldada, Lungri Rural Municipality-7",09-05-2021,82.77121648,28.28957624,82.85597008,28.34840049
55252,"Landslide at Bihanikhola, Khandachakra Municipality-5",02-05-2021,81.63860442,29.10650948,81.68509251,29.15746656
55239,"Landslide at Silkhubasi, Champadevi Rural Municipality-3",01-05-2021,86.23536312,27.27964943,86.31430408,27.32057462
55028,"Landslide at Battisjure, Kerabari Rural Municipality-2",22-04-2021,87.42606303,26.818422,87.51106914,26.87353775
54971,"Landslide at Sukekhola, Naugad Rural Municipality-6",19-04-2021,80.55922368,29.72105734,80.65723322,29.78422605
53479,"Landslide at Gha GAu, Punarbas Municipality-4",06-01-2021,80.42452043,28.63453325,80.45226781,28.6612737
53178,"Landslide at Sange, Marsyangdi Rural Municipality-8",06-12-2020,84.36061175,28.25766301,84.41131394,28.30269413
53159,"Landslide at Leta, Thasang Rural Municipality-3",05-12-2020,83.56141213,28.60395336,83.6226578,28.67182698
53117,"Landslide at Nagma, Tilagufa Municipality-1",29-11-2020,81.86512604,29.18367693,81.91074042,29.22739423
52886,"Landslide at tinpiple, Panchkhal Municipality-3",13-11-2020,85.60284416,27.65185872,85.63618662,27.68026516
52812,"Landslide at Sakhuwa, Bulingtar Rural Municipality-3",04-11-2020,84.16998771,27.76711363,84.21384194,27.85248784
48522,"Landslide at Gothatar, Kageshwori Manahora Municipality-8",02-10-2020,85.36718311,27.70556851,85.38301842,27.71825268
48509,"Landslide at Dalchauki, Konjyosom Rural Municipality-3",30-09-2020,85.30774163,27.51869223,85.34783832,27.54093108
48492,"Landslide at Damrikhola, Mandavi Rural Municipality-1",28-09-2020,82.74033492,28.00271893,82.80880572,28.0428368
48429,"Landslide at Khoplasi, Raksirang Rural Municipality-5",25-09-2020,84.80268919,27.54416841,84.87446657,27.58396057
48430,"Landslide at Nabbe, Galyang Municipality-1",25-09-2020,83.62097384,27.89856761,83.66725597,27.93428281
48443,"Landslide at Kolubung, Falelung Rural Municipality-2",25-09-2020,87.87176463,27.18403265,87.90752515,27.24453202
48448,"Landslide at Duda, Pokhara Lekhnath Metropolitan City-30",25-09-2020,84.06257151,28.12524542,84.09396963,28.18333182
48382,"Landslide at Gautamdada, Kaligandagi Rural Municipality-4",24-09-2020,83.53189904,27.93854212,83.57981723,27.97682696
48383,"Landslide at Tamadi, Waling Municipality-14",24-09-2020,83.68851131,27.97857342,83.7475617,28.05074504
48384,"Landslide at Chailung, Dordi Rural Municipality-5",24-09-2020,84.48770059,28.18135263,84.55873615,28.23867022
48389,"Landslide at Foxingcoat, Rambha Rural Municipality-2",24-09-2020,83.65845282,27.84943783,83.72775001,27.90596868
48390,"Landslide at Surungadada, Rambha Rural Municipality-2",24-09-2020,83.65845282,27.84943783,83.72775001,27.90596868
48391,"Landslide at Ghining Basi, Chaubise Rural Municipality-2",24-09-2020,87.48556541,26.8710038,87.53179781,26.93390019
48405,"Landslide at Kerauli, Mathagadhi Rural Municipality-4",24-09-2020,83.62175107,27.75491416,83.71573458,27.81365256
48406,"Landslide at Khapring Khola, Pyuthan Municipality-8",24-09-2020,82.87148478,28.11925909,82.91112597,28.17331444
48409,"Landslide at Pahira, Shivaraj Municipality-1",24-09-2020,82.80351391,27.65611555,82.9183395,27.79578598
48417,Landslide at Binayee Tribeni Rural Municipality-2,24-09-2020,83.78989787,27.54499343,83.88548843,27.63904017
48418,"Landslide at Tamadi, Waling Municipality-14",24-09-2020,83.68851131,27.97857342,83.7475617,28.05074504
48431,"Landslide at Tamadi, Waling Municipality-14",24-09-2020,83.68851131,27.97857342,83.7475617,28.05074504
48434,Landslide at Sitganga Municipality-10,24-09-2020,82.89540586,27.79581385,83.02658096,27.88095838
48363,"Landslide at Muskan Choke, Phidim Municipality-2",23-09-2020,87.74041552,27.10718381,87.77387488,27.14776453
48364,"Landslide at Salle, Dharmadevi Municipality-2",23-09-2020,87.36884899,27.1829235,87.40113295,27.23468781
48368,"Landslide at Derali, Indrasarowar Rural Municipality-2",23-09-2020,85.13133756,27.55483781,85.20522155,27.61652729
48369,"Landslide at Pharse, Jaljala Rural Municipality-8",23-09-2020,83.60019346,28.26690645,83.642002,28.30405941
48372,"Landslide at Bagisatbise, Malarani Rural Municipality-5",23-09-2020,83.06536415,28.02215486,83.12415251,28.06578748
48378,"Landslide at Pangdurdol, Bagmati Rural Municipality-3",23-09-2020,85.26961411,27.47745714,85.31733481,27.53936822
48380,"Landslide at Baskot, Kanthekhola Rural Municipality-2",23-09-2020,83.50749353,28.26656013,83.53990549,28.31621342
48381,"Landslide at Malung, Galyang Municipality-1",23-09-2020,83.62097384,27.89856761,83.66725597,27.93428281
48393,"Landslide at Sanring, Mangsebung Rural Municipality-1",23-09-2020,87.69413302,26.88375876,87.77975105,26.92669844
48360,"Landslide at Ratchaur, Isma Rural Municipality-2",21-09-2020,83.19963107,28.12346215,83.2535169,28.17901852
48349,"Landslide at Arkha, Gaumukhi Rural Municipality-2",18-09-2020,83.02779068,28.25474134,83.09264561,28.32473187
48302,"Landslide at Khanigau, Mahalaxmi Municipality-4",16-09-2020,87.26315507,27.14242295,87.31538994,27.19048524
48311,"Landslide at Dunja, Mikwakhola Rural Municipality-1",16-09-2020,87.61772051,27.3769125,87.65597312,27.42021979
48294,Landslide at Khandbari Municipality-1,15-09-2020,87.18690053,27.36949776,87.22564595,27.39014847
48282,"Landslide at Siesuwa, Phalebas Municipality-4",14-09-2020,83.64571469,28.17537127,83.68760202,28.20285694
48286,"Landslide at Kurgha, Phalebas Municipality-10",14-09-2020,83.63654851,28.11306889,83.67247972,28.14986117
48270,Landslide at Barhabise Municipality-7,13-09-2020,85.82042581,27.81558429,85.88279778,27.91826035
48271,"Landslide at Binamera, Jaimini Municipality-5",13-09-2020,83.60170465,28.1488636,83.64394402,28.18074628
48272,"Landslide at Tunibote, Jaimini Municipality-1",13-09-2020,83.58525846,28.17526582,83.64748654,28.22108431
48276,"Landslide at Khani, Maiwakhola Rural Municipality-2",13-09-2020,87.52515003,27.29111621,87.58057097,27.37405191
48263,"Landslide at Goganpani, Naubahini Rural Municipality-7",12-09-2020,82.81422564,28.18035265,82.89528291,28.23267025
48264,"Landslide at Aite, Lungri Rural Municipality-1",12-09-2020,82.79454482,28.25568602,82.90411799,28.32866496
48265,"Landslide at Shukrabare, Khandbari Municipality-10",12-09-2020,87.12390028,27.3857362,87.17317567,27.43165936
48279,"Landslide at Sallu, Bigu Rural Municipality-1",12-09-2020,86.07927822,27.81742183,86.29998206,28.17417557
48258,"Landslide at Nigalpani, Badigad Rural Municipality-10",11-09-2020,83.09357093,28.25015715,83.14393114,28.29479524
48260,"Landslide at Darbare, Dullu Municipality-1",11-09-2020,81.55220297,28.77903774,81.59568774,28.84926865
48262,"Landslide at Chirkhuwa, Silichong Rural Municipality-2",11-09-2020,86.96312922,27.47206477,87.09440917,27.5718751
48259,"Landslide at Khoriyapani, Pokhara Lekhnath Metropolitan City-24",10-09-2020,83.87614638,28.22786264,83.93447913,28.27866305
48232,"Landslide at Brahchok, Rupa Rural Municipality-6",08-09-2020,84.10972254,28.12881499,84.18445057,28.17626761
48235,"Landslide at Lapilang, Kalinchok Rural Municipality-5",08-09-2020,86.08317556,27.72648784,86.14740261,27.7613873
48242,"Landslide at Rajabase, Udayapurgadhi Rural Municipality-6",08-09-2020,86.47641752,26.83138183,86.54514727,26.93192362
48227,"Landslide at Dakling, Bhotekoshi Rural Municipality-4",07-09-2020,85.90945167,27.83949593,86.0650468,27.93561335
48231,"Landslide at Upallodagadi, Dhorpatan Municipality-6",07-09-2020,83.07787639,28.37496402,83.16100172,28.48099323
48233,"Landslide at Dahadea, Panchakhapan Municipality-9",07-09-2020,87.34682134,27.34586151,87.44290123,27.4064984
48238,"Landslide at Birautopokhari, Pokhara Lekhnath Metropolitan City-31",07-09-2020,84.07388755,28.14764211,84.14455258,28.19959499
48223,Landslide at Sirijangha Rural Municipality-4,06-09-2020,87.80770447,27.35085322,87.86137413,27.39860793
48212,"Landslide at Sarankot, Pokhara Lekhnath Metropolitan City-18",04-09-2020,83.91965585,28.21677441,83.98254054,28.2600801
48207,"Landslide at Besikhet, Pokhara Lekhnath Metropolitan City-19",03-09-2020,83.9326458,28.25616285,83.98265562,28.30704901
48193,"Landslide at Sunkhani, Kalinchok Rural Municipality-7",01-09-2020,86.09587881,27.68882708,86.15069382,27.7221072
48175,Landslide at Naraharinath Rural Municipality-6,31-08-2020,81.51318828,29.16468787,81.55885616,29.19224352
48177,"Landslide at Pancha, Khandbari Municipality-6",31-08-2020,87.21756135,27.38003502,87.25753883,27.44603978
48172,"Landslide at Namga, Tilagufa Municipality-1",30-08-2020,81.86512604,29.18367693,81.91074042,29.22739423
48145,"Landslide at Daklang, Bhotekoshi Rural Municipality-4",26-08-2020,85.90945167,27.83949593,86.0650468,27.93561335
48122,"Landslide at Arnake, Dhorpatan Municipality-1",25-08-2020,83.15847688,28.3164858,83.1862113,28.33854047
48117,"Landslide at Dhusan, Sundarbazar Municipality-10",23-08-2020,84.30846717,28.14201877,84.34951412,28.16996376
48097,"Landslide at Supatodkey, Sukidaha Rural Municipality-4",21-08-2020,82.40533028,28.47466952,82.44501277,28.52877568
48102,"Landslide at Namli, Rolpa Municipality-8",21-08-2020,82.56187545,28.3532792,82.65994254,28.43536591
48081,"Landslide at Tindhara, Banepa Municipality-3",20-08-2020,85.51351181,27.6473191,85.56383195,27.69401765
48083,"Landslide at Phopli, Naubahini Rural Municipality-8",20-08-2020,82.82754139,28.15517304,82.88977181,28.20331717
48087,"Landslide at Damargau, Aathbiskot Municipality-10",20-08-2020,82.36310822,28.72952271,82.44589245,28.78316267
48088,"Landslide at Adubari, Musikot Municipality-9",20-08-2020,82.47915254,28.56226133,82.52750236,28.59848867
48089,"Landslide at Kalimati, Tribeni Rural Municipality-4",20-08-2020,82.40495779,28.52458114,82.43491243,28.56465449
48098,"Landslide at Dalsing, Sukidaha Rural Municipality-4",20-08-2020,82.40533028,28.47466952,82.44501277,28.52877568
48099,"Landslide at Dang, Madi Rural Municipality-5",20-08-2020,82.50522142,28.37648237,82.58757148,28.43590643
48100,"Landslide at Basekhole, Tribeni Rural Municipality-4",20-08-2020,82.40495779,28.52458114,82.43491243,28.56465449
48104,"Landslide at Silbang, Thawang Rural Municipality-3",20-08-2020,82.61389033,28.42111135,82.71325054,28.49499299
48121,"Landslide at Khumbase, Rolpa Municipality-8",20-08-2020,82.56187545,28.3532792,82.65994254,28.43536591
48053,"Landslide at gairigau, Thantikandh Rural Municipality-4",19-08-2020,81.52724328,28.99136617,81.5981338,29.05367825
48057,"Landslide at Midigau, Bungal Municipality-5",19-08-2020,80.83383986,29.54336766,80.86398929,29.60380806
48058,"Landslide at Bankada, Khaptad Chhededaha Rural Municipality-5",19-08-2020,81.2504817,29.38701737,81.32879773,29.45993203
48070,"Landslide at Madagau, Surnaya Rural Municipality-5",19-08-2020,80.56295374,29.48352759,80.6378394,29.55263875
48072,"Landslide at Meldhungram, Surnaya Rural Municipality-4",19-08-2020,80.54525164,29.51950273,80.59641049,29.55417445
48073,"Landslide at Gandra, Simta Rural Municipality-1",19-08-2020,81.88689211,28.61034841,82.04052565,28.64527266
48075,"Landslide at Purano Buspark, Sharada Municipality-2",19-08-2020,82.15771375,28.36491464,82.19647547,28.39426746
48082,"Landslide at Gharbasa, Rolpa Municipality-8",19-08-2020,82.56187545,28.3532792,82.65994254,28.43536591
48085,"Landslide at Lamdhara, Malarani Rural Municipality-6",19-08-2020,83.04537411,28.06484337,83.09962285,28.11162913
48090,"Landslide at Malkot, Naraharinath Rural Municipality-6",19-08-2020,81.51318828,29.16468787,81.55885616,29.19224352
48114,"Landslide at Chauke, Naraharinath Rural Municipality-5",19-08-2020,81.46806659,29.21508749,81.57832089,29.31563232
48038,"Landslide at Rasuwagadhi, Gosaikunda Rural Municipality-2",17-08-2020,85.35805086,28.21724254,85.55786646,28.33702908
48039,"Landslide at Taldada, Nashong Rural Municipality-1",17-08-2020,84.32284969,28.45203665,84.41742099,28.49570456
48040,"Landslide at Khaniyaghat, Jaljala Rural Municipality-8",17-08-2020,83.60019346,28.26690645,83.642002,28.30405941
48026,"Landslide at Medangfedung, Gosaikunda Rural Municipality-3",16-08-2020,85.34167317,28.15107955,85.43920571,28.23202002
48027,Landslide at Thasang Rural Municipality-4,16-08-2020,83.56684333,28.56472478,83.73690213,28.67841203
48017,"Landslide at Karigau, Nisikhola Rural Municipality-5",15-08-2020,82.93974525,28.35126084,83.05387882,28.47539905
48020,"Landslide at Liuksing, Bhotekoshi Rural Municipality-4",15-08-2020,85.90945167,27.83949593,86.0650468,27.93561335
48021,"Landslide at Dharkhaka, Nisikhola Rural Municipality-3",15-08-2020,83.00058833,28.31882034,83.0880331,28.37955316
48023,"Landslide at Kumalukhola, Aathabis Municipality-1",15-08-2020,81.43111464,28.91197509,81.52117315,28.97699845
48005,"Landslide at Lidi, Jugal Rural Municipality-2",14-08-2020,85.69277115,27.85759222,85.79686022,28.04745458
48012,"Landslide at Dhari, Naraharinath Rural Municipality-1",14-08-2020,81.55616421,29.12616544,81.59021156,29.18239483
48013,Landslide at Subha Kalika Rural Municipality-5,14-08-2020,81.61408056,29.06059259,81.66232295,29.11774063
47998,"Landslide at Neupanetole, Jaimini Municipality-3",13-08-2020,83.50883543,28.17365725,83.56731371,28.21542412
48006,"Landslide at Gaurigau, Thaha Municipality-12",13-08-2020,85.04266791,27.67349247,85.12038251,27.71226699
48008,"Landslide at Naku, Mahawai Rural Municipality-3",13-08-2020,81.74964784,28.97101191,82.01317165,29.07340815
48014,"Landslide at Veer, Naugad Rural Municipality-5",13-08-2020,80.64047847,29.72388168,80.69510601,29.77111069
47984,"Landslide at Guthitar, Dhankuta Municipality-9",12-08-2020,87.27153577,26.91729493,87.33440438,26.98292159
47990,"Landslide at Budhakot, Badikedar Rural Municipality-5",12-08-2020,80.89316687,29.00916947,81.00354259,29.08925539
47965,"Landslide at Kagunea, Bidur Municipality-13",10-08-2020,85.06190213,27.91922968,85.13632159,27.96855568
47966,"Landslide at Shyangkhudi, Pokhara Lekhnath Metropolitan City-28",10-08-2020,84.04293186,28.1875692,84.14779633,28.22395123
47967,"Landslide at Giging dada, Rampur Municipality-7",10-08-2020,83.84937296,27.83073549,83.89657818,27.86623532
47968,"Landslide at Kusinchour, Gulmidarbar Rural Municipality-5",10-08-2020,83.2846294,27.96415476,83.31148256,28.00529493
47961,"Landslide at Mirmigau, Chankheli Rural Municipality-3",09-08-2020,82.06112913,29.67647026,82.49763457,29.95330824
47949,"Landslide at Dekuwo, Halesi Tuwachung Municipality-2",08-08-2020,86.44737974,27.10216054,86.53894974,27.16553483
47950,Landslide at Shahidbhumi Rural Municipality-6,08-08-2020,87.22584838,26.92915938,87.28013348,26.98982757
47952,Landslide at Ichchhyakamana Rural Municipality-6,08-08-2020,84.49429017,27.77624768,84.58991335,27.83920784
47957,"Landslide at gawani, Gaumul Rural Municipality-4",08-08-2020,81.37478245,29.45330698,81.42206448,29.4962278
47964,"Landslide at Angkhope, Sidingba Rural Municipality-3",08-08-2020,87.86670113,27.28085946,87.93882394,27.32832061
47939,"Landslide at Matahiraja, Dilasaini Rural Municipality-4",07-08-2020,80.60285701,29.61317172,80.68195035,29.66062097
47925,"Landslide at Tarukaghat, Belkotgadhi Municipality-7",06-08-2020,85.019294,27.8335197,85.08288532,27.86026647
47926,"Landslide at Sukaura, Indrasarowar Rural Municipality-2",06-08-2020,85.13133756,27.55483781,85.20522155,27.61652729
47933,"Landslide at Ghusel, Bagmati Rural Municipality-1",06-08-2020,85.23156603,27.52836629,85.28073259,27.56247363
47934,"Landslide at Lamakhet, Jaljala Rural Municipality-3",06-08-2020,83.56649231,28.3394372,83.57928627,28.35664177
47940,"Landslide at Chuintar, Gaurishankar Rural Municipality-8",06-08-2020,86.19569856,27.75628956,86.43072573,27.87660897
47911,"Landslide at falgu, Falelung Rural Municipality-6",04-08-2020,87.87955935,27.09350812,87.99162114,27.16376644
47912,"Landslide at Ludin, Falelung Rural Municipality-5",04-08-2020,87.89164032,27.13084115,87.9962879,27.18826236
47893,"Landslide at Baruwa, Panchpokhari Thangpal Rural Municipality-2",03-08-2020,85.56750908,27.90962162,85.64042027,28.01759455
47895,"Landslide at Lekhside, Pokhara Lekhnath Metropolitan City-6",03-08-2020,83.92995349,28.19819753,83.9695509,28.22771392
47897,Landslide at Sarumarani Rural Municipality-4,03-08-2020,82.79514874,27.94016678,82.86755313,28.01079696
47898,"Landslide at Gairabager, Melamchi Municipality-11",03-08-2020,85.52522506,27.8109549,85.57978613,27.8506873
47899,"Landslide at Kade, Laligurans Municipality-9",03-08-2020,87.45120051,27.12542353,87.48695281,27.18396378
47901,"Landslide at Karthali, Barhabise Municipality-2",03-08-2020,85.90971436,27.7803194,86.00661411,27.8302652
47902,"Landslide at Bhakuwatar, Indrasarowar Rural Municipality-3",03-08-2020,85.16987614,27.53717899,85.26306144,27.58803727
47908,"Landslide at Chase, Likhupike Rural Municipality-4",03-08-2020,86.38826166,27.56114514,86.42400739,27.58481667
47883,"Landslide at Siddababa, Tinau Rural Municipality-3",02-08-2020,83.46107837,27.70502737,83.5877999,27.78384995
47888,"Landslide at tatopani, Dharche Rural Municipality-1",02-08-2020,84.89868923,28.24047194,85.12664707,28.47212138
47868,"Landslide at Jalbire, Ichchhyakamana Rural Municipality-6",01-08-2020,84.49429017,27.77624768,84.58991335,27.83920784
47873,Landslide at Barah Municipality-1,01-08-2020,87.14211362,26.8062183,87.21343853,26.87822947
47877,Landslide at Kakani Rural Municipality-2,01-08-2020,85.21729682,27.77146248,85.26950044,27.81578363
47878,"Landslide at Kagunea, Bidur Municipality-13",01-08-2020,85.06190213,27.91922968,85.13632159,27.96855568
47859,"Landslide at Adherikhola, Sarumarani Rural Municipality-4",31-07-2020,82.79514874,27.94016678,82.86755313,28.01079696
47863,"Landslide at Chadipani, Raskot Municipality-1",31-07-2020,81.60135199,29.25006397,81.6303386,29.28838002
47865,"Landslide at Damri, Palata Rural Municipality-8",31-07-2020,81.764937,29.21826464,81.83767603,29.31237974
47866,"Landslide at Bhandadri, Ruru Rural Municipality-2",31-07-2020,83.41941071,27.94642542,83.47389103,27.99601757
47869,"Landslide at Asipata, Ruru Rural Municipality-5",31-07-2020,83.38952982,27.99277829,83.43641518,28.03405092
47870,"Landslide at Jumli, Gurbhakot Municipality-3",31-07-2020,81.93112256,28.37753336,81.98985543,28.45137078
47871,"Landslide at Doken, Bheri Municipality-7",31-07-2020,82.07320279,28.6778593,82.13640597,28.73709653
47885,"Landslide at Mallodhole, Surnaya Rural Municipality-8",31-07-2020,80.64720561,29.50056098,80.7224129,29.55479131
47844,"Landslide at Kande, Laligurans Municipality-9",30-07-2020,87.45120051,27.12542353,87.48695281,27.18396378
47845,"Landslide at Dopkile, Chhathar Rural Municipality-5",30-07-2020,87.44567704,27.01799365,87.56304773,27.09132258
47846,"Landslide at Kurintar, Ichchhyakamana Rural Municipality-4",30-07-2020,84.57617873,27.84740593,84.63114024,27.88054389
47851,"Landslide at Budhagau, Sanni Tribeni Rural Municipality-6",30-07-2020,81.52388554,29.23632828,81.61256133,29.32623643
47805,"Landslide at sakine, Banglachuli Rural Municipality-5",29-07-2020,82.66089579,27.95988603,82.74651701,28.01526645
47810,"Landslide at majhgothi, Naraharinath Rural Municipality-4",29-07-2020,81.50910432,29.19642703,81.57830522,29.22923935
47811,"Landslide at Bagha, Naraharinath Rural Municipality-7",29-07-2020,81.4821092,29.16303241,81.54674816,29.23887047
47812,"Landslide at Payang, Maijogmai Rural Municipality-6",29-07-2020,87.9613078,26.96559097,88.02569685,27.01194158
47818,Landslide at Naumule Rural Municipality-2,29-07-2020,81.72050599,28.90906829,81.81905885,29.01933404
47819,"Landslide at Jaksi, Aathabis Municipality-3",29-07-2020,81.41014666,28.95838209,81.48667656,29.0350472
47821,"Landslide at Ringepani, Naraharinath Rural Municipality-4",29-07-2020,81.50910432,29.19642703,81.57830522,29.22923935
47823,"Landslide at Kavri, Jagannath Rural Municipality-6",29-07-2020,81.68433199,29.31989685,81.74639707,29.3611751
47832,"Landslide at Kholte, Satyawati Rural Municipality-4",29-07-2020,83.45032992,27.99561149,83.50305691,28.04973172
47834,"Landslide at Daurali, Barahtal Rural Municipality-8",29-07-2020,81.45289762,28.59842689,81.56253372,28.72631796
47836,"Landslide at Kodewona, Mahawai Rural Municipality-2",29-07-2020,81.73131303,29.01193091,82.01943239,29.11120991
47838,"Landslide at Amarkote, Budhiganga Municipality-1",29-07-2020,81.35611311,29.3895507,81.39393168,29.41972593
47839,"Landslide at Dharna, Bannigadhi Jayagadh Rural Municipality-6",29-07-2020,81.30705543,29.163316,81.36335659,29.21313398
47852,"Landslide at sukurmala, Barahtal Rural Municipality-3",29-07-2020,81.31024174,28.57132094,81.46757328,28.67049006
47757,"Landslide at heguwo, Khandbari Municipality-6",28-07-2020,87.21756135,27.38003502,87.25753883,27.44603978
47763,"Landslide at Kholeshwong, Taman Khola Rural Municipality-1",28-07-2020,83.17679877,28.3807207,83.26261848,28.44772382
47766,"Landslide at Gaudepul, Tansen Municipality-8",28-07-2020,83.51426341,27.79386793,83.56208978,27.83458233
47767,"Landslide at Asardhhi, Rambha Rural Municipality-1",28-07-2020,83.6545574,27.87426359,83.75718593,27.92752493
47768,Landslide at Banfikot Rural Municipality-4,28-07-2020,82.45445504,28.66907009,82.47982943,28.70003965
47770,"Landslide at Shalakheet, Banfikot Rural Municipality-9",28-07-2020,82.41692545,28.66321315,82.45896163,28.69819859
47771,"Landslide at Sallekhate, Dunhu Rural Municipality-3",28-07-2020,80.55679076,29.85411683,80.58774524,29.89454134
47774,"Landslide at Kachade, Dhankuta Municipality-6",28-07-2020,87.31307132,26.96093996,87.34304275,26.99076641
47778,"Landslide at Singati, Bigu Rural Municipality-4",28-07-2020,86.13181228,27.73561809,86.20096579,27.84219315
47780,"Landslide at Kameretar, Sunkoshi Rural Municipality-2",28-07-2020,85.77349424,27.37818472,85.86699158,27.44890139
47783,"Landslide at Sera, Bagnaskali Rural Municipality-4",28-07-2020,83.60339588,27.87016424,83.64549849,27.90134968
47785,"Landslide at Khasimare, Chandrakot Rural Municipality-4",28-07-2020,83.38838992,28.09055232,83.4782619,28.13255667
47787,"Landslide at Pipaldada, Rambha Rural Municipality-3",28-07-2020,83.63290822,27.8326192,83.7044981,27.90243246
47788,"Landslide at Bhalewas, Bagnaskali Rural Municipality-4",28-07-2020,83.60339588,27.87016424,83.64549849,27.90134968
47789,"Landslide at Tapke, Raskot Municipality-1",28-07-2020,81.60135199,29.25006397,81.6303386,29.28838002
47792,"Landslide at Baphi, Banfikot Rural Municipality-7",28-07-2020,82.39955257,28.70647535,82.47155676,28.78004175
47793,"Landslide at Piralle, Dhorpatan Municipality-4",28-07-2020,83.17771771,28.31772508,83.30396167,28.39246398
47794,"Landslide at Sumbek, Illam Municipality-2",28-07-2020,87.92212569,26.95526927,87.96827985,27.00829491
47795,"Landslide at Dhungea, Panchakhapan Municipality-4",28-07-2020,87.20138642,27.29414415,87.26784286,27.35731249
47796,"Landslide at Jeropoint, Dhankuta Municipality-7",28-07-2020,87.32940569,26.9533965,87.35363779,26.97364089
47801,"Landslide at Lamekhat, Jaljala Rural Municipality-4",28-07-2020,83.57353487,28.32419506,83.60965757,28.35888852
47802,"Landslide at Patichour, Modi Rural Municipality-2",28-07-2020,83.72689222,28.26983134,83.76482861,28.30741343
47803,"Landslide at Pipalpata, Chandrakot Rural Municipality-8",28-07-2020,83.32852189,28.06476003,83.39289737,28.11335475
47804,"Landslide at Futwang, Sandhikharka Municipality-1",28-07-2020,83.12527998,27.95287515,83.16242023,27.99897419
47806,"Landslide at Kuskote, Mellekh Rural Municipality-4",28-07-2020,81.24826792,29.26452972,81.32496792,29.31499496
47840,"Landslide at Neupanetole, Panchadewal Binayak Municipality-2",28-07-2020,81.36777608,29.0896164,81.41076238,29.1312448
47743,"Landslide at Paitedada, Tinau Rural Municipality-3",27-07-2020,83.46107837,27.70502737,83.5877999,27.78384995
47744,"Landslide at Ojhali, Rong Rural Municipality-4",27-07-2020,88.02444325,26.74531243,88.09320865,26.8230055
47745,"Landslide at Salme, Nechasalyan Rural Municipality-6",27-07-2020,86.5493195,27.39750117,86.63123672,27.44798225
47750,"Landslide at Sirindace, Aandhikhola Rural Municipality-2",27-07-2020,83.75943497,28.12906601,83.81840577,28.1713546
47751,"Landslide at Naurikot, Thasang Rural Municipality-2",27-07-2020,83.52755651,28.64348399,83.6659507,28.74631295
47752,"Landslide at Kaulegauda, Beni Municipality-9",27-07-2020,83.52417826,28.35843922,83.56973158,28.39301034
47760,"Landslide at Tiwaribhangang, Pauwadungma Rural Municipality-2",27-07-2020,87.11316714,27.15262444,87.16582008,27.20260303
47772,"Landslide at Kudam, Shadananda Municipality-2",27-07-2020,87.02220843,27.34479891,87.0991766,27.40703637
47740,"Landslide at Adhikari Bada, Subha Kalika Rural Municipality-5",26-07-2020,81.61408056,29.06059259,81.66232295,29.11774063
47749,Landslide at Belkotgadhi Municipality-9,26-07-2020,85.09238833,27.81213034,85.13768449,27.85955873
47809,"Landslide at lalu, Naraharinath Rural Municipality-8",26-07-2020,81.53291403,29.12616544,81.56583997,29.17012714
47735,"Landslide at Hangam, Aathrai Tribeni Rural Municipality-3",25-07-2020,87.55043137,27.28128933,87.63800271,27.35059232
47736,"Landslide at Nerahughat, Kushma Municipality-1",25-07-2020,83.60903359,28.24522521,83.65628063,28.2832876
47737,"Landslide at Khopa, Ruru Rural Municipality-1",25-07-2020,83.39293682,27.93066775,83.44711729,27.96219147
47704,"Landslide at Karkigau, Thakre Rural Municipality-6",24-07-2020,85.0616391,27.73300478,85.08701986,27.75324805
47713,"Landslide at Dui Pipal, Belkotgadhi Municipality-5",24-07-2020,85.01203182,27.80948964,85.07394325,27.84116398
47714,"Landslide at Tulsi Bhanjang, Galyang Municipality-11",24-07-2020,83.67430374,27.91637293,83.72048676,27.95296736
47716,"Landslide at Ginijdada, Rampur Municipality-4",24-07-2020,83.88973564,27.81369873,83.92749576,27.86524748
47718,"Landslide at Changair, Ghorahi Submetropolitan City-19",24-07-2020,82.48263813,28.0599292,82.5971674,28.15016723
47722,"Landslide at Sukaura, Indrasarowar Rural Municipality-2",24-07-2020,85.13133756,27.55483781,85.20522155,27.61652729
47730,"Landslide at Badali, Mahakali_Darchula Municipality-3",24-07-2020,80.55242991,29.78154754,80.60476361,29.84096903
47689,"Landslide at Khaharekhole, Marsyangdi Rural Municipality-3",23-07-2020,84.2357439,28.27720421,84.4017022,28.44374901
47692,"Landslide at Thumbedin, Pathibhara Yangwarak Rural Municipality-6",23-07-2020,87.78725219,27.2757243,87.83325237,27.31000596
47693,"Landslide at Sabrnag, Phidim Municipality-1",23-07-2020,87.75983969,27.1195198,87.79996352,27.14817852
47700,"Landslide at Malika, Baglung Municipality-5",23-07-2020,83.53522719,28.29266615,83.59276628,28.31711227
47664,"Landslide at naghmandir, Tinau Rural Municipality-3",22-07-2020,83.46107837,27.70502737,83.5877999,27.78384995
47667,Landslide at Chhathar Rural Municipality-2,22-07-2020,87.42664842,27.00056022,87.45896319,27.0762497
47668,Landslide at Falelung Rural Municipality-3,22-07-2020,87.88400528,27.18130086,88.01563673,27.24440005
47671,"Landslide at Chumlung, Chhathar Jorpati Rural Municipality-5",22-07-2020,87.37858656,27.02273913,87.4298439,27.06784351
47677,"Landslide at pallotari, Marsyangdi Rural Municipality-3",22-07-2020,84.2357439,28.27720421,84.4017022,28.44374901
47687,"Landslide at Khoplang, Bhimphedi Rural Municipality-1",22-07-2020,84.99291793,27.45330842,85.07275662,27.52155552
47628,"Landslide at Malung, Galyang Municipality-1",21-07-2020,83.62097384,27.89856761,83.66725597,27.93428281
47630,"Landslide at Chisapani, Bandipur Rural Municipality-1",21-07-2020,84.36384784,27.94333337,84.41683075,27.99455638
47638,"Landslide at Pallotari, Marsyangdi Rural Municipality-3",21-07-2020,84.2357439,28.27720421,84.4017022,28.44374901
47640,Landslide at Dakshinkali Municipality-9,21-07-2020,85.2218859,27.59468351,85.25879813,27.65009256
47642,"Landslide at Pasidada, Tokha Municipality-1",21-07-2020,85.32140802,27.78650346,85.35000152,27.81518986
47647,"Landslide at Sona, Aathbiskot Municipality-9",21-07-2020,82.3468625,28.76125661,82.40145112,28.79893822
47649,"Landslide at Aaudakhan, Malikaarjun Rural Municipality-8",21-07-2020,80.39598585,29.71017719,80.48893508,29.76521159
47650,"Landslide at Rametea, Phidim Municipality-13",21-07-2020,87.82452632,27.07695953,87.91731495,27.136112
47651,"Landslide at Modhidada, Buddhashanti Rural Municipality-7",21-07-2020,88.06068341,26.76349268,88.07709839,26.79183877
47655,Landslide at Bharatpur Metropolitan City-29,21-07-2020,84.42988955,27.71140817,84.52593657,27.82442208
47656,"Landslide at laxmibazer, Gorkha Municipality-9",21-07-2020,84.60141354,27.94967988,84.6398267,27.98304162
47657,"Landslide at Sagbute, Bhanu Municipality-1",21-07-2020,84.40623425,27.95218862,84.43467148,27.99829034
47658,"Landslide at Naldi, Bandipur Rural Municipality-6",21-07-2020,84.34614553,27.84251712,84.44312969,27.91134176
47659,"Landslide at Jhurung, Annapurna Rural Municipality-2",21-07-2020,83.572727,28.47114196,83.65522375,28.51211401
47660,"Landslide at Gau Swara, Galyang Municipality-10",21-07-2020,83.75106752,27.92767972,83.77954156,27.95602994
47665,"Landslide at Gadkhola, Malikaarjun Rural Municipality-8",21-07-2020,80.39598585,29.71017719,80.48893508,29.76521159
47699,"Landslide at Ghat, Bandipur Rural Municipality-6",21-07-2020,84.34614553,27.84251712,84.44312969,27.91134176
47561,"Landslide at Kulung, Gosaikunda Rural Municipality-3",20-07-2020,85.34167317,28.15107955,85.43920571,28.23202002
47565,"Landslide at Shukla, Pauwadungma Rural Municipality-5",20-07-2020,87.15045288,27.07815022,87.21706589,27.13328594
47566,"Landslide at Odane, Arun Rural Municipality-4",20-07-2020,87.16992394,27.15764195,87.24515354,27.23091009
47568,"Landslide at Sankanti Bazer, Aathrai Rural Municipality-1",20-07-2020,87.61051209,27.18246229,87.66174805,27.24424435
47571,"Landslide at Gausala, Gaushala Municipality-5",20-07-2020,85.77479467,26.91478142,85.79039306,26.93088726
47576,"Landslide at Jholunge Pull, Sitganga Municipality-2",20-07-2020,83.10497143,27.83354752,83.1638153,27.91305284
47579,"Landslide at Raksha Khola, Indrasarowar Rural Municipality-4",20-07-2020,85.19677743,27.57423836,85.24299407,27.62292394
47583,"Landslide at Rila, Budhiganga Municipality-4",20-07-2020,81.31262182,29.35117584,81.34051694,29.39683278
47585,"Landslide at Bhaise, Chautara SangachokGadhi Municipality-9",20-07-2020,85.74535376,27.69648897,85.77987916,27.7564152
47587,"Landslide at Phujel, Gandaki Rural Municipality-4",20-07-2020,84.70136353,27.87782244,84.74932855,27.91175875
47590,Landslide at Bhanu Municipality-9,20-07-2020,84.43239699,28.06239613,84.47632763,28.09278021
47594,"Landslide at Bhusatar, Benighat Rorang Rural Municipality-8",20-07-2020,84.69463121,27.72617606,84.74616186,27.80040853
47595,"Landslide at Majhuwa, Gajuri Rural Municipality-2",20-07-2020,84.82259187,27.73903961,84.86843,27.80882624
47596,"Landslide at Golang, Tripura Sundari Rural Municipality-6",20-07-2020,84.82272228,27.99421585,84.859141,28.05034907
47597,"Landslide at Dhukuti, Bhanu Municipality-3",20-07-2020,84.43572893,27.99340898,84.46416962,28.04072619
47599,"Landslide at Pankhukhola, Diktel Rupakot Majhuwagadhi Municipality-8",20-07-2020,86.83716886,27.19286183,86.87882171,27.2474628
47600,"Landslide at Neabee, Phedap Rural Municipality-2",20-07-2020,87.5325618,27.1564539,87.58138944,27.22540863
47601,"Landslide at Phidim bazer, Phidim Municipality-1",20-07-2020,87.75983969,27.1195198,87.79996352,27.14817852
47603,"Landslide at Khairai, Tumbewa Rural Municipality-2",20-07-2020,87.49256785,26.95806593,87.58105778,27.01910744
47616,Landslide at Sundarbazar Municipality-7,20-07-2020,84.41173675,28.11104886,84.43582023,28.13358714
47617,"Landslide at Bharate, Dordi Rural Municipality-1",20-07-2020,84.43986146,28.1355614,84.49785041,28.160671
47621,"Landslide at Patisowara, Gandaki Rural Municipality-2",20-07-2020,84.64494403,27.85065001,84.70889692,27.9190521
47622,"Landslide at ratopul, Galyang Municipality-5",20-07-2020,83.5839913,27.9584538,83.65183572,28.01638788
47553,"Landslide at Satekelo, Gorkha Municipality-12",19-07-2020,84.54675219,27.93828829,84.57975746,27.97458849
47557,"Landslide at Ghusa, Apihimal Rural Municipality-2",19-07-2020,80.79525675,29.7965182,80.88901337,29.94503542
47560,"Landslide at Magalphadi, Kageshwori Manahora Municipality-1",19-07-2020,85.42474203,27.73510785,85.46956949,27.77607734
47564,"Landslide at Chauhan Bari, Pauwadungma Rural Municipality-5",19-07-2020,87.15045288,27.07815022,87.21706589,27.13328594
47586,"Landslide at Tapre, Budhiganga Municipality-3",19-07-2020,81.34469768,29.37297837,81.37268238,29.39719545
47588,"Landslide at Godani, Naugad Rural Municipality-2",19-07-2020,80.59766595,29.77225533,80.67592699,29.84019061
47539,"Landslide at lelep, Phaktanglung Rural Municipality-6",18-07-2020,87.71183495,27.49151796,88.20166777,27.90595938
47542,"Landslide at Bageshwori, Changunarayan Municipality-7",18-07-2020,85.44469648,27.67591621,85.52169338,27.70775697
47544,"Landslide at mayrdi, Nashong Rural Municipality-1",18-07-2020,84.32284969,28.45203665,84.41742099,28.49570456
47547,"Landslide at Nari Gauda, Kedarseu Rural Municipality-1",18-07-2020,80.89998262,29.44490576,80.98494369,29.50847328
47549,Landslide at Dipayal Silgadi Municipality-6,18-07-2020,80.96899759,29.24103734,80.99812724,29.28327399
47552,"Landslide at Phaperbari, Falelung Rural Municipality-7",18-07-2020,87.85919084,27.12971226,87.90695175,27.18946561
47555,"Landslide at Khardu, Pachaljharana Rural Municipality-3",18-07-2020,81.70255866,29.17727992,81.80798063,29.25665096
47556,"Landslide at Sanibarkhu, Aathbiskot Municipality-12",18-07-2020,82.34155688,28.72411122,82.39075738,28.77229373
47514,"Landslide at Fulping, Bhotekoshi Rural Municipality-4",16-07-2020,85.90945167,27.83949593,86.0650468,27.93561335
47525,"Landslide at Khoramukh, Machhapuchchhre Rural Municipality-8",16-07-2020,83.8415058,28.31211574,83.90516774,28.37061179
47527,"Landslide at Basbote, Bhojpur Municipality-3",16-07-2020,86.98407315,27.19751992,87.03645836,27.2676365
47528,"Landslide at siddhartha, Tinau Rural Municipality-3",16-07-2020,83.46107837,27.70502737,83.5877999,27.78384995
47523,"Landslide at saunepane, Kapurkot Rural Municipality-5",15-07-2020,82.3021448,28.24090736,82.40759857,28.28774254
47483,"Landslide at Chuwa, Kushma Municipality-3",14-07-2020,83.6577311,28.23778257,83.72242489,28.27304481
47485,"Landslide at Ghaukhola, Susta Rural Municipality-2",14-07-2020,83.83373295,27.44585531,83.88980266,27.48968336
47487,"Landslide at maildhiska, Budhiganga Municipality-3",14-07-2020,81.34469768,29.37297837,81.37268238,29.39719545
47490,"Landslide at Kumaltar, Madhyabindu Municipality-2",14-07-2020,84.00252717,27.5407353,84.05837277,27.58382139
47496,"Landslide at Sarade Payuth, Jaimini Municipality-9",14-07-2020,83.52138849,28.15879199,83.59284722,28.18454477
47498,"Landslide at Dhullubashkot, Bareng Rural Municipality-1",14-07-2020,83.51021356,28.11583161,83.55588804,28.17562752
47499,"Landslide at Bhandara, Bareng Rural Municipality-2",14-07-2020,83.468855,28.11331795,83.51642103,28.17891567
47500,"Landslide at Bhaliwachaur, Bagnaskali Rural Municipality-1",14-07-2020,83.56338138,27.82061814,83.60832984,27.87909202
47501,"Landslide at Khahare, Kaligandagi Rural Municipality-4",14-07-2020,83.53189904,27.93854212,83.57981723,27.97682696
47503,"Landslide at Jhumse, Tinau Rural Municipality-3",14-07-2020,83.46107837,27.70502737,83.5877999,27.78384995
47451,"Landslide at Belaute, Myagde Rural Municipality-6",13-07-2020,84.11391139,28.00711067,84.1997033,28.06351951
47452,"Landslide at Chitra, Harinas Rural Municipality-4",13-07-2020,83.94203576,27.94365617,83.99247543,28.00689729
47453,"Landslide at Paltang, Rhishing Rural Municipality-8",13-07-2020,84.12549646,27.91327669,84.17240183,27.96693773
47455,"Landslide at Shreedale, Tyamkemaiyung Rural Municipality-2",13-07-2020,86.89511762,27.2133401,86.98953964,27.26846343
47456,Landslide at Khandbari Municipality-1,13-07-2020,87.18690053,27.36949776,87.22564595,27.39014847
47469,"Landslide at Siraf, Putalibazar Municipality-1",13-07-2020,83.80747972,28.04901777,83.83619129,28.07803142
47470,"Landslide at Bodikhola, Arjunchaupari Rural Municipality-6",13-07-2020,83.76942303,28.09020267,83.81855862,28.12604221
47472,"Landslide at Odare, Vyas Municipality-11",13-07-2020,84.27925184,27.98625208,84.36584486,28.04639778
47473,"Landslide at Ratuwamara, Sisne Rural Municipality-1",13-07-2020,82.56186501,28.71061442,82.765835,28.86922802
47474,"Landslide at Machhu Toll, Susta Rural Municipality-3",13-07-2020,83.82783998,27.43112037,83.89555777,27.46192207
47477,"Landslide at Majhphat, Vyas Municipality-9",13-07-2020,84.26765731,28.02799377,84.34615934,28.08762728
47413,"Landslide at Golakharka, Illam Municipality-9",12-07-2020,87.891322,26.85862141,87.93061259,26.91324902
47420,"Landslide at Chuwa, Kushma Municipality-8",12-07-2020,83.68789447,28.21889581,83.71692693,28.25348002
47421,"Landslide at Darikhola, Annapurna Rural Municipality-3",12-07-2020,83.57384955,28.50137914,83.6605092,28.5899958
47424,"Landslide at Tembung, Mangsebung Rural Municipality-5",12-07-2020,87.72399988,26.78886935,87.77669526,26.83075776
47427,"Landslide at Pipaldada, Khandbari Municipality-1",12-07-2020,87.18690053,27.36949776,87.22564595,27.39014847
47428,Landslide at Vyas Municipality-13,12-07-2020,84.27320707,27.91653128,84.34516541,27.97028626
47430,"Landslide at Gorkhim, Sotang Rural Municipality-5",12-07-2020,86.77404484,27.46455107,86.80653614,27.52405128
47439,"Landslide at Damrang, Bhimeshwor Municipality-1",12-07-2020,86.01382068,27.6823416,86.06963027,27.73947798
47441,"Landslide at Besinda , Silichong Rural Municipality-1",12-07-2020,86.94016531,27.43607156,87.10605395,27.54182217
47459,Landslide at Mapya Dudhkoshi Rural Municipality-6,12-07-2020,86.69085329,27.47399798,86.73850444,27.54104477
47389,"Landslide at Bhedetar, Sangurigadhi Rural Municipality-5",11-07-2020,87.36227157,26.84566329,87.42072765,26.90159716
47400,"Landslide at sayapatri, Indrasarowar Rural Municipality-2",11-07-2020,85.13133756,27.55483781,85.20522155,27.61652729
47401,"Landslide at Kudule, Golanjor Rural Municipality-1",11-07-2020,86.11461569,27.18605275,86.20482587,27.26496114
47402,"Landslide at Kharuwa, Galkot Municipality-4",11-07-2020,83.43298806,28.17331614,83.47326124,28.21588471
47407,"Landslide at Khursani Bari, Bardaghat Municipality-4",11-07-2020,83.77144518,27.53232402,83.80254485,27.57811533
47410,"Landslide at Chhatra, Barah Municipality-1",11-07-2020,87.14211362,26.8062183,87.21343853,26.87822947
47411,"Landslide at kuwapani, Miklajung Rural Municipality-2",11-07-2020,87.59413343,26.75604422,87.6792144,26.81620018
47414,"Landslide at Todke, Chaubise Rural Municipality-2",11-07-2020,87.48556541,26.8710038,87.53179781,26.93390019
47425,"Landslide at Aakhre Bazzar, Chhathar Rural Municipality-5",11-07-2020,87.44567704,27.01799365,87.56304773,27.09132258
47438,"Landslide at Campush Chok, Malikaarjun Rural Municipality-8",11-07-2020,80.39598585,29.71017719,80.48893508,29.76521159
47440,"Landslide at Khaldose, Shuklagandaki Municipality-1",11-07-2020,84.10101975,28.05263925,84.19474169,28.11054237
47336,"Landslide at Simkhola, Indrasarowar Rural Municipality-2",10-07-2020,85.13133756,27.55483781,85.20522155,27.61652729
47337,"Landslide at kamerea, Sunkoshi Rural Municipality-2",10-07-2020,85.77349424,27.37818472,85.86699158,27.44890139
47340,"Landslide at marang, Dhaulagiri Rural Municipality-6",10-07-2020,83.36692274,28.45963529,83.42525222,28.49736886
47341,"Landslide at Chorapatan, Pokhara Lekhnath Metropolitan City-17",10-07-2020,83.94390382,28.16061892,84.01057757,28.20169956
47342,"Landslide at Hemja, Pokhara Lekhnath Metropolitan City-25",10-07-2020,83.8760082,28.24710108,83.96900173,28.30152432
47343,"Landslide at SArankote, Pokhara Lekhnath Metropolitan City-18",10-07-2020,83.91965585,28.21677441,83.98254054,28.2600801
47346,"Landslide at Tallodada, Pokhara Lekhnath Metropolitan City-19",10-07-2020,83.9326458,28.25616285,83.98265562,28.30704901
47348,"Landslide at Thuloghumti, Sarumarani Rural Municipality-4",10-07-2020,82.79514874,27.94016678,82.86755313,28.01079696
47350,"Landslide at kade, Laligurans Municipality-9",10-07-2020,87.45120051,27.12542353,87.48695281,27.18396378
47351,"Landslide at Betini, Katari Municipality-11",10-07-2020,86.36683202,27.0633127,86.42406272,27.11431256
47353,"Landslide at Timure, Gosaikunda Rural Municipality-2",10-07-2020,85.35805086,28.21724254,85.55786646,28.33702908
47356,"Landslide at Dipangtal, Pokhara Lekhnath Metropolitan City-27",10-07-2020,84.03382973,28.14764775,84.07725929,28.20420175
47357,"Landslide at Fusre, Kaligandaki Rural Municipality-4",10-07-2020,83.5158177,28.02668185,83.56402633,28.07156088
47358,"Landslide at Simle, Pokhara Lekhnath Metropolitan City-22",10-07-2020,83.85662209,28.16845151,83.96825552,28.2245708
47361,"Landslide at Bin, Malika Rural Municipality-7",10-07-2020,83.37532435,28.4287488,83.44177583,28.47176053
47362,"Landslide at Jiri, Barekot Rural Municipality-4",10-07-2020,82.23009059,28.95040425,82.36760855,29.12752175
47364,"Landslide at Pipal Chautara, Gurans Rural Municipality-1",10-07-2020,81.54650297,28.70901329,81.60211192,28.76489696
47373,"Landslide at tatopani, Bhotekoshi Rural Municipality-2",10-07-2020,85.87551965,27.93584496,85.97864221,28.05345347
47374,"Landslide at balephi, Jugal Rural Municipality-3",10-07-2020,85.76535825,27.89907224,85.90331186,28.11540956
47375,"Landslide at Larcha, Bhotekoshi Rural Municipality-3",10-07-2020,85.88480591,27.90602794,85.96967589,27.9774451
47377,"Landslide at Jhareni, Jiri Municipality-1",10-07-2020,86.25246622,27.63525408,86.42756951,27.7735968
47380,"Landslide at Syandhari, Pokhara Lekhnath Metropolitan City-29",10-07-2020,84.05280224,28.13596512,84.07597308,28.16093373
47381,"Landslide at Chainpur, Pokhara Lekhnath Metropolitan City-33",10-07-2020,83.99886013,28.07774099,84.08898476,28.1611827
47384,"Landslide at Gothagau, Barekot Rural Municipality-4",10-07-2020,82.23009059,28.95040425,82.36760855,29.12752175
47386,"Landslide at Tarchhung, Bhotekoshi Rural Municipality-3",10-07-2020,85.88480591,27.90602794,85.96967589,27.9774451
47405,"Landslide at Pragati Toll, Butwal Submetropolitan City-4",10-07-2020,83.46636008,27.70042794,83.50009857,27.72098765
47409,"Landslide at Kusma, Palhi Nandan Rural Municipality-3",10-07-2020,83.66741712,27.45273561,83.70356859,27.49404364
47548,"Landslide at RejeKhola, Aathbiskot Municipality-3",10-07-2020,82.41094304,28.78004175,82.47877506,28.84958484
47315,"Landslide at Kharkhare, Besishahar Municipality-6",09-07-2020,84.32140976,28.23665212,84.37831588,28.27065674
47316,"Landslide at Shyange, Marsyangdi Rural Municipality-4",09-07-2020,84.2485615,28.33364683,84.41019113,28.45656929
47317,"Landslide at Sanji, Besishahar Municipality-4",09-07-2020,84.31603788,28.17459513,84.3713769,28.20784003
47319,"Landslide at Jambu, Barhabise Municipality-5",09-07-2020,85.87803929,27.80069814,85.92134129,27.83124401
47320,"Landslide at Bulkute, Bhotekoshi Rural Municipality-5",09-07-2020,85.88279778,27.8128832,86.01052278,27.88362978
47324,"Landslide at kamerea, Sunkoshi Rural Municipality-1",09-07-2020,85.78286785,27.40983434,85.84270754,27.45103079
47345,"Landslide at Paitedada, Pokhara Lekhnath Metropolitan City-26",09-07-2020,84.02397953,28.17346938,84.06288736,28.2167363
47360,"Landslide at Ratodada, Pokhara Lekhnath Metropolitan City-14",09-07-2020,84.00005462,28.15501334,84.03756474,28.21302797
47366,"Landslide at Nalbagar, Marma Rural Municipality-3",09-07-2020,80.68060008,29.69926047,80.78148885,29.73841652
47368,"Landslide at Nari Gauda, Kedarseu Rural Municipality-1",09-07-2020,80.89998262,29.44490576,80.98494369,29.50847328
47307,"Landslide at Kaabare, Gurans Rural Municipality-1",08-07-2020,81.54650297,28.70901329,81.60211192,28.76489696
47308,"Landslide at Shreebazar, Mahakali_Darchula Municipality-1",08-07-2020,80.55144685,29.82857689,80.64736096,29.86469882
47310,"Landslide at Choumale, Bithadchir Rural Municipality-2",08-07-2020,80.77166637,29.53225292,80.83102533,29.56809531
47314,"Landslide at Dhumpur, Machhapuchchhre Rural Municipality-7",08-07-2020,83.82783621,28.29774136,83.870688,28.33723195
47280,"Landslide at Busti, Baiteshwor Rural Municipality-6",07-07-2020,86.07495345,27.61333951,86.12785554,27.64678579
47283,"Landslide at Gopaldada, Marsyangdi Rural Municipality-9",07-07-2020,84.31564755,28.25098465,84.36234942,28.291866
47285,Landslide at Annapurna Rural Municipality-3,07-07-2020,83.57384955,28.50137914,83.6605092,28.5899958
47286,"Landslide at Kalimati, Tinau Rural Municipality-5",07-07-2020,83.51409168,27.75758885,83.59757539,27.80687861
47292,"Landslide at Khahare, Sarumarani Rural Municipality-4",07-07-2020,82.79514874,27.94016678,82.86755313,28.01079696
47293,"Landslide at sambobari, Tansen Municipality-11",07-07-2020,83.48582204,27.83812057,83.52196754,27.89580233
47295,"Landslide at Bhursa, Naumule Rural Municipality-1",07-07-2020,81.75749088,28.86615576,81.81258286,28.95412737
47298,"Landslide at Ingebhir, Silichong Rural Municipality-5",07-07-2020,87.12626808,27.48201708,87.19474742,27.58952228
47301,"Landslide at Chatan Dada, Thasang Rural Municipality-4",07-07-2020,83.56684333,28.56472478,83.73690213,28.67841203
47266,"Landslide at Bansagopal Mandir, Tansen Municipality-7",06-07-2020,83.53816413,27.83187318,83.56377754,27.84928358
47274,"Landslide at Sakta, Chaurjahari Municipality-14",06-07-2020,82.30844941,28.57936544,82.3563705,28.6331982
47279,"Landslide at Jurikhet, Bhimphedi Rural Municipality-6",06-07-2020,85.07844549,27.53293926,85.17224389,27.58717137
47281,"Landslide at Bhaise, Chautara SangachokGadhi Municipality-9",06-07-2020,85.74535376,27.69648897,85.77987916,27.7564152
47296,"Landslide at Fechang, Musikot Municipality-7",06-07-2020,82.49072662,28.5947495,82.55962939,28.62730427
47253,"Landslide at Bhattadada, Bagmati Rural Municipality-3",05-07-2020,85.26961411,27.47745714,85.31733481,27.53936822
47256,"Landslide at Nuwakote, Purbichauki Rural Municipality-4",05-07-2020,81.05125774,29.25507216,81.1001289,29.2811589
47257,"Landslide at Thalakada, Sigas Rural Municipality-6",05-07-2020,80.79529843,29.38956465,80.8680159,29.4434418
47259,Landslide at Malikaarjun Rural Municipality-3,05-07-2020,80.46444941,29.71939846,80.52781346,29.77432336
47260,"Landslide at Dattu, Mahakali_Darchula Municipality-9",05-07-2020,80.39624422,29.76320023,80.4414246,29.80607177
47264,"Landslide at Chitlang, Chainpur Municipality-2",05-07-2020,87.37453141,27.29376072,87.44014389,27.34279304
47268,"Landslide at Subeda, JayaPrithivi Municipality-7",05-07-2020,81.11289788,29.50154502,81.1628776,29.56441362
47273,"Landslide at Kholagau, Chaurjahari Municipality-10",05-07-2020,82.24974338,28.59291616,82.29010266,28.64002219
47309,Landslide at Jorayal Rural Municipality-4,05-07-2020,80.61290531,29.01981215,80.72290081,29.18342854
47347,"Landslide at Saatabise, Besishahar Municipality-7",05-07-2020,84.34189141,28.23092719,84.38162518,28.24378554
47239,"Landslide at Dudeli, Naraharinath Rural Municipality-7",04-07-2020,81.4821092,29.16303241,81.54674816,29.23887047
47240,"Landslide at Balde, Budhiganga Municipality-1",04-07-2020,81.35611311,29.3895507,81.39393168,29.41972593
47243,"Landslide at Jayaprithivi, JayaPrithivi Municipality-7",04-07-2020,81.11289788,29.50154502,81.1628776,29.56441362
47244,"Landslide at Mallesi, Kedarseu Rural Municipality-8",04-07-2020,80.9394143,29.49251056,80.98861135,29.53852328
47245,Landslide at Likhupike Rural Municipality-4,04-07-2020,86.38826166,27.56114514,86.42400739,27.58481667
47246,"Landslide at Chaulakharka, Likhupike Rural Municipality-3",04-07-2020,86.36874346,27.5384398,86.41233882,27.57278263
47269,"Landslide at Dumari, Bogtan Rural Municipality-5",04-07-2020,80.88502798,29.07555144,80.98552462,29.13292567
47211,"Landslide at Pakhurikhola, Sarumarani Rural Municipality-4",03-07-2020,82.79514874,27.94016678,82.86755313,28.01079696
47216,"Landslide at Dhad, Isma Rural Municipality-4",03-07-2020,83.18870937,28.16337226,83.24337127,28.23373538
47217,"Landslide at Reghafadhi, Galkot Municipality-11",03-07-2020,83.28187546,28.18907494,83.3566076,28.23331666
47221,"Landslide at Kartike, Jugal Rural Municipality-4",03-07-2020,85.75793988,27.87503848,85.82130041,27.91372046
47223,"Landslide at Hushoke, Musikot Municipality-2",03-07-2020,83.23838995,28.14357883,83.28071056,28.20234005
47267,"Landslide at Chirke, Junichande Rural Municipality-6",03-07-2020,81.98136885,28.83936976,82.08416668,28.95607895
47212,"Landslide at Malli, Isma Rural Municipality-1",02-07-2020,83.20234654,28.09525751,83.26044632,28.14187064
47224,Landslide at Musikot Municipality-2,02-07-2020,83.23838995,28.14357883,83.28071056,28.20234005
47174,"Landslide at Pangdur, Bagmati Rural Municipality-3",30-06-2020,85.26961411,27.47745714,85.31733481,27.53936822
47182,"Landslide at Danathampata, Annapurna Rural Municipality-3",30-06-2020,83.57384955,28.50137914,83.6605092,28.5899958
47184,Landslide at Chankheli Rural Municipality-1,30-06-2020,82.07795847,29.63482993,82.23707414,29.72468951
47157,"Landslide at khorpokhari, Bihadi Rural Municipality-5",29-06-2020,83.59633668,28.03147606,83.63386085,28.07834596
47161,"Landslide at Danathampata, Annapurna Rural Municipality-3",29-06-2020,83.57384955,28.50137914,83.6605092,28.5899958
47163,"Landslide at Hopari, Naugad Rural Municipality-4",29-06-2020,80.66295143,29.73507871,80.738588,29.81274223
47170,"Landslide at Pappcibote, Maijogmai Rural Municipality-1",29-06-2020,87.99288391,26.91438378,88.05937118,26.97980275
47176,"Landslide at Talawang, Dangisharan Rural Municipality-2",29-06-2020,82.17172373,28.01373137,82.23394932,28.06784451
47183,"Landslide at Khamarikhola, Panchpuri Municipality-6",29-06-2020,81.37522014,28.79468924,81.43409589,28.85564005
47141,"Landslide at Sangliya, Galyang Municipality-9",28-06-2020,83.71110152,27.89979573,83.75824534,27.95826818
47142,"Landslide at changaira, Ghorahi Submetropolitan City-19",28-06-2020,82.48263813,28.0599292,82.5971674,28.15016723
47146,"Landslide at Rainadhi, Gulmidarbar Rural Municipality-1",28-06-2020,83.27982231,28.05861709,83.34716883,28.11590183
47147,"Landslide at Balithum, Gulmidarbar Rural Municipality-1",28-06-2020,83.27982231,28.05861709,83.34716883,28.11590183
47149,"Landslide at Karpat, Melauli Municipality-2",28-06-2020,80.44953491,29.42885208,80.49373597,29.48577641
47156,"Landslide at tatopani, Dharche Rural Municipality-1",28-06-2020,84.89868923,28.24047194,85.12664707,28.47212138
47158,"Landslide at Ghaupani, Madane Rural Municipality-6",28-06-2020,83.04952084,28.10676591,83.11175998,28.16689495
47132,"Landslide at Danathampata, Annapurna Rural Municipality-3",27-06-2020,83.57384955,28.50137914,83.6605092,28.5899958
47138,"Landslide at Boharagau, Pauwadungma Rural Municipality-2",27-06-2020,87.11316714,27.15262444,87.16582008,27.20260303
47139,"Landslide at Nawabasti, Makalu Rural Municipality-3",27-06-2020,87.27348777,27.55282914,87.35981243,27.66712943
47143,"Landslide at Mithillo Siddababa, Tinau Rural Municipality-3",27-06-2020,83.46107837,27.70502737,83.5877999,27.78384995
47144,"Landslide at Chapgaira, Purbakhola Rural Municipality-1",27-06-2020,83.78033733,27.78350943,83.89314935,27.84902309
47127,"Landslide at Jurikhet, Bhimphedi Rural Municipality-6",26-06-2020,85.07844549,27.53293926,85.17224389,27.58717137
47126,"Landslide at Chirkhura, Silichong Rural Municipality-2",25-06-2020,86.96312922,27.47206477,87.09440917,27.5718751
47090,"Landslide at Rupsea, Annapurna Rural Municipality-3",24-06-2020,83.57384955,28.50137914,83.6605092,28.5899958
47091,"Landslide at Shyange, Marsyangdi Rural Municipality-4",24-06-2020,84.2485615,28.33364683,84.41019113,28.45656929
47094,"Landslide at Bateni, Katari Municipality-8",24-06-2020,86.37198742,26.99847919,86.45588799,27.07727826
47095,Landslide at Khandbari Municipality-1,24-06-2020,87.18690053,27.36949776,87.22564595,27.39014847
47100,"Landslide at Shala, Dullu Municipality-3",24-06-2020,81.52273213,28.82904269,81.57474498,28.88086275
47104,"Landslide at Ghadishaune, Bhimphedi Rural Municipality-6",24-06-2020,85.07844549,27.53293926,85.17224389,27.58717137
47105,"Landslide at Kharkhole, Kamalamai Municipality-1",24-06-2020,85.79086615,27.16102712,85.87678595,27.3050941
47107,"Landslide at khaherakhola, Sarumarani Rural Municipality-4",24-06-2020,82.79514874,27.94016678,82.86755313,28.01079696
47089,"Landslide at Kurgha, Phalebas Municipality-10",23-06-2020,83.63654851,28.11306889,83.67247972,28.14986117
47129,"Landslide at Serene, Kalimati Rural Municipality-6",23-06-2020,81.766711,28.2921451,81.887141,28.39233403
47074,"Landslide at Aghakhola, Mathagadhi Rural Municipality-1",22-06-2020,83.59887623,27.8165172,83.66574946,27.87199622
47078,"Landslide at Chyna, Marsyangdi Rural Municipality-4",22-06-2020,84.2485615,28.33364683,84.41019113,28.45656929
47079,"Landslide at Lumbra, Ribdikot Rural Municipality-6",22-06-2020,83.4276439,27.79876742,83.48058482,27.84659709
47081,"Landslide at Sammobari, Tansen Municipality-11",22-06-2020,83.48582204,27.83812057,83.52196754,27.89580233
47083,"Landslide at Jogipani, Tansen Municipality-11",22-06-2020,83.48582204,27.83812057,83.52196754,27.89580233
47092,"Landslide at Dharapani, Rampur Municipality-8",22-06-2020,83.79720184,27.84551079,83.86983007,27.88375716
47064,"Landslide at Simalghairi, Gorkha Municipality-13",21-06-2020,84.52159952,27.90490414,84.55852966,27.95919048
47068,"Landslide at Dhusel, Bagmati Rural Municipality-1",21-06-2020,85.23156603,27.52836629,85.28073259,27.56247363
47070,"Landslide at Pang, Kushma Municipality-1",21-06-2020,83.60903359,28.24522521,83.65628063,28.2832876
47075,"Landslide at Border Area, Makalu Rural Municipality-2",21-06-2020,87.19423556,27.55901224,87.30526585,27.67206135
47048,"Landslide at sahasagra, Kushma Municipality-1",20-06-2020,83.60903359,28.24522521,83.65628063,28.2832876
47049,"Landslide at Agaha Khola, Mathagadhi Rural Municipality-1",20-06-2020,83.59887623,27.8165172,83.66574946,27.87199622
47051,"Landslide at Bhattedada, Bagmati Rural Municipality-3",20-06-2020,85.26961411,27.47745714,85.31733481,27.53936822
47052,"Landslide at Phaparkhet, Kanthekhola Rural Municipality-4",20-06-2020,83.46491777,28.26750288,83.51563806,28.29411412
47053,"Landslide at Bhubanpata, Sitganga Municipality-2",20-06-2020,83.10497143,27.83354752,83.1638153,27.91305284
47054,"Landslide at Andhari Khola, Sarumarani Rural Municipality-4",20-06-2020,82.79514874,27.94016678,82.86755313,28.01079696
47055,"Landslide at Chapgaire, Purbakhola Rural Municipality-3",20-06-2020,83.75869757,27.79574427,83.82438753,27.83900501
47056,"Landslide at sirupate, Ribdikot Rural Municipality-3",20-06-2020,83.43936076,27.85359348,83.49137161,27.8971303
47061,"Landslide at Kulung, Gosaikunda Rural Municipality-3",20-06-2020,85.34167317,28.15107955,85.43920571,28.23202002
47062,"Landslide at Churelabes, Dhorpatan Municipality-1",20-06-2020,83.15847688,28.3164858,83.1862113,28.33854047
47065,"Landslide at Harrapata, Dhurkot Rural Municipality-3",20-06-2020,83.06619947,28.07724138,83.13990252,28.11521127
47066,"Landslide at Dhatiwang, Panini Rural Municipality-6",20-06-2020,83.17941786,27.86273503,83.23438625,27.91131757
47042,"Landslide at Dambara, Baglung Municipality-6",19-06-2020,83.56816121,28.27688532,83.59195564,28.30050454
47043,"Landslide at Hatiya, Ribdikot Rural Municipality-4",19-06-2020,83.46186688,27.82201396,83.49327091,27.88281471
47044,"Landslide at Virpani, Nisdi Rural Municipality-4",19-06-2020,83.86023772,27.726716,83.9449731,27.79939552
47023,"Landslide at Bhachek, Ajirkot Rural Municipality-5",18-06-2020,84.64111274,28.10886462,84.68816097,28.17340405
47029,"Landslide at Tintele, Sandakpur Rural Municipality-4",18-06-2020,87.94634196,27.01150627,88.02203327,27.10500961
47030,"Landslide at Hangmasuli, Fakphokthum Rural Municipality-6",18-06-2020,87.77779256,26.94436086,87.8174945,27.01760588
47033,"Landslide at Niechya, Marsyangdi Rural Municipality-6",18-06-2020,84.39702319,28.31320214,84.57895757,28.48283323
47038,Landslide at Besishahar Municipality-11,18-06-2020,84.40607488,28.16444497,84.45863596,28.23065212
47045,"Landslide at Martadi, Badimalika Municipality-8",18-06-2020,81.45229428,29.38362512,81.57321487,29.46467609
47013,Landslide at Ichchhyakamana Rural Municipality-6,17-06-2020,84.49429017,27.77624768,84.58991335,27.83920784
47015,"Landslide at Ekhabu, Phaktanglung Rural Municipality-4",17-06-2020,87.66417523,27.45988634,87.76754864,27.55830824
47022,"Landslide at Bhattadada, Bagmati Rural Municipality-6",17-06-2020,85.29692865,27.43401121,85.34496446,27.47550707
47037,"Landslide at Sano Chuilaikodo, Bagmati Rural Municipality-5",17-06-2020,85.2875299,27.46307056,85.3436188,27.50114985
47010,"Landslide at Machkhola, Bagmati Rural Municipality-3",16-06-2020,85.26961411,27.47745714,85.31733481,27.53936822
47016,"Landslide at Shreedale, Tyamkemaiyung Rural Municipality-2",16-06-2020,86.89511762,27.2133401,86.98953964,27.26846343
47001,"Landslide at Durlung, Kushma Municipality-3",13-06-2020,83.6577311,28.23778257,83.72242489,28.27304481
46992,"Landslide at Samtar, Makalu Rural Municipality-3",12-06-2020,87.27348777,27.55282914,87.35981243,27.66712943
46975,"Landslide at Jhakas, Bhimad Municipality-5",10-06-2020,84.08107565,27.94015823,84.16339135,27.9763451
46978,"Landslide at mad, Malikaarjun Rural Municipality-3",10-06-2020,80.46444941,29.71939846,80.52781346,29.77432336
46972,"Landslide at Kotgau, Raghuganga Rural Municipality-6",09-06-2020,83.43748162,28.41921171,83.52368058,28.49578927
46951,"Landslide at Majhigau, Biruwa Rural Municipality-1",06-06-2020,83.88600487,28.01335178,83.92517911,28.0416335
46906,Landslide at Laligurans Municipality-1,30-05-2020,87.40583232,27.13768554,87.43803423,27.1773573
46895,"Landslide at Jurikhet, Bhimphedi Rural Municipality-6",28-05-2020,85.07844549,27.53293926,85.17224389,27.58717137
46820,"Landslide at Betani, Pokhara Lekhnath Metropolitan City-28",23-05-2020,84.04293186,28.1875692,84.14779633,28.22395123
46626,"Landslide at kade, Laligurans Municipality-9",01-05-2020,87.45120051,27.12542353,87.48695281,27.18396378
46191,"Landslide at Bamrang , Benighat Rorang Rural Municipality-6",27-03-2020,84.73433525,27.73427614,84.79690169,27.78406915
45577,"Landslide at Syaulibazar, Dakshinkali Municipality-8",17-01-2020,85.23876408,27.57044852,85.28515391,27.60517664
45578,"Landslide at Panglung Toll, Bagmati Rural Municipality-3",17-01-2020,85.26961411,27.47745714,85.31733481,27.53936822
45584,"Landslide at Shantinagar, Purbichauki Rural Municipality-1",17-01-2020,81.01378634,29.26240703,81.05391979,29.30396631
45220,Landslide at Simta Rural Municipality-3,13-12-2019,81.9382693,28.57320958,82.02696991,28.62632844
45221,"Landslide at Bhasubhari, Chure Rural Municipality-5",13-12-2019,80.54292162,28.91450916,80.6716874,28.99705438
44691,"Landslide at Pakhapani, Sarumarani Rural Municipality-5",03-10-2019,82.7514877,27.92945735,82.82741811,27.98040795
44673,"Landslide at mainikhola, Gurans Rural Municipality-1",01-10-2019,81.54650297,28.70901329,81.60211192,28.76489696
44653,"Landslide at Luphajung, Sangurigadhi Rural Municipality-5",30-09-2019,87.36227157,26.84566329,87.42072765,26.90159716
44660,Landslide at Gurans Rural Municipality-1,30-09-2019,81.54650297,28.70901329,81.60211192,28.76489696
44661,"Landslide at Dhungri, Bithadchir Rural Municipality-2",30-09-2019,80.77166637,29.53225292,80.83102533,29.56809531
44668,Landslide at Halesi Tuwachung Municipality-10,30-09-2019,86.65423419,27.1409326,86.7041071,27.23757076
44648,"Landslide at Syage, Marsyangdi Rural Municipality-4",28-09-2019,84.2485615,28.33364683,84.41019113,28.45656929
44649,"Landslide at Milanchok, Bhojpur Municipality-10",28-09-2019,87.05331976,27.17292066,87.10428309,27.22593255
44650,"Landslide at Salme, Nechasalyan Rural Municipality-6",28-09-2019,86.5493195,27.39750117,86.63123672,27.44798225
44641,"Landslide at Rupse, Annapurna Rural Municipality-3",27-09-2019,83.57384955,28.50137914,83.6605092,28.5899958
44601,"Landslide at Dobhan, Makalu Rural Municipality-5",23-09-2019,87.22990404,27.50031372,87.46068989,27.57801127
44602,"Landslide at Bhandarimod, Chainpur Municipality-7",23-09-2019,87.28306525,27.26660021,87.34325812,27.30897765
44607,"Landslide at Khariya, Kushma Municipality-7",23-09-2019,83.68174034,28.21518486,83.6980059,28.23558605
44594,"Landslide at Devisthan, Malika Rural Municipality-4",21-09-2019,83.27264338,28.40573069,83.36374103,28.4588874
44625,"Landslide at Goiri, Aathbiskot Municipality-11",21-09-2019,82.28343853,28.75479202,82.35408924,28.79031197
44626,"Landslide at Radi, Aathbiskot Municipality-9",21-09-2019,82.3468625,28.76125661,82.40145112,28.79893822
44628,"Landslide at Ratmate, Chisankhugadhi Rural Municipality-4",21-09-2019,86.56944188,27.28801754,86.61994389,27.34371421
44592,"Landslide at Phulbari, Dhulikhel Municipality-11",20-09-2019,85.56782362,27.58360326,85.6277279,27.62254815
44574,"Landslide at Gamdibesi, Roshi Rural Municipality-9",19-09-2019,85.68801981,27.43787783,85.7532052,27.49952876
44581,"Landslide at Sisner, Resunga Municipality-7",19-09-2019,83.21080676,28.0529277,83.24247939,28.0781088
44551,"Landslide at Jaisithok, Panchkhal Municipality-4",18-09-2019,85.61060523,27.64284783,85.64562272,27.66970037
44569,"Landslide at Shreedanda, Temal Rural Municipality-2",18-09-2019,85.71230351,27.5303534,85.74333668,27.57265476
44571,Landslide at Katari Municipality-14,18-09-2019,86.36568193,27.1078772,86.43814447,27.17993974
44573,"Landslide at Simle, Chautara SangachokGadhi Municipality-11",18-09-2019,85.679308,27.64171227,85.73169921,27.7008869
44575,"Landslide at Tharuwa, Namobuddha Municipality-3",18-09-2019,85.64247207,27.56043072,85.6786256,27.6036749
44577,"Landslide at Batase, Ribdikot Rural Municipality-7",18-09-2019,83.39674888,27.79041174,83.43512896,27.89339915
44580,"Landslide at Jhokedi, Rambha Rural Municipality-2",18-09-2019,83.65845282,27.84943783,83.72775001,27.90596868
44582,"Landslide at Goiri, Aathbiskot Municipality-11",18-09-2019,82.28343853,28.75479202,82.35408924,28.79031197
44539,"Landslide at Kotmuni, Phedikhola Rural Municipality-4",17-09-2019,83.8285445,28.14063312,83.89861416,28.21430361
44540,"Landslide at Preambasti, Annapurna Rural Municipality-4",17-09-2019,83.76555458,28.2555146,83.83662901,28.2859046
44542,"Landslide at Syalaket, Banfikot Rural Municipality-9",17-09-2019,82.41692545,28.66321315,82.45896163,28.69819859
44543,Landslide at Chichila Rural Municipality-2,17-09-2019,87.14455242,27.44481216,87.21680657,27.49723479
44549,"Landslide at Helambu, Mandandeupur Municipality-7",17-09-2019,85.58619377,27.70753695,85.62398345,27.74879797
44552,"Landslide at Chyamache, Marsyangdi Rural Municipality-4",17-09-2019,84.2485615,28.33364683,84.41019113,28.45656929
44553,"Landslide at Chainpur, Pokhara Lekhnath Metropolitan City-23",17-09-2019,83.79838744,28.19404441,83.93526207,28.26697324
44554,"Landslide at Neta, MadhyaNepal Municipality-10",17-09-2019,84.28070349,28.14189462,84.32018588,28.1809808
44557,"Landslide at Jhula, Banfikot Rural Municipality-9",17-09-2019,82.41692545,28.66321315,82.45896163,28.69819859
44587,"Landslide at Okhare, Ramprasad Rai Rural Municipality-1",17-09-2019,86.91697105,27.08691334,86.99718076,27.13547355
44532,"Landslide at Chapleti, Dhulikhel Municipality-2",16-09-2019,85.54181182,27.64984357,85.57792989,27.68182353
44537,"Landslide at Jogepathar, Aamchowk Rural Municipality-9",16-09-2019,86.99889121,26.88641288,87.05821704,26.94549805
44517,"Landslide at Sarkichautara, Phungling Municipality-2",15-09-2019,87.62259815,27.3530886,87.65797315,27.37944847
44490,"Landslide at Hedbaksa, Tinau Rural Municipality-3",13-09-2019,83.46107837,27.70502737,83.5877999,27.78384995
44491,"Landslide at Cherlawang, Thawang Rural Municipality-2",13-09-2019,82.65673337,28.44182553,82.73207503,28.5238428
44492,"Landslide at Pipalla, Dipayal Silgadi Municipality-4",13-09-2019,80.92133677,29.22612969,80.96043553,29.25978998
44516,"Landslide at Bohora ganu, Palungtar Municipality-4",12-09-2019,84.47127817,28.00982181,84.52806361,28.05814991
44466,"Landslide at Pokhari, Rawa Besi Rural Municipality-6",11-09-2019,86.72156554,27.26323401,86.78719351,27.31446018
44476,"Landslide at Chun, Musikot Municipality-10",11-09-2019,82.48715449,28.55124959,82.53583476,28.58415068
44480,"Landslide at Badadhunga, Chhedagad Municipality-6",11-09-2019,81.9358691,28.76055928,82.04326718,28.79609804
44456,"Landslide at Majhekhark, Sotang Rural Municipality-2",10-09-2019,86.74753217,27.49595473,86.80802589,27.60360716
44463,"Landslide at Samar, Baragung Muktikhsetra Rural Municipality-3",10-09-2019,83.54812563,28.79753134,84.05182074,29.04383662
44445,"Landslide at Ghopte, Thasang Rural Municipality-4",08-09-2019,83.56684333,28.56472478,83.73690213,28.67841203
44431,"Landslide at Gothichaur, Sisne Rural Municipality-7",07-09-2019,82.53752233,28.60962327,82.57834717,28.64705082
44436,Landslide at Sangurigadhi Rural Municipality-10,07-09-2019,87.16233207,26.86336439,87.23107868,26.92418942
44442,"Landslide at Nauli, Chaurjahari Municipality-14",07-09-2019,82.30844941,28.57936544,82.3563705,28.6331982
44417,"Landslide at Pyutar, Bagmati Rural Municipality-4",05-09-2019,85.25467602,27.45118389,85.3034778,27.48686368
44419,"Landslide at Kalleri, Panchakhapan Municipality-8",05-09-2019,87.32822209,27.32192485,87.37021411,27.36296377
44420,"Landslide at Waku, Mapya Dudhkoshi Rural Municipality-6",05-09-2019,86.69085329,27.47399798,86.73850444,27.54104477
44583,"Landslide at Naji, Byas Rural Municipality-5",05-09-2019,80.57935487,29.92554013,80.62663414,29.96424017
44411,"Landslide at Sulichaur, Sunchhahari Rural Municipality-1",04-09-2019,82.76730089,28.36306616,82.89305545,28.47877272
44399,"Landslide at Pokhari, Rawa Besi Rural Municipality-6",03-09-2019,86.72156554,27.26323401,86.78719351,27.31446018
44402,"Landslide at Dhusel, Bagmati Rural Municipality-1",03-09-2019,85.23156603,27.52836629,85.28073259,27.56247363
44403,"Landslide at Jalibagar, Chabispathivera Rural Municipality-1",03-09-2019,81.04974058,29.48875647,81.1315451,29.52031365
44408,"Landslide at Nagidanda, Panchakhapan Municipality-7",03-09-2019,87.29695588,27.31370295,87.33399293,27.35834571
44393,"Landslide at Pangre Bhir, Falgunanda Rural Municipality-3",02-09-2019,87.75375544,27.02960222,87.84482525,27.06724315
44369,"Landslide at Bahramail, Kakani Rural Municipality-2",01-09-2019,85.21729682,27.77146248,85.26950044,27.81578363
44371,"Landslide at Timile, Bheri Municipality-2",01-09-2019,82.1492109,28.70072364,82.23393368,28.80792466
44373,"Landslide at Thumalung, Salpasilichho Rural Municipality-6",01-09-2019,86.92383559,27.30559675,87.0314638,27.38880814
44376,"Landslide at manmaiju, Tarakeshwor Municipality-9",01-09-2019,85.30155362,27.74292509,85.3179379,27.76071039
44378,"Landslide at Dhadabeshi, Bulingtar Rural Municipality-1",01-09-2019,84.22978559,27.76682341,84.30574055,27.83798769
44380,"Landslide at Dhunsa, Solududhakunda Municipality-8",01-09-2019,86.49804281,27.38863054,86.56612393,27.47601299
44386,"Landslide at Gharikhola, Aathbiskot Municipality-10",01-09-2019,82.36310822,28.72952271,82.44589245,28.78316267
44359,"Landslide at Chaitali, Shailyashikhar Municipality-6",31-08-2019,80.47471433,29.70139155,80.53449632,29.74684411
44374,"Landslide at Tinlachyane, Nechasalyan Rural Municipality-6",31-08-2019,86.5493195,27.39750117,86.63123672,27.44798225
44382,"Landslide at Nimnung , Jugal Rural Municipality-2",31-08-2019,85.69277115,27.85759222,85.79686022,28.04745458
44320,Landslide at Kedarseu Rural Municipality-8,26-08-2019,80.9394143,29.49251056,80.98861135,29.53852328
44310,"Landslide at Lidi, Jugal Rural Municipality-2",25-08-2019,85.69277115,27.85759222,85.79686022,28.04745458
44299,"Landslide at Rumba, Bagmati Rural Municipality-6",24-08-2019,85.29692865,27.43401121,85.34496446,27.47550707
44301,"Landslide at Japhe, Tamakoshi Rural Municipality-3",24-08-2019,86.08101014,27.52467508,86.1254117,27.57176623
44303,Landslide at Tinau Rural Municipality-3,24-08-2019,83.46107837,27.70502737,83.5877999,27.78384995
44305,Landslide at Marma Rural Municipality-4,24-08-2019,80.72844352,29.73619155,80.81533909,29.7876482
44293,"Landslide at Timure, Gosaikunda Rural Municipality-2",23-08-2019,85.35805086,28.21724254,85.55786646,28.33702908
44306,"Landslide at Salle, Jiri Municipality-9",23-08-2019,86.15132115,27.56218275,86.2021082,27.60617542
44269,"Landslide at Marbu, Gaurishankar Rural Municipality-7",22-08-2019,86.24934069,27.73145395,86.43868602,27.84226505
44262,"Landslide at Samatar, Makalu Rural Municipality-3",21-08-2019,87.27348777,27.55282914,87.35981243,27.66712943
44265,"Landslide at Kapan Paiyutar, Budhanilakantha Municipality-11",21-08-2019,85.35085903,27.73167455,85.37996407,27.75369781
44270,"Landslide at Khurkot, Kushma Municipality-2",21-08-2019,83.63757102,28.23710439,83.68400471,28.28629652
44278,"Landslide at Rutika, Gangadev Rural Municipality-1",21-08-2019,84.72077477,28.14852877,84.79977076,28.37049386
44258,"Landslide at Sisnera, Beni Municipality-6",20-08-2019,83.53263667,28.33612912,83.56586447,28.35901861
44205,"Landslide at Kilu, Annapurna Rural Municipality-10",17-08-2019,83.7646299,28.3299835,83.82455971,28.3866459
44201,"Landslide at Joru, Swami Kartik Rural Municipality-1",16-08-2019,81.7092391,29.37404651,81.76723563,29.44390028
44187,"Landslide at Thak, Madi Rural Municipality-7",14-08-2019,84.05628474,28.24812155,84.08431269,28.28729035
44114,"Landslide at Bhatpull, Mandandeupur Municipality-11",11-08-2019,85.61774393,27.66341126,85.65850213,27.69523474
44117,"Landslide at Pokhare, Chautara SangachokGadhi Municipality-11",11-08-2019,85.679308,27.64171227,85.73169921,27.7008869
44121,"Landslide at Sanghu, Pokhara Lekhnath Metropolitan City-29",11-08-2019,84.05280224,28.13596512,84.07597308,28.16093373
44116,"Landslide at Deurali , Mandandeupur Municipality-9",10-08-2019,85.61657005,27.69089106,85.64452431,27.73038666
44125,"Landslide at Lamabagar, Bigu Rural Municipality-1",10-08-2019,86.07927822,27.81742183,86.29998206,28.17417557
44065,"Landslide at Ashrang, Bagmati Rural Municipality-7",06-08-2019,85.33373521,27.40796334,85.40127799,27.47582359
44066,"Landslide at Chautis Kilo, Kakani Rural Municipality-4",06-08-2019,85.19209189,27.80622527,85.24732536,27.84350716
44067,"Landslide at Sitiarobari, Apihimal Rural Municipality-1",06-08-2019,80.834037,29.8255335,81.04079568,29.9930825
44068,"Landslide at Tilauchaur, Shailyashikhar Municipality-6",06-08-2019,80.47471433,29.70139155,80.53449632,29.74684411
44081,"Landslide at Khale HIplo, Chautara SangachokGadhi Municipality-3",06-08-2019,85.71362999,27.78846096,85.74800942,27.8345747
44082,"Landslide at Simmasing, Balefi Rural Municipality-3",06-08-2019,85.77814415,27.77359922,85.83668054,27.81344295
44041,"Landslide at Lammela, Taman Khola Rural Municipality-4",05-08-2019,83.25272135,28.38711081,83.29688507,28.43336693
44058,"Landslide at Lekhaphanta, Jaljala Rural Municipality-6",05-08-2019,83.60793226,28.31344531,83.66197416,28.36050888
44040,"Landslide at Thumi Jamune, Aarughat Rural Municipality-3",04-08-2019,84.80649891,28.11457828,84.86902074,28.15885098
44044,"Landslide at Naumagyang, Bhume Rural Municipality-6",04-08-2019,82.61430969,28.52125455,82.70059538,28.56884207
44045,Landslide at Aathbiskot Municipality-6,04-08-2019,82.47676115,28.82167376,82.70030189,28.99206402
44008,"Landslide at Jhagadedhara, Gaurishankar Rural Municipality-1",03-08-2019,86.15246577,27.65514023,86.25332556,27.71358635
44009,"Landslide at Tiruwa, Bhotkhola Rural Municipality-4",03-08-2019,87.30295277,27.64077165,87.40260682,27.73206762
44011,"Landslide at Garje, Gaurishankar Rural Municipality-3",03-08-2019,86.14907709,27.67908585,86.22636666,27.73637925
43992,"Landslide at Sakfara, Chulachuli Rural Municipality-6",01-08-2019,87.59961128,26.75238936,87.70280114,26.8673308
44000,"Landslide at Basala Shantitol, Gaumul Rural Municipality-6",01-08-2019,81.40552129,29.45680022,81.44556997,29.50862579
44004,"Landslide at Hampa, Aathbiskot Municipality-14",01-08-2019,82.27588362,28.700374,82.34649974,28.75141421
43986,Landslide at Khandachakra Municipality-3,31-07-2019,81.59616676,29.12503132,81.62810558,29.15080887
43974,"Landslide at Dudhkoshi, Sailung Rural Municipality-1",29-07-2019,85.8844007,27.56261209,85.97794367,27.62772976
43949,"Landslide at Gagregagachre, Chaurideurali Rural Municipality-2",28-07-2019,85.83453864,27.59281568,85.88099126,27.63267384
43940,"Landslide at Hapsecharu, Thakre Rural Municipality-7",27-07-2019,85.08308957,27.70112521,85.11634631,27.74779924
43941,"Landslide at Timure, Gosaikunda Rural Municipality-2",27-07-2019,85.35805086,28.21724254,85.55786646,28.33702908
43943,"Landslide at Kalekhola, Subha Kalika Rural Municipality-1",27-07-2019,81.56181514,29.06285707,81.58446408,29.10803711
43944,"Landslide at Dharmashala, Mapya Dudhkoshi Rural Municipality-7",27-07-2019,86.70197873,27.50128256,86.7884177,27.61668245
43904,"Landslide at Ranikhola, Bhokraha Rural Municipality-1",26-07-2019,87.09047288,26.62116104,87.11818176,26.66293114
43914,"Landslide at Suman, Khandbari Municipality-3",26-07-2019,87.18918743,27.38902745,87.22051556,27.41504382
43917,Landslide at Miklajung Rural Municipality-7,26-07-2019,87.56671887,26.85989671,87.62065219,26.93152607
43918,"Landslide at Torke, Chaubise Rural Municipality-2",26-07-2019,87.48556541,26.8710038,87.53179781,26.93390019
43919,"Landslide at Deurali, Chaubise Rural Municipality-7",26-07-2019,87.41619271,26.8786591,87.46884429,26.9315323
43920,Landslide at Chaubise Rural Municipality-8,26-07-2019,87.45666305,26.86184798,87.50734947,26.9300788
43922,"Landslide at Gaganekhola, Subha Kalika Rural Municipality-1",26-07-2019,81.56181514,29.06285707,81.58446408,29.10803711
43925,"Landslide at Chaitalichaur, Shailyashikhar Municipality-6",26-07-2019,80.47471433,29.70139155,80.53449632,29.74684411
43929,"Landslide at Sano Muktara, Chaubise Rural Municipality-1",26-07-2019,87.50683592,26.85700228,87.58011195,26.88919819
43932,"Landslide at Susingtar, Gaurishankar Rural Municipality-7",26-07-2019,86.24934069,27.73145395,86.43868602,27.84226505
43933,"Landslide at Shrijanshiltoll, Kawasoti Municipality-16",26-07-2019,84.079979,27.6109001,84.10632516,27.64839511
43893,"Landslide at Khabuwa, Fakphokthum Rural Municipality-7",25-07-2019,87.75832466,26.91426151,87.79238965,26.98881909
43894,"Landslide at Gumbadanda, Illam Municipality-6",25-07-2019,87.90596294,26.91205797,87.94066714,26.93838245
43895,"Landslide at Mangtewa, Silichong Rural Municipality-4",25-07-2019,87.11368391,27.44755823,87.16304362,27.52829742
43901,Landslide at Sarkegad Rural Municipality-4,25-07-2019,81.92730562,29.75005218,81.99072399,29.80163295
43905,"Landslide at Sitalpati, Dhankuta Municipality-7",25-07-2019,87.32940569,26.9533965,87.35363779,26.97364089
43915,"Landslide at Sonawan, Mapya Dudhkoshi Rural Municipality-7",25-07-2019,86.70197873,27.50128256,86.7884177,27.61668245
43923,"Landslide at Daunamara, Dhakari Rural Municipality-4",25-07-2019,81.1019992,28.9366573,81.21790327,29.02929771
43924,"Landslide at Thulasain, Dhakari Rural Municipality-3",25-07-2019,81.17409093,28.97042989,81.25813323,29.03641289
43859,"Landslide at Shreepur, Bakaiya Rural Municipality-5",24-07-2019,85.13783185,27.29995454,85.20607899,27.36671312
43860,"Landslide at Likhakhola, Gurans Rural Municipality-4",24-07-2019,81.60182149,28.68977489,81.65679003,28.77030875
43861,"Landslide at Tallo Dungeshwor, Gurans Rural Municipality-1",24-07-2019,81.54650297,28.70901329,81.60211192,28.76489696
43865,"Landslide at Shrijanshill toll, Mechinagar Municipality-7",24-07-2019,88.10860252,26.60139321,88.16229461,26.65880652
43866,"Landslide at Samdu, Phedap Rural Municipality-4",24-07-2019,87.55054074,27.2141949,87.60359222,27.2860467
43867,Landslide at Chhathar Rural Municipality-2,24-07-2019,87.42664842,27.00056022,87.45896319,27.0762497
43872,Landslide at Khandbari Municipality-3,24-07-2019,87.18918743,27.38902745,87.22051556,27.41504382
43874,"Landslide at Lamidada, Kalinchok Rural Municipality-4",24-07-2019,86.11340153,27.71230024,86.16059055,27.74642214
43883,"Landslide at bakhreawat, Dullu Municipality-1",24-07-2019,81.55220297,28.77903774,81.59568774,28.84926865
43884,Landslide at Dungeshwor Rural Municipality-6,24-07-2019,81.64697158,28.71477014,81.69592374,28.77331458
43890,"Landslide at Ranaganu, Bheri Municipality-4",24-07-2019,82.16182333,28.67726239,82.2242378,28.72480976
43827,"Landslide at Jyamire, Galkot Municipality-8",23-07-2019,83.35546299,28.16379661,83.41061966,28.20917505
43832,"Landslide at Karadi, Galyang Municipality-8",23-07-2019,83.70302898,27.94183699,83.73561084,27.97813048
43833,"Landslide at Yangpang, Sirijangha Rural Municipality-5",23-07-2019,87.83731961,27.36120448,87.88421289,27.41343596
43845,"Landslide at Mohnadrada, Galyang Municipality-5",23-07-2019,83.5839913,27.9584538,83.65183572,28.01638788
43846,"Landslide at Limgha, Satyawati Rural Municipality-4",23-07-2019,83.45032992,27.99561149,83.50305691,28.04973172
43847,"Landslide at Thulo lumpek, Satyawati Rural Municipality-3",23-07-2019,83.48882768,27.97775707,83.54626087,28.03988553
43848,"Landslide at Sindi, Satyawati Rural Municipality-3",23-07-2019,83.48882768,27.97775707,83.54626087,28.03988553
43849,"Landslide at Rimli, Kaligandaki Rural Municipality-5",23-07-2019,83.4779002,28.0384107,83.54159445,28.08383173
43854,"Landslide at Sobhangtoll, Chichila Rural Municipality-1",23-07-2019,87.21093798,27.4375345,87.27077426,27.49240934
43855,"Landslide at Manebhyangyang, Khandbari Municipality-3",23-07-2019,87.18918743,27.38902745,87.22051556,27.41504382
43856,Landslide at Chulachuli Rural Municipality-1,23-07-2019,87.76259794,26.66464253,87.81808609,26.72108263
43868,"Landslide at Shekha, Khandbari Municipality-4",23-07-2019,87.1686493,27.40233051,87.2014863,27.45252171
43869,"Landslide at Jyamire, Khandbari Municipality-4",23-07-2019,87.1686493,27.40233051,87.2014863,27.45252171
43870,Landslide at Khandbari Municipality-1,23-07-2019,87.18690053,27.36949776,87.22564595,27.39014847
43871,Landslide at Panchakhapan Municipality-6,23-07-2019,87.26437928,27.32327778,87.3173874,27.35153581
43823,"Landslide at Dana Gunthe, Annapurna Rural Municipality-3",22-07-2019,83.57384955,28.50137914,83.6605092,28.5899958
43826,Landslide at Shailyashikhar Municipality-6,22-07-2019,80.47471433,29.70139155,80.53449632,29.74684411
43829,"Landslide at Jankalyantoll, Khandbari Municipality-3",22-07-2019,87.18918743,27.38902745,87.22051556,27.41504382
43830,"Landslide at Manebhyanjyang, Khandbari Municipality-3",22-07-2019,87.18918743,27.38902745,87.22051556,27.41504382
43800,"Landslide at kalpani, Gurbhakot Municipality-2",20-07-2019,81.90439984,28.35330444,81.9760011,28.38674376
43795,"Landslide at Musten, Silichong Rural Municipality-1",19-07-2019,86.94016531,27.43607156,87.10605395,27.54182217
43776,"Landslide at Amreng, Makalu Rural Municipality-5",18-07-2019,87.22990404,27.50031372,87.46068989,27.57801127
43781,"Landslide at Bhagle, Banfikot Rural Municipality-3",18-07-2019,82.47316574,28.66146102,82.55235834,28.7481523
43767,"Landslide at Kechung, Meringden Rural Municipality-5",17-07-2019,87.52279122,27.42408313,87.61531963,27.46163509
43768,"Landslide at Kagune, Shahidbhumi Rural Municipality-2",17-07-2019,87.14829697,26.9284466,87.21464201,26.98386629
43771,"Landslide at Thaldada, Khandbari Municipality-6",17-07-2019,87.21756135,27.38003502,87.25753883,27.44603978
43772,"Landslide at Shambugaun, Shahidbhumi Rural Municipality-2",17-07-2019,87.14829697,26.9284466,87.21464201,26.98386629
43773,"Landslide at Kapan, Budhanilakantha Municipality-10",17-07-2019,85.34900765,27.72658085,85.35855118,27.74339136
43774,"Landslide at Nauchal, Suryabinayak Municipality-8",17-07-2019,85.423542,27.62295872,85.44712076,27.66657599
43775,Landslide at Falelung Rural Municipality-3,17-07-2019,87.88400528,27.18130086,88.01563673,27.24440005
43748,"Landslide at Chautalichowk, Malikaarjun Rural Municipality-3",16-07-2019,80.46444941,29.71939846,80.52781346,29.77432336
43753,"Landslide at Kalleri, Gangajamuna Rural Municipality-5",16-07-2019,84.88786684,28.03167651,84.95668372,28.12014015
43760,"Landslide at Aahale, Mahalaxmi Municipality-9",16-07-2019,87.33323053,27.07807239,87.39274787,27.10300167
43763,Landslide at Madi Rural Municipality-10,16-07-2019,84.13581048,28.21049663,84.17194525,28.25656349
43718,Landslide at Miklajung Rural Municipality-7,15-07-2019,87.56671887,26.85989671,87.62065219,26.93152607
43719,Landslide at Sangurigadhi Rural Municipality-2,15-07-2019,87.33783761,26.90032106,87.36838717,26.94025785
43720,Landslide at Mahalaxmi Municipality-6,15-07-2019,87.25425721,27.09685419,87.31506995,27.12442674
43722,"Landslide at Markhu, Indrasarowar Rural Municipality-1",15-07-2019,85.13080862,27.57773393,85.18373949,27.6367773
43723,"Landslide at Chaumata, Indrasarowar Rural Municipality-1",15-07-2019,85.13080862,27.57773393,85.18373949,27.6367773
43724,Landslide at Indrasarowar Rural Municipality-2,15-07-2019,85.13133756,27.55483781,85.20522155,27.61652729
43725,"Landslide at Chitradhari, Dakshinkali Municipality-8",15-07-2019,85.23876408,27.57044852,85.28515391,27.60517664
43728,"Landslide at Dillibagar, Rautamai Rural Municipality-8",15-07-2019,86.60383551,26.91785946,86.66775644,26.98174297
43729,"Landslide at Shihang, Falelung Rural Municipality-5",15-07-2019,87.89164032,27.13084115,87.9962879,27.18826236
43741,"Landslide at Lamagaun, Dakshinkali Municipality-9",15-07-2019,85.2218859,27.59468351,85.25879813,27.65009256
43742,"Landslide at Gagate, Bhimphedi Rural Municipality-8",15-07-2019,85.18190701,27.45424567,85.26155758,27.53718931
43743,"Landslide at Lingling, Gosaikunda Rural Municipality-2",15-07-2019,85.35805086,28.21724254,85.55786646,28.33702908
43744,Landslide at Nashong Rural Municipality-1,15-07-2019,84.32284969,28.45203665,84.41742099,28.49570456
43745,"Landslide at Arkhala, Bulingtar Rural Municipality-4",15-07-2019,84.12885965,27.75305529,84.1959518,27.84652107
43746,"Landslide at Simal Kaharka, Palungtar Municipality-4",15-07-2019,84.47127817,28.00982181,84.52806361,28.05814991
43764,"Landslide at Kahsur, Besishahar Municipality-10",15-07-2019,84.36659257,28.19972818,84.43895518,28.28635316
43664,"Landslide at Batase, Katari Municipality-9",14-07-2019,86.42904767,27.00349562,86.48615085,27.08707312
43667,"Landslide at Patle, Mahakulung Rural Municipality-1",14-07-2019,86.79472411,27.49051735,86.84193331,27.56815059
43688,"Landslide at Change, Aathrai Tribeni Rural Municipality-4",14-07-2019,87.54219486,27.28688065,87.61528952,27.35469716
43693,"Landslide at Chinamukhi, Tyamkemaiyung Rural Municipality-2",14-07-2019,86.89511762,27.2133401,86.98953964,27.26846343
43695,"Landslide at Batase, Katari Municipality-9",14-07-2019,86.42904767,27.00349562,86.48615085,27.08707312
43698,Landslide at Likhupike Rural Municipality-2,14-07-2019,86.3556032,27.48469742,86.46618001,27.55111244
43700,"Landslide at Fixbas, Sangurigadhi Rural Municipality-4",14-07-2019,87.32601472,26.87190819,87.38150343,26.91408469
44026,Landslide at Sunkoshi Rural Municipality-2,14-07-2019,86.28096869,27.23134703,86.34636855,27.29010791
43623,"Landslide at Chiruwa, Suryodaya Municipality-4",13-07-2019,88.10063209,26.85833583,88.1518601,26.93177586
43624,"Landslide at Mulkharka, Deumai Municipality-3",13-07-2019,87.82488262,26.91576315,87.89436532,26.98347961
43626,"Landslide at Tusang, Ramprasad Rai Rural Municipality-5",13-07-2019,87.03379651,27.0631608,87.12449934,27.12145602
43630,"Landslide at Bunitar, Dudhouli Municipality-12",13-07-2019,86.20787511,27.05628582,86.30218759,27.13066185
43632,"Landslide at Karamtar, Ramechhap Municipality-7",13-07-2019,86.07532179,27.26773887,86.13559577,27.34252154
43634,Landslide at Mahankal Rural Municipality-1,13-07-2019,85.34271591,27.47086369,85.38407409,27.5198337
43635,"Landslide at Sankhu, Konjyosom Rural Municipality-2",13-07-2019,85.30556983,27.47684046,85.36209929,27.5304903
43644,"Landslide at Majkharka, Siddhicharan Municipality-6",13-07-2019,86.44017019,27.37055115,86.53813216,27.45450773
43645,"Landslide at Patle, Molung Rural Municipality-7",13-07-2019,86.39243565,27.37794251,86.4568274,27.43604303
43646,"Landslide at Tinpate, Udayapurgadhi Rural Municipality-6",13-07-2019,86.47641752,26.83138183,86.54514727,26.93192362
43647,"Landslide at Shiwa, Miklajung Rural Municipality-1",13-07-2019,87.64624655,26.97002956,87.71213173,27.01689448
43648,"Landslide at Mahabirtoll, Chhathar Rural Municipality-6",13-07-2019,87.43409685,27.0654017,87.49176699,27.1013796
43657,"Landslide at Talti, Benighat Rorang Rural Municipality-2",13-07-2019,84.75748821,27.67144202,84.8648539,27.76518624
43658,"Landslide at Dhandada, Bagmati Rural Municipality-4",13-07-2019,85.25467602,27.45118389,85.3034778,27.48686368
43659,"Landslide at Kainpani, Banglachuli Rural Municipality-8",13-07-2019,82.58639643,27.90986514,82.72914409,27.96685693
43660,"Landslide at Siddhababa, Tinau Rural Municipality-3",13-07-2019,83.46107837,27.70502737,83.5877999,27.78384995
43662,"Landslide at Kasil Khola, Mudkechula Rural Municipality-1",13-07-2019,82.53910468,28.9754416,82.63450588,29.02794903
43665,"Landslide at Mahabirtoll, Chhathar Rural Municipality-6",13-07-2019,87.43409685,27.0654017,87.49176699,27.1013796
43669,Landslide at Pakhribas Municipality-4,13-07-2019,87.25823893,27.03944191,87.28867106,27.06886983
43670,"Landslide at Gidde, Chaubise Rural Municipality-7",13-07-2019,87.41619271,26.8786591,87.46884429,26.9315323
43671,"Landslide at Ghuthitar, Dhankuta Municipality-9",13-07-2019,87.27153577,26.91729493,87.33440438,26.98292159
43672,"Landslide at Pakhribas, Pakhribas Municipality-4",13-07-2019,87.25823893,27.03944191,87.28867106,27.06886983
43673,"Landslide at Hubrewa, Sangurigadhi Rural Municipality-4",13-07-2019,87.32601472,26.87190819,87.38150343,26.91408469
43679,"Landslide at Panchkilo, Bhimphedi Rural Municipality-9",13-07-2019,84.98556464,27.51419215,85.09517113,27.61225347
43680,"Landslide at Bhaluwang, Rapti Rural Municipality-1",13-07-2019,82.73787691,27.82311274,82.81018894,27.88320231
43689,"Landslide at Kotdada, Bhojpur Municipality-12",13-07-2019,87.02770263,27.09576083,87.10174686,27.17652506
43690,"Landslide at Thapre, Arun Rural Municipality-4",13-07-2019,87.16992394,27.15764195,87.24515354,27.23091009
43691,Landslide at Pauwadungma Rural Municipality-2,13-07-2019,87.11316714,27.15262444,87.16582008,27.20260303
43692,Landslide at Tyamkemaiyung Rural Municipality-9,13-07-2019,86.89479348,27.09727804,86.96373241,27.16218656
43699,"Landslide at Pipal Dada, Panchakhapan Municipality-7",13-07-2019,87.29695588,27.31370295,87.33399293,27.35834571
43540,"Landslide at Luwandin, Miklajung Rural Municipality-7",12-07-2019,87.56671887,26.85989671,87.62065219,26.93152607
43542,"Landslide at Khotangbazar, Khotehang Rural Municipality-7",12-07-2019,86.80360388,27.0011751,86.86795799,27.05591854
43543,"Landslide at Chhapdanda, Halesi Tuwachung Municipality-5",12-07-2019,86.55078442,27.1342543,86.63274363,27.20220476
43544,Landslide at Diktel Rupakot Majhuwagadhi Municipality-7,12-07-2019,86.81678261,27.17380191,86.85349518,27.24043777
43552,"Landslide at Khaniyakhark, Golanjor Rural Municipality-5",12-07-2019,85.9544849,27.24096678,86.02297205,27.30460322
43553,"Landslide at Khurkot, Manthali Municipality-6",12-07-2019,85.98156229,27.31551695,86.05474594,27.38011168
43557,"Landslide at Deurali, Indrasarowar Rural Municipality-2",12-07-2019,85.13133756,27.55483781,85.20522155,27.61652729
43558,"Landslide at Jhowang, Annapurna Rural Municipality-5",12-07-2019,83.76159031,28.27517187,83.8139654,28.30051798
43560,"Landslide at Bakpachang, Khotehang Rural Municipality-2",12-07-2019,86.86935017,27.06210452,86.94801222,27.11496478
43567,Landslide at Suryodaya Municipality-10,12-07-2019,88.03112441,26.87255261,88.07294126,26.92024298
43569,"Landslide at Mahabirtoll, Chhathar Rural Municipality-6",12-07-2019,87.43409685,27.0654017,87.49176699,27.1013796
43570,"Landslide at Moriya, Bhojpur Municipality-12",12-07-2019,87.02770263,27.09576083,87.10174686,27.17652506
43571,"Landslide at Oirang, Tyamkemaiyung Rural Municipality-9",12-07-2019,86.89479348,27.09727804,86.96373241,27.16218656
43572,"Landslide at Oirang, Tyamkemaiyung Rural Municipality-9",12-07-2019,86.89479348,27.09727804,86.96373241,27.16218656
43578,Landslide at Chaubise Rural Municipality-1,12-07-2019,87.50683592,26.85700228,87.58011195,26.88919819
43583,"Landslide at Gyampe Khola, Sunkoshi Rural Municipality-1",12-07-2019,85.78286785,27.40983434,85.84270754,27.45103079
43585,"Landslide at Jhulke, Phikkal Rural Municipality-1",12-07-2019,86.24844579,27.10889899,86.34143829,27.18302034
43586,Landslide at Bhimeshwor Municipality-3,12-07-2019,86.0373866,27.65327628,86.07141591,27.68425648
43587,Landslide at Panchpokhari Thangpal Rural Municipality-6,12-07-2019,85.61808269,27.89274925,85.68003764,27.93801491
43588,Landslide at Dakshinkali Municipality-8,12-07-2019,85.23876408,27.57044852,85.28515391,27.60517664
43591,"Landslide at Baguwa, Bagmati Rural Municipality-2",12-07-2019,85.23396836,27.47066359,85.28435887,27.53530666
43593,"Landslide at Thingan, Bakaiya Rural Municipality-12",12-07-2019,85.178516,27.42837637,85.26601279,27.47508909
43594,"Landslide at Kalanki, Indrasarowar Rural Municipality-2",12-07-2019,85.13133756,27.55483781,85.20522155,27.61652729
43595,"Landslide at Chunatal, Banepa Municipality-3",12-07-2019,85.51351181,27.6473191,85.56383195,27.69401765
43596,"Landslide at Baderemod, Benighat Rorang Rural Municipality-10",12-07-2019,84.61831846,27.75116753,84.69701866,27.82530765
43598,"Landslide at Kavrebhangyang, Dhulikhel Municipality-11",12-07-2019,85.56782362,27.58360326,85.6277279,27.62254815
43599,"Landslide at Dhaneghat, Ramechhap Municipality-7",12-07-2019,86.07532179,27.26773887,86.13559577,27.34252154
43601,"Landslide at Daringal, Gajuri Rural Municipality-4",12-07-2019,84.87093524,27.69417317,84.93230068,27.75944924
43604,Landslide at Raskot Municipality-1,12-07-2019,81.60135199,29.25006397,81.6303386,29.28838002
43612,"Landslide at Kartiz, Roshi Rural Municipality-11",12-07-2019,85.70657357,27.40751842,85.78433094,27.47132472
43614,"Landslide at Gimdhi, Bagmati Rural Municipality-7",12-07-2019,85.33373521,27.40796334,85.40127799,27.47582359
43615,"Landslide at Pyanggaun, Godawari_Lalitpur Municipality-11",12-07-2019,85.31441764,27.59022304,85.33806632,27.61066328
43617,"Landslide at Kalikhola, Kailash Rural Municipality-5",12-07-2019,84.92714317,27.58912882,85.03282977,27.66329629
43631,"Landslide at Kameme Fath, Sunkoshi Rural Municipality-2",12-07-2019,85.77349424,27.37818472,85.86699158,27.44890139
43633,"Landslide at Mamti, Roshi Rural Municipality-11",12-07-2019,85.70657357,27.40751842,85.78433094,27.47132472
43637,"Landslide at Hasule, Indrasarowar Rural Municipality-2",12-07-2019,85.13133756,27.55483781,85.20522155,27.61652729
43638,"Landslide at Deurali, Indrasarowar Rural Municipality-2",12-07-2019,85.13133756,27.55483781,85.20522155,27.61652729
44020,"Landslide at Majhakhark, Siddhicharan Municipality-6",12-07-2019,86.44017019,27.37055115,86.53813216,27.45450773
44021,"Landslide at Patle, Molung Rural Municipality-7",12-07-2019,86.39243565,27.37794251,86.4568274,27.43604303
44022,Landslide at Molung Rural Municipality-3,12-07-2019,86.36608217,27.34571346,86.43482179,27.37443059
44023,Landslide at Sunkoshi Rural Municipality-10,12-07-2019,86.39236885,27.29895721,86.43805684,27.32964398
44024,Landslide at Sunkoshi Rural Municipality-5,12-07-2019,86.34610419,27.27032641,86.39663503,27.30766346
44025,"Landslide at Gope, Sunkoshi Rural Municipality-9",12-07-2019,86.34755824,27.30210439,86.41633513,27.35634181
44027,Landslide at Champadevi Rural Municipality-5,12-07-2019,86.30905307,27.27891755,86.35224447,27.31047893
44229,Landslide at Gokulganga Rural Municipality-4,12-07-2019,86.14431564,27.50900248,86.21422496,27.55083655
44230,Landslide at Gokulganga Rural Municipality-4,12-07-2019,86.14431564,27.50900248,86.21422496,27.55083655
44231,Landslide at Gokulganga Rural Municipality-4,12-07-2019,86.14431564,27.50900248,86.21422496,27.55083655
44232,Landslide at Sunapati Rural Municipality-4,12-07-2019,85.79751664,27.4745033,85.86170555,27.51584892
44233,Landslide at Gokulganga Rural Municipality-4,12-07-2019,86.14431564,27.50900248,86.21422496,27.55083655
44234,Landslide at Kamalamai Municipality-5,12-07-2019,85.85981501,27.16413113,85.92837919,27.25554887
44235,Landslide at Kamalamai Municipality-5,12-07-2019,85.85981501,27.16413113,85.92837919,27.25554887
44236,Landslide at Kamalamai Municipality-5,12-07-2019,85.85981501,27.16413113,85.92837919,27.25554887
44237,Landslide at Kamalamai Municipality-5,12-07-2019,85.85981501,27.16413113,85.92837919,27.25554887
44238,Landslide at Kamalamai Municipality-5,12-07-2019,85.85981501,27.16413113,85.92837919,27.25554887
44239,Landslide at Kamalamai Municipality-5,12-07-2019,85.85981501,27.16413113,85.92837919,27.25554887
44249,Landslide at Halesi Tuwachung Municipality-11,12-07-2019,86.67033655,27.0883669,86.75116851,27.18809898
44250,Landslide at Halesi Tuwachung Municipality-11,12-07-2019,86.67033655,27.0883669,86.75116851,27.18809898
44251,Landslide at Halesi Tuwachung Municipality-11,12-07-2019,86.67033655,27.0883669,86.75116851,27.18809898
44252,Landslide at Halesi Tuwachung Municipality-11,12-07-2019,86.67033655,27.0883669,86.75116851,27.18809898
44253,Landslide at Halesi Tuwachung Municipality-11,12-07-2019,86.67033655,27.0883669,86.75116851,27.18809898
44254,Landslide at Halesi Tuwachung Municipality-11,12-07-2019,86.67033655,27.0883669,86.75116851,27.18809898
44255,Landslide at Halesi Tuwachung Municipality-11,12-07-2019,86.67033655,27.0883669,86.75116851,27.18809898
44256,Landslide at Halesi Tuwachung Municipality-11,12-07-2019,86.67033655,27.0883669,86.75116851,27.18809898
44257,Landslide at Halesi Tuwachung Municipality-11,12-07-2019,86.67033655,27.0883669,86.75116851,27.18809898
44501,Landslide at Aathbiskot Municipality-5,12-07-2019,82.41820972,28.82265801,82.52612895,28.87504778
43522,"Landslide at Kalikatol, Aathrai Rural Municipality-4",11-07-2019,87.64948285,27.21340097,87.72550815,27.26123483
43523,Landslide at Bhojpur Municipality-7,11-07-2019,87.03466296,27.15518636,87.05679768,27.17299826
43527,Landslide at Phikkal Rural Municipality-2,11-07-2019,86.18075975,27.17816897,86.24673892,27.2551984
43528,"Landslide at Mamti, Roshi Rural Municipality-11",11-07-2019,85.70657357,27.40751842,85.78433094,27.47132472
43529,"Landslide at Jyamire, Indrasarowar Rural Municipality-3",11-07-2019,85.16987614,27.53717899,85.26306144,27.58803727
43530,Landslide at Subha Kalika Rural Municipality-1,11-07-2019,81.56181514,29.06285707,81.58446408,29.10803711
43531,"Landslide at Ghattekhola, Aathabis Municipality-5",11-07-2019,81.50368689,29.05284055,81.58219531,29.13596458
43539,"Landslide at Shukrabare, Chaubise Rural Municipality-2",11-07-2019,87.48556541,26.8710038,87.53179781,26.93390019
43541,"Landslide at Adheri Khola, Rautamai Rural Municipality-5",11-07-2019,86.71384398,26.93558939,86.76451173,27.01011013
43547,"Landslide at Sidhhicharam, Manebhanjyang Rural Municipality-7",11-07-2019,86.37667861,27.16839796,86.44011906,27.20551802
43559,"Landslide at Sidhababa, Tinau Rural Municipality-3",11-07-2019,83.46107837,27.70502737,83.5877999,27.78384995
43952,Landslide at Tribeni Rural Municipality-5,11-07-2019,82.42443227,28.29310714,82.47361778,28.35053227
44014,Landslide at Bhojpur Municipality-11,11-07-2019,87.06512192,27.12633704,87.10493021,27.19118282
44015,Landslide at Bhojpur Municipality-11,11-07-2019,87.06512192,27.12633704,87.10493021,27.19118282
44016,Landslide at Bhojpur Municipality-11,11-07-2019,87.06512192,27.12633704,87.10493021,27.19118282
44017,Landslide at Bhojpur Municipality-11,11-07-2019,87.06512192,27.12633704,87.10493021,27.19118282
44018,Landslide at Bhojpur Municipality-11,11-07-2019,87.06512192,27.12633704,87.10493021,27.19118282
44019,Landslide at Bhojpur Municipality-11,11-07-2019,87.06512192,27.12633704,87.10493021,27.19118282
44033,Landslide at Bhojpur Municipality-11,11-07-2019,87.06512192,27.12633704,87.10493021,27.19118282
44034,Landslide at Netrawati Dabjong Rural Municipality-1,11-07-2019,84.92008082,28.00038689,84.99090156,28.03111331
44141,Landslide at Rautamai Rural Municipality-7,11-07-2019,86.60214311,26.88376529,86.67347335,26.967371
44142,Landslide at Rautamai Rural Municipality-7,11-07-2019,86.60214311,26.88376529,86.67347335,26.967371
44143,Landslide at Rautamai Rural Municipality-7,11-07-2019,86.60214311,26.88376529,86.67347335,26.967371
44144,Landslide at Rautamai Rural Municipality-7,11-07-2019,86.60214311,26.88376529,86.67347335,26.967371
44145,Landslide at Rautamai Rural Municipality-7,11-07-2019,86.60214311,26.88376529,86.67347335,26.967371
44146,Landslide at Rautamai Rural Municipality-7,11-07-2019,86.60214311,26.88376529,86.67347335,26.967371
44147,Landslide at Rautamai Rural Municipality-7,11-07-2019,86.60214311,26.88376529,86.67347335,26.967371
44149,Landslide at Rautamai Rural Municipality-7,11-07-2019,86.60214311,26.88376529,86.67347335,26.967371
44157,Landslide at Dhankuta Municipality-2,11-07-2019,87.32946555,26.98687752,87.3796788,27.0493181
44158,Landslide at Dhankuta Municipality-2,11-07-2019,87.32946555,26.98687752,87.3796788,27.0493181
44159,Landslide at Dhankuta Municipality-2,11-07-2019,87.32946555,26.98687752,87.3796788,27.0493181
44160,Landslide at Dhankuta Municipality-2,11-07-2019,87.32946555,26.98687752,87.3796788,27.0493181
44161,Landslide at Dhankuta Municipality-2,11-07-2019,87.32946555,26.98687752,87.3796788,27.0493181
44162,Landslide at Dhankuta Municipality-2,11-07-2019,87.32946555,26.98687752,87.3796788,27.0493181
43500,"Landslide at Jitpur, Makawanpurgadhi Rural Municipality-2",10-07-2019,85.10390604,27.40056163,85.18052004,27.43962346
43511,"Landslide at Chepare, Indrasarowar Rural Municipality-2",10-07-2019,85.13133756,27.55483781,85.20522155,27.61652729
43512,Landslide at Bagmati Rural Municipality-3,10-07-2019,85.26961411,27.47745714,85.31733481,27.53936822
43517,"Landslide at Naichal, Suryabinayak Municipality-8",10-07-2019,85.423542,27.62295872,85.44712076,27.66657599
43518,Landslide at Anbukhaireni Rural Municipality-4,10-07-2019,84.50568162,27.83176332,84.55885888,27.88690537
43520,"Landslide at Bhutuke, Mathagadhi Rural Municipality-1",10-07-2019,83.59887623,27.8165172,83.66574946,27.87199622
43532,"Landslide at Tattu, Mahakali_Darchula Municipality-9",10-07-2019,80.39624422,29.76320023,80.4414246,29.80607177
43546,"Landslide at Chuplubhanjang, Khijidemba Rural Municipality-5",10-07-2019,86.31000239,27.41843274,86.37993753,27.46547139
43483,Landslide at Suryodaya Municipality-10,09-07-2019,88.03112441,26.87255261,88.07294126,26.92024298
43492,"Landslide at Tatopani, Gosaikunda Rural Municipality-5",09-07-2019,85.2987473,28.07194274,85.49534097,28.18202276
43493,"Landslide at Khahare Khola, Sarumarani Rural Municipality-4",09-07-2019,82.79514874,27.94016678,82.86755313,28.01079696
43499,"Landslide at Chindepani, Rong Rural Municipality-3",09-07-2019,88.03750748,26.80199519,88.11068697,26.84962706
43501,"Landslide at Danaguithe, Annapurna Rural Municipality-3",09-07-2019,83.57384955,28.50137914,83.6605092,28.5899958
43504,"Landslide at Batase Danda, Sandhikharka Municipality-7",09-07-2019,83.10959721,27.89070065,83.1573646,27.96129525
43482,Landslide at Falelung Rural Municipality-3,08-07-2019,87.88400528,27.18130086,88.01563673,27.24440005
43484,Landslide at Maijogmai Rural Municipality-1,08-07-2019,87.99288391,26.91438378,88.05937118,26.97980275
43487,"Landslide at Bhimphedi, Bhimphedi Rural Municipality-8",08-07-2019,85.18190701,27.45424567,85.26155758,27.53718931
43488,"Landslide at Timure, Gosaikunda Rural Municipality-2",08-07-2019,85.35805086,28.21724254,85.55786646,28.33702908
43507,"Landslide at Adursh, Mandavi Rural Municipality-5",08-07-2019,82.78474335,28.0133441,82.83470392,28.07959444
43471,"Landslide at Aaryathan, Ribdikot Rural Municipality-8",07-07-2019,83.34556694,27.79908188,83.4275641,27.87433881
43475,"Landslide at Manebhanjyang, Suryodaya Municipality-1",07-07-2019,88.0497755,26.92457325,88.12391343,27.00821485
43485,"Landslide at Oselpa, Salpasilichho Rural Municipality-6",07-07-2019,86.92383559,27.30559675,87.0314638,27.38880814
43448,"Landslide at Dobilla, Kushma Municipality-8",06-07-2019,83.68789447,28.21889581,83.71692693,28.25348002
43450,"Landslide at Shreechaur, Marsyangdi Rural Municipality-4",06-07-2019,84.2485615,28.33364683,84.41019113,28.45656929
43456,"Landslide at Chesakhare, Gaurishankar Rural Municipality-8",06-07-2019,86.19569856,27.75628956,86.43072573,27.87660897
43458,"Landslide at Kamaighari, Panini Rural Municipality-2",06-07-2019,83.24817634,27.82594664,83.31013733,27.89664288
43461,Landslide at Shivapuri Rural Municipality-6,06-07-2019,85.31817426,27.81611241,85.3646988,27.86367342
43462,Landslide at Marsyangdi Rural Municipality-3,06-07-2019,84.2357439,28.27720421,84.4017022,28.44374901
43463,Landslide at Dordi Rural Municipality-3,06-07-2019,84.45175639,28.16843513,84.48171004,28.20145188
43432,"Landslide at Arkhalbesi, Marsyangdi Rural Municipality-3",05-07-2019,84.2357439,28.27720421,84.4017022,28.44374901
43444,"Landslide at Lamosangu, Bhimeshwor Municipality-9",05-07-2019,85.93420296,27.64954727,85.98220728,27.74251457
43505,"Landslide at Ghaleganu, Kalika Rural Municipality-5",05-07-2019,85.21777741,27.98740486,85.23951529,28.01352975
43419,"Landslide at Tinkilo, Ichchhyakamana Rural Municipality-5",03-07-2019,84.55685995,27.82682401,84.60442033,27.86350749
43420,"Landslide at Shreechaur, Marsyangdi Rural Municipality-4",03-07-2019,84.2485615,28.33364683,84.41019113,28.45656929
43410,"Landslide at Charkilo, Ichchhyakamana Rural Municipality-6",02-07-2019,84.49429017,27.77624768,84.58991335,27.83920784
43412,"Landslide at Badeheremod, Benighat Rorang Rural Municipality-10",02-07-2019,84.61831846,27.75116753,84.69701866,27.82530765
43414,Landslide at Sarumarani Rural Municipality-4,02-07-2019,82.79514874,27.94016678,82.86755313,28.01079696
43385,Landslide at Galyang Municipality-11,30-06-2019,83.67430374,27.91637293,83.72048676,27.95296736
43390,"Landslide at 17 Kilo, Bharatpur Metropolitan City-29",30-06-2019,84.42988955,27.71140817,84.52593657,27.82442208
43391,"Landslide at Shreechaur, Marsyangdi Rural Municipality-4",30-06-2019,84.2485615,28.33364683,84.41019113,28.45656929
43392,"Landslide at Bhyaple, Modi Rural Municipality-5",30-06-2019,83.69071859,28.2618179,83.73803622,28.29539048
43395,"Landslide at Baichhap, Purbakhola Rural Municipality-1",30-06-2019,83.78033733,27.78350943,83.89314935,27.84902309
43399,"Landslide at Dhoban, Annapurna Rural Municipality-5",30-06-2019,83.76159031,28.27517187,83.8139654,28.30051798
43380,"Landslide at Galkot, Badigad Rural Municipality-2",29-06-2019,83.2382365,28.1875672,83.28793307,28.22584266
43387,"Landslide at Pakurikhola, Sarumarani Rural Municipality-4",29-06-2019,82.79514874,27.94016678,82.86755313,28.01079696
43377,"Landslide at Sikdimatar, Silichong Rural Municipality-1",28-06-2019,86.94016531,27.43607156,87.10605395,27.54182217
43365,"Landslide at Siddhababa, Tinau Rural Municipality-3",27-06-2019,83.46107837,27.70502737,83.5877999,27.78384995
43367,Landslide at Sabhapokhari Rural Municipality-2,27-06-2019,87.2530428,27.40197581,87.30689905,27.45123107
43374,Landslide at Galkot Municipality-3,27-06-2019,83.39491946,28.17905736,83.44417312,28.22024222
43958,Landslide at Paribartan Rural Municipality-4,27-06-2019,82.4632919,28.49889501,82.5442497,28.55845281
43360,"Landslide at Mahesh Dovan, Galchi Rural Municipality-6",26-06-2019,84.96396306,27.77561526,85.00141349,27.80703821
43330,"Landslide at Kharkhare, Besishahar Municipality-6",25-06-2019,84.32140976,28.23665212,84.37831588,28.27065674
43316,"Landslide at Wadare, Kushma Municipality-3",24-06-2019,83.6577311,28.23778257,83.72242489,28.27304481
43323,"Landslide at Khanikhola, Indrasarowar Rural Municipality-2",24-06-2019,85.13133756,27.55483781,85.20522155,27.61652729
43324,"Landslide at Arkhalbesi, Marsyangdi Rural Municipality-3",24-06-2019,84.2357439,28.27720421,84.4017022,28.44374901
43325,"Landslide at Ghartiganu, Madi Rural Municipality-2",24-06-2019,82.47820966,28.3378921,82.52301543,28.39856652
43334,"Landslide at Bitalab, Sabhapokhari Rural Municipality-2",24-06-2019,87.2530428,27.40197581,87.30689905,27.45123107
43306,Landslide at Indrasarowar Rural Municipality-3,22-06-2019,85.16987614,27.53717899,85.26306144,27.58803727
43307,"Landslide at Lingling, Gosaikunda Rural Municipality-3",22-06-2019,85.34167317,28.15107955,85.43920571,28.23202002
43290,"Landslide at Tatopani, Gosaikunda Rural Municipality-2",20-06-2019,85.35805086,28.21724254,85.55786646,28.33702908
43255,"Landslide at Num, Makalu Rural Municipality-5",17-06-2019,87.22990404,27.50031372,87.46068989,27.57801127
43256,Landslide at Makalu Rural Municipality-3,17-06-2019,87.27348777,27.55282914,87.35981243,27.66712943
43260,Landslide at Indrasarowar Rural Municipality-3,17-06-2019,85.16987614,27.53717899,85.26306144,27.58803727
43264,"Landslide at Deurali, Chichila Rural Municipality-4",17-06-2019,87.22850451,27.45910228,87.27366596,27.5122599
43265,Landslide at Makalu Rural Municipality-5,17-06-2019,87.22990404,27.50031372,87.46068989,27.57801127
43276,"Landslide at Chepchewa, Makalu Rural Municipality-3",17-06-2019,87.27348777,27.55282914,87.35981243,27.66712943
43227,"Landslide at Lek, Dasharathchanda Municipality-2",13-06-2019,80.44287111,29.49169324,80.48465488,29.54717315
43960,Landslide at Paribartan Rural Municipality-6,12-06-2019,82.47384088,28.45102554,82.52510725,28.49170883
43213,"Landslide at Gotri, Jagannath Rural Municipality-5",11-06-2019,81.68908274,29.35162788,81.73103152,29.38089215
43169,Landslide at Bhojpur Municipality-10,09-06-2019,87.05331976,27.17292066,87.10428309,27.22593255
43132,Landslide at Benighat Rorang Rural Municipality-10,06-06-2019,84.61831846,27.75116753,84.69701866,27.82530765
43142,"Landslide at Gagane Khola, Subha Kalika Rural Municipality-1",06-06-2019,81.56181514,29.06285707,81.58446408,29.10803711
43105,"Landslide at Dipsung, Kepilasagadhi Rural Municipality-5",04-06-2019,86.76474401,27.3114757,86.81205243,27.34598788
43072,"Landslide at Shreechaur, Marsyangdi Rural Municipality-4",02-06-2019,84.2485615,28.33364683,84.41019113,28.45656929
43078,"Landslide at Thigan, Bakaiya Rural Municipality-12",02-06-2019,85.178516,27.42837637,85.26601279,27.47508909
43059,"Landslide at Kalleri, Chainpur Municipality-10",01-06-2019,87.22828306,27.21129139,87.28094415,27.27586387
43064,"Landslide at Kalachaur, Lungri Rural Municipality-5",01-06-2019,82.73896856,28.25755388,82.79410235,28.2944844
43025,Landslide at Bakaiya Rural Municipality-11,30-05-2019,85.17988214,27.37861434,85.28882991,27.44529812
43027,"Landslide at Lasargha, Kaligandagi Rural Municipality-2",30-05-2019,83.46231329,27.92413463,83.53515784,27.98209404
42987,Landslide at Mudkechula Rural Municipality-2,25-05-2019,82.49953075,29.00940921,82.55957951,29.04041349
42895,Landslide at Dharmadevi Municipality-8,22-05-2019,87.23831405,27.17709306,87.2971766,27.22545695
42906,"Landslide at Chumsur, Bhotkhola Rural Municipality-2",22-05-2019,87.363639,27.65211268,87.6773699,27.86709019
42879,"Landslide at Khaniyakhark, Golanjor Rural Municipality-5",21-05-2019,85.9544849,27.24096678,86.02297205,27.30460322
42850,Landslide at Thasang Rural Municipality-4,19-05-2019,83.56684333,28.56472478,83.73690213,28.67841203
42616,"Landslide at Pekhuwa, Bhotkhola Rural Municipality-4",04-05-2019,87.30295277,27.64077165,87.40260682,27.73206762
42439,"Landslide at Ghurmi, Katari Municipality-14",22-04-2019,86.36568193,27.1078772,86.43814447,27.17993974
42426,Landslide at Khandachakra Municipality-7,21-04-2019,81.69860999,29.10323252,81.7257489,29.18347902
42435,"Landslide at Chhamar Chhap, Kakani Rural Municipality-6",21-04-2019,85.19760171,27.82344629,85.21869349,27.86465413
42361,"Landslide at Ghartiganu, Madi Rural Municipality-2",18-04-2019,82.47820966,28.3378921,82.52301543,28.39856652
42338,Landslide at Tilagufa Municipality-6,16-04-2019,81.78604227,29.12819968,81.83086399,29.18648645
42319,"Landslide at Gagate, Bhimphedi Rural Municipality-8",15-04-2019,85.18190701,27.45424567,85.26155758,27.53718931
42224,Landslide at Besishahar Municipality-9,09-04-2019,84.32802144,28.21664944,84.3701347,28.24162136
42165,Landslide at Bhumlu Rural Municipality-10,06-04-2019,85.68404132,27.60323809,85.72515802,27.64927251
42175,Landslide at Mangala Rural Municipality-4,05-04-2019,83.43388987,28.32011678,83.48826301,28.36816541
42052,Landslide at Kanthekhola Rural Municipality-8,29-03-2019,83.49433354,28.20266664,83.52312821,28.25099205
42020,Landslide at Makalu Rural Municipality-5,26-03-2019,87.22990404,27.50031372,87.46068989,27.57801127
41613,Landslide at Annapurna Rural Municipality-4,02-03-2019,83.63590757,28.46956057,83.87158828,28.69325707
41599,Landslide at Thuli Bheri Municipality-7,28-02-2019,82.79222861,28.94964073,82.83371065,28.99306813
41561,Landslide at Naugad Rural Municipality-4,25-02-2019,80.66295143,29.73507871,80.738588,29.81274223
41539,Landslide at Tripurasundari Municipality-5,22-02-2019,82.61422627,28.91346209,82.69258674,29.03241905
41463,Landslide at Phikkal Rural Municipality-6,16-02-2019,86.30037301,27.13928982,86.38986268,27.20192049
41496,Landslide at Thuli Bheri Municipality-2,16-02-2019,82.83121757,28.824734,82.94329216,28.93850491
41478,Landslide at Annapurna Rural Municipality-3,15-02-2019,83.57384955,28.50137914,83.6605092,28.5899958
41433,Landslide at Mahakali_Darchula Municipality-4,11-02-2019,80.53824533,29.83035893,80.56623424,29.85027968
41346,Landslide at Manebhanjyang Rural Municipality-1,05-02-2019,86.50563543,27.20715652,86.56242064,27.27311077
41304,Landslide at Surma Rural Municipality-1,31-01-2019,81.08536992,29.61750602,81.2229145,29.82287492
41176,Landslide at Bethanchowk Rural Municipality-4,23-01-2019,85.47855968,27.52191695,85.5312621,27.56711089
41177,Landslide at Gharapjhong Rural Municipality-1,23-01-2019,83.62896601,28.66875951,83.74449223,28.74928709
41181,Landslide at Mellekh Rural Municipality-7,22-01-2019,81.25056707,29.20887622,81.33599693,29.2553889
40846,Landslide at Bidur Municipality-11,02-01-2019,85.17377817,27.93685565,85.22227022,27.97058109
40410,Landslide at Dhorpatan Municipality-4,29-11-2018,83.17771771,28.31772508,83.30396167,28.39246398
40177,Landslide at Tinau Rural Municipality-3,08-11-2018,83.46107837,27.70502737,83.5877999,27.78384995
39921,Landslide at Sangurigadhi Rural Municipality-1,19-10-2018,87.30920354,26.88794972,87.35196775,26.93637181
39901,Landslide at Sisne Rural Municipality-8,16-10-2018,82.48581458,28.62076328,82.54258908,28.66776334
39804,Landslide at Chum Nubri Rural Municipality-3,30-09-2018,84.67751558,28.33026446,85.01225715,28.47825321
39762,Landslide at Badigad Rural Municipality-7,25-09-2018,83.17278996,28.27185068,83.24787915,28.32709422
39763,Landslide at Silichong Rural Municipality-4,23-09-2018,87.11368391,27.44755823,87.16304362,27.52829742
39733,Landslide at Diprung Chuichumma Rural Municipality-4,19-09-2018,86.69847148,27.03800421,86.791842,27.1063511
39727,Landslide at Silichong Rural Municipality-3,18-09-2018,87.01473486,27.45723366,87.14025494,27.58578871
39729,Landslide at Bhojpur Municipality-10,18-09-2018,87.05331976,27.17292066,87.10428309,27.22593255
39722,Landslide at Badigad Rural Municipality-7,17-09-2018,83.17278996,28.27185068,83.24787915,28.32709422
39720,Landslide at Dhaulagiri Rural Municipality-4,16-09-2018,83.29444466,28.48061307,83.55870202,28.79376258
39698,Landslide at Badigad Rural Municipality-7,15-09-2018,83.17278996,28.27185068,83.24787915,28.32709422
39699,Landslide at Bakaiya Rural Municipality-12,15-09-2018,85.178516,27.42837637,85.26601279,27.47508909
39701,Landslide at Makalu Rural Municipality-5,15-09-2018,87.22990404,27.50031372,87.46068989,27.57801127
39705,Landslide at Chankheli Rural Municipality-5,15-09-2018,82.02871205,29.79817862,82.48840284,30.07541334
39708,Landslide at Gosaikunda Rural Municipality-1,15-09-2018,85.27166562,28.19666825,85.3776513,28.30396918
39711,Landslide at Makalu Rural Municipality-1,15-09-2018,87.16228711,27.54073136,87.25550394,27.61481757
39687,Landslide at Silichong Rural Municipality-2,14-09-2018,86.96312922,27.47206477,87.09440917,27.5718751
39691,Landslide at Pathibhara Yangwarak Rural Municipality-1,14-09-2018,87.6786403,27.28561391,87.73260417,27.34968637
39706,Landslide at Silichong Rural Municipality-4,14-09-2018,87.11368391,27.44755823,87.16304362,27.52829742
39725,Landslide at Hatuwagadhi Rural Municipality-3,14-09-2018,87.06466015,26.97778213,87.10526907,27.01704134
39681,Landslide at Pathibhara Yangwarak Rural Municipality-6,13-09-2018,87.78725219,27.2757243,87.83325237,27.31000596
39661,Landslide at Dupcheshwar Rural Municipality-1,12-09-2018,85.40249959,27.947972,85.47964076,28.01888124
39662,Landslide at Marsyangdi Rural Municipality-4,12-09-2018,84.2485615,28.33364683,84.41019113,28.45656929
39663,Landslide at Marsyangdi Rural Municipality-4,12-09-2018,84.2485615,28.33364683,84.41019113,28.45656929
39664,Landslide at Marsyangdi Rural Municipality-3,12-09-2018,84.2357439,28.27720421,84.4017022,28.44374901
39666,Landslide at Thasang Rural Municipality-5,12-09-2018,83.60470282,28.61320279,83.73536931,28.68453823
39672,Landslide at Marsyangdi Rural Municipality-4,12-09-2018,84.2485615,28.33364683,84.41019113,28.45656929
39673,Landslide at Marsyangdi Rural Municipality-3,12-09-2018,84.2357439,28.27720421,84.4017022,28.44374901
39674,Landslide at Marsyangdi Rural Municipality-6,12-09-2018,84.39702319,28.31320214,84.57895757,28.48283323
39684,Landslide at Marsyangdi Rural Municipality-4,12-09-2018,84.2485615,28.33364683,84.41019113,28.45656929
39642,Landslide at Sirijangha Rural Municipality-2,11-09-2018,87.80596137,27.31619135,87.85680122,27.35766646
39643,Landslide at Silichong Rural Municipality-3,11-09-2018,87.01473486,27.45723366,87.14025494,27.58578871
39644,Landslide at Ichchhyakamana Rural Municipality-6,11-09-2018,84.49429017,27.77624768,84.58991335,27.83920784
39646,Landslide at Uttargaya Rural Municipality-1,11-09-2018,85.12245348,28.05567021,85.2432774,28.16885403
39652,Landslide at Sirijangha Rural Municipality-1,11-09-2018,87.79869039,27.29233282,87.84782176,27.32698997
39653,Landslide at Pathibhara Yangwarak Rural Municipality-5,11-09-2018,87.75853487,27.27274447,87.79259772,27.29949009
39631,Landslide at Yangwarak Rural Municipality-4,10-09-2018,87.82428812,27.25351363,87.86185206,27.28621717
39632,Landslide at Phedap Rural Municipality-4,10-09-2018,87.55054074,27.2141949,87.60359222,27.2860467
39635,Landslide at Pathibhara Yangwarak Rural Municipality-4,10-09-2018,87.7620584,27.29209539,87.80443381,27.33217148
39638,Landslide at Marsyangdi Rural Municipality-3,10-09-2018,84.2357439,28.27720421,84.4017022,28.44374901
39641,Landslide at Pathibhara Yangwarak Rural Municipality-2,10-09-2018,87.7193053,27.2778448,87.7674927,27.33923162
39615,Landslide at Paribartan Rural Municipality-2,08-09-2018,82.50638074,28.4037009,82.58650484,28.47856541
39616,Landslide at Mellekh Rural Municipality-7,08-09-2018,81.25056707,29.20887622,81.33599693,29.2553889
39618,Landslide at Kalimati Rural Municipality-1,08-09-2018,82.08028939,28.25156924,82.15105093,28.34489814
39620,Landslide at Rolpa Municipality-8,08-09-2018,82.56187545,28.3532792,82.65994254,28.43536591
39608,Landslide at Paribartan Rural Municipality-2,07-09-2018,82.50638074,28.4037009,82.58650484,28.47856541
39593,Landslide at Paribartan Rural Municipality-2,06-09-2018,82.50638074,28.4037009,82.58650484,28.47856541
39718,Landslide at Bhume Rural Municipality-6,06-09-2018,82.61430969,28.52125455,82.70059538,28.56884207
39567,Landslide at Aathabis Municipality-5,05-09-2018,81.50368689,29.05284055,81.58219531,29.13596458
39585,Landslide at Bagmati Rural Municipality-8,05-09-2018,85.27842599,27.28853589,85.37250915,27.36594113
39588,Landslide at Khatyad Rural Municipality-1,05-09-2018,81.95645172,29.46153232,82.04456424,29.56903139
39560,Landslide at Dharan Submetropolitan City-14,04-09-2018,87.287158,26.81160168,87.30462402,26.83529411
39629,Landslide at Madi Rural Municipality-1,04-09-2018,82.41616932,28.34364337,82.497479,28.41297669
39547,Landslide at Marsyangdi Rural Municipality-4,03-09-2018,84.2485615,28.33364683,84.41019113,28.45656929
39549,Landslide at Annapurna Rural Municipality-5,03-09-2018,83.64805622,28.41891469,83.75440313,28.50379553
39542,Landslide at Tarakeshwor Municipality-9,02-09-2018,85.30155362,27.74292509,85.3179379,27.76071039
39543,Landslide at Bagchaur Municipality-12,02-09-2018,82.37354862,28.49715375,82.41830158,28.53560023
39529,Landslide at Molung Rural Municipality-7,01-09-2018,86.39243565,27.37794251,86.4568274,27.43604303
39485,Landslide at Sirijangha Rural Municipality-7,31-08-2018,87.86918665,27.3663403,87.98145293,27.44107046
39530,Landslide at Alital Rural Municipality-3,31-08-2018,80.42978267,29.12482712,80.53868024,29.23661865
39716,Landslide at Sisne Rural Municipality-5,31-08-2018,82.54419797,28.55981463,82.63708643,28.6247975
39717,Landslide at Bhume Rural Municipality-9,31-08-2018,82.52905678,28.50680539,82.62101376,28.57304575
39472,Landslide at Molung Rural Municipality-8,30-08-2018,86.43196644,27.35315453,86.49044105,27.39969787
39527,Landslide at Thuli Bheri Municipality-6,30-08-2018,82.69094891,28.80860543,82.82358412,28.95117993
39528,Landslide at Nalgaad Municipality-6,30-08-2018,82.20115595,28.81090279,82.26339715,28.88430102
39466,Landslide at Shivapuri Rural Municipality-7,29-08-2018,85.30612798,27.81661672,85.33808845,27.86477714
39484,Landslide at Rolpa Municipality-3,29-08-2018,82.66133687,28.25226071,82.72541253,28.28882987
39459,Landslide at Chandragiri Municipality-1,28-08-2018,85.20697726,27.69307131,85.25019347,27.72685755
39465,Landslide at Phidim Municipality-10,28-08-2018,87.79249677,27.1533015,87.8361495,27.18535672
39467,Landslide at Chhatreshwori Rural Municipality-2,28-08-2018,82.30144068,28.36719518,82.37698958,28.41149501
39468,Landslide at Alital Rural Municipality-3,28-08-2018,80.42978267,29.12482712,80.53868024,29.23661865
39445,Landslide at Aathabis Municipality-5,27-08-2018,81.50368689,29.05284055,81.58219531,29.13596458
39448,Landslide at Thakre Rural Municipality-2,27-08-2018,85.0118914,27.72624219,85.06781141,27.75992236
39460,Landslide at Alital Rural Municipality-3,27-08-2018,80.42978267,29.12482712,80.53868024,29.23661865
39444,Landslide at Shivapuri Rural Municipality-6,26-08-2018,85.31817426,27.81611241,85.3646988,27.86367342
39418,Landslide at Gosaikunda Rural Municipality-2,24-08-2018,85.35805086,28.21724254,85.55786646,28.33702908
39424,Landslide at Falelung Rural Municipality-1,24-08-2018,87.8309648,27.18703949,87.87940269,27.23541166
39426,Landslide at Nagarjun Municipality-8,24-08-2018,85.21344525,27.7182361,85.25194504,27.74895287
39437,Landslide at Sukidaha Rural Municipality-5,24-08-2018,82.37361985,28.43062936,82.43666028,28.4846933
39414,Landslide at Tripurasundari Municipality-6,23-08-2018,82.62989621,28.99001252,82.77451219,29.05138528
39417,Landslide at Falelung Rural Municipality-1,23-08-2018,87.8309648,27.18703949,87.87940269,27.23541166
39423,Landslide at Bheri Municipality-2,23-08-2018,82.1492109,28.70072364,82.23393368,28.80792466
39406,Landslide at Sanphebagar Municipality-3,22-08-2018,81.18469853,29.23291482,81.22976579,29.2705863
39401,Landslide at Makalu Rural Municipality-3,21-08-2018,87.27348777,27.55282914,87.35981243,27.66712943
39384,Landslide at Gurans Rural Municipality-1,20-08-2018,81.54650297,28.70901329,81.60211192,28.76489696
39387,Landslide at Paribartan Rural Municipality-5,20-08-2018,82.52400873,28.47499499,82.59785029,28.52670634
39398,Landslide at Alital Rural Municipality-3,20-08-2018,80.42978267,29.12482712,80.53868024,29.23661865
39356,Landslide at Kageshwori Manahora Municipality-3,19-08-2018,85.41168877,27.72843166,85.43080352,27.74784119
39368,Landslide at Phaktanglung Rural Municipality-6,19-08-2018,87.71183495,27.49151796,88.20166777,27.90595938
39340,Landslide at Phaktanglung Rural Municipality-6,18-08-2018,87.71183495,27.49151796,88.20166777,27.90595938
39343,Landslide at Tarakeshwor Municipality-3,18-08-2018,85.25141552,27.76379655,85.2977053,27.80134596
39345,Landslide at Suryagadhi Rural Municipality-4,18-08-2018,85.2144156,27.91643261,85.26486965,27.95002711
39346,Landslide at Panchakanya Rural Municipality-5,18-08-2018,85.27897119,27.85896298,85.34056665,27.8913076
39348,Landslide at Chaurjahari Municipality-7,18-08-2018,82.21525765,28.63896427,82.24475268,28.66333589
39352,Landslide at Falelung Rural Municipality-2,18-08-2018,87.87176463,27.18403265,87.90752515,27.24453202
39320,Landslide at Tripura Sundari Rural Municipality-4,17-08-2018,84.87211031,28.00361154,84.92667137,28.0342718
39321,Landslide at Shadananda Municipality-1,17-08-2018,87.07982265,27.36650473,87.13479285,27.42051244
39330,Landslide at Bidur Municipality-2,17-08-2018,85.14203073,27.88833532,85.17940635,27.92422372
39335,Landslide at Banfikot Rural Municipality-7,17-08-2018,82.39955257,28.70647535,82.47155676,28.78004175
39337,Landslide at Budhiganga Municipality-1,17-08-2018,81.35611311,29.3895507,81.39393168,29.41972593
39338,Landslide at Budhiganga Municipality-2,17-08-2018,81.33907662,29.37932016,81.3842707,29.41201286
39382,Landslide at Sharada Municipality-9,17-08-2018,82.0418337,28.33689377,82.1070692,28.41133874
39421,Landslide at Rolpa Municipality-1,17-08-2018,82.58091325,28.23979909,82.67818311,28.30483777
39297,Landslide at Silichong Rural Municipality-2,16-08-2018,86.96312922,27.47206477,87.09440917,27.5718751
39302,Landslide at Aathbiskot Municipality-11,16-08-2018,82.28343853,28.75479202,82.35408924,28.79031197
39310,Landslide at Gosaikunda Rural Municipality-2,16-08-2018,85.35805086,28.21724254,85.55786646,28.33702908
39265,Landslide at Thasang Rural Municipality-4,15-08-2018,83.56684333,28.56472478,83.73690213,28.67841203
39272,Landslide at Phaktanglung Rural Municipality-4,15-08-2018,87.66417523,27.45988634,87.76754864,27.55830824
39273,Landslide at Phaktanglung Rural Municipality-6,15-08-2018,87.71183495,27.49151796,88.20166777,27.90595938
39275,Landslide at Thulung Dudhkoshi Rural Municipality-1,15-08-2018,86.60958769,27.41523461,86.65234359,27.46757492
39276,Landslide at Jugal Rural Municipality-2,15-08-2018,85.69277115,27.85759222,85.79686022,28.04745458
39277,Landslide at Thasang Rural Municipality-4,15-08-2018,83.56684333,28.56472478,83.73690213,28.67841203
39278,Landslide at Malika Rural Municipality-2,15-08-2018,83.3010751,28.35461151,83.36124614,28.40540995
39286,Landslide at Sani Bheri Rural Municipality-5,15-08-2018,82.34915279,28.68194987,82.41692882,28.7331519
39289,Landslide at Salpasilichho Rural Municipality-4,15-08-2018,87.00112694,27.38639776,87.06660456,27.44014066
39294,Landslide at Phaktanglung Rural Municipality-4,15-08-2018,87.66417523,27.45988634,87.76754864,27.55830824
39307,Landslide at Sirijangha Rural Municipality-8,15-08-2018,87.84472332,27.41980775,88.15478069,27.70203659
39280,Landslide at Pyuthan Municipality-7,14-08-2018,82.85185577,28.10586252,82.88171112,28.13441901
39226,Landslide at Bhume Rural Municipality-3,13-08-2018,82.64068195,28.5510707,82.72115465,28.60183522
39229,Landslide at Alital Rural Municipality-3,13-08-2018,80.42978267,29.12482712,80.53868024,29.23661865
39240,Landslide at Makalu Rural Municipality-5,13-08-2018,87.22990404,27.50031372,87.46068989,27.57801127
39319,Landslide at Mudkechula Rural Municipality-8,13-08-2018,82.45976162,29.06852029,82.51527134,29.11362177
39713,Landslide at Bhume Rural Municipality-8,13-08-2018,82.59097737,28.52429547,82.65100988,28.58495385
39208,Landslide at Dhorpatan Municipality-4,12-08-2018,83.17771771,28.31772508,83.30396167,28.39246398
39210,Landslide at Kedarseu Rural Municipality-3,12-08-2018,80.90523606,29.4687451,80.95696709,29.51716253
39218,Landslide at Aathabis Municipality-9,12-08-2018,81.50253985,29.01401034,81.54397931,29.04882788
39206,Landslide at Dharche Rural Municipality-3,10-08-2018,84.74876811,28.23077164,84.9086908,28.37644212
39138,Landslide at Mandandeupur Municipality-10,08-08-2018,85.63423423,27.68815885,85.68227081,27.72071493
39139,Landslide at Bigu Rural Municipality-3,08-08-2018,86.1605862,27.76827647,86.21207083,27.82248642
39140,Landslide at Falelung Rural Municipality-8,08-08-2018,87.83005433,27.15152992,87.87119788,27.19017677
39143,Landslide at Dharmadevi Municipality-5,08-08-2018,87.31328242,27.20429666,87.35469443,27.2461869
39146,Landslide at Jugal Rural Municipality-2,08-08-2018,85.69277115,27.85759222,85.79686022,28.04745458
39147,Landslide at Gangadev Rural Municipality-8,08-08-2018,84.68507248,28.04250429,84.74426033,28.07911288
39159,Landslide at Panchpokhari Thangpal Rural Municipality-7,08-08-2018,85.61450543,27.86001547,85.70330877,27.89958056
39135,Landslide at Falelung Rural Municipality-8,07-08-2018,87.83005433,27.15152992,87.87119788,27.19017677
39106,Landslide at Kakani Rural Municipality-4,06-08-2018,85.19209189,27.80622527,85.24732536,27.84350716
39107,Landslide at Suryagadhi Rural Municipality-5,06-08-2018,85.21091992,27.90516322,85.2733282,27.93896134
39108,Landslide at Mudkechula Rural Municipality-7,06-08-2018,82.45571263,29.04590949,82.50088146,29.07803431
39110,Landslide at Molung Rural Municipality-7,06-08-2018,86.39243565,27.37794251,86.4568274,27.43604303
39114,Landslide at Changunarayan Municipality-5,06-08-2018,85.43337872,27.68247022,85.4771421,27.72081055
39119,Landslide at BhimsenThapa Rural Municipality-3,06-08-2018,84.74943386,28.01852782,84.81356945,28.04562946
39128,Landslide at Sunchhahari Rural Municipality-5,06-08-2018,82.74871496,28.28684452,82.80845101,28.41704006
39131,Landslide at Bhume Rural Municipality-8,06-08-2018,82.59097737,28.52429547,82.65100988,28.58495385
39081,Landslide at Kuse Rural Municipality-7,05-08-2018,82.1649199,28.83833526,82.23465582,28.89598773
39091,Landslide at Roshi Rural Municipality-1,05-08-2018,85.54679079,27.4615361,85.60370495,27.53075877
39101,Landslide at Panini Rural Municipality-7,05-08-2018,83.16155413,27.89818307,83.22386601,27.95675681
39115,Landslide at Alital Rural Municipality-3,05-08-2018,80.42978267,29.12482712,80.53868024,29.23661865
39085,Landslide at Tribeni Rural Municipality-1,04-08-2018,82.44357226,28.52114603,82.49412563,28.57020891
39061,Landslide at Gosaikunda Rural Municipality-6,03-08-2018,85.22801581,28.03688548,85.42777396,28.12794579
39066,Landslide at Mahabharat Rural Municipality-1,03-08-2018,85.50318606,27.339364,85.57844513,27.38022179
39077,Landslide at Alital Rural Municipality-3,03-08-2018,80.42978267,29.12482712,80.53868024,29.23661865
38952,Landslide at Benighat Rorang Rural Municipality-10,02-08-2018,84.61831846,27.75116753,84.69701866,27.82530765
39055,Landslide at Phidim Municipality-10,02-08-2018,87.79249677,27.1533015,87.8361495,27.18535672
38950,Landslide at Chhayanath Rara Municipality-8,01-08-2018,82.07687833,29.4586968,82.13097378,29.52633209
39078,Landslide at Sabhapokhari Rural Municipality-4,01-08-2018,87.31806826,27.42785288,87.4377769,27.51067282
38940,Landslide at Gorkha Municipality-5,31-07-2018,84.57618109,27.99326656,84.64167723,28.02140285
38930,Landslide at Dhorpatan Municipality-9,30-07-2018,83.00471216,28.40469464,83.08702806,28.47805228
38916,Landslide at Jugal Rural Municipality-2,29-07-2018,85.69277115,27.85759222,85.79686022,28.04745458
38921,Landslide at Himali Rural Municipality-1,29-07-2018,81.50797983,29.64162885,81.70257649,29.76704883
38922,Landslide at Gaumul Rural Municipality-1,29-07-2018,81.43507757,29.511634,81.57276609,29.69247101
38923,Landslide at Gaumul Rural Municipality-1,29-07-2018,81.43507757,29.511634,81.57276609,29.69247101
38905,Landslide at Panchakanya Rural Municipality-2,28-07-2018,85.2760105,27.87542303,85.30481322,27.91861453
38906,Landslide at Thulung Dudhkoshi Rural Municipality-5,28-07-2018,86.69024058,27.39441008,86.76378628,27.44122679
38914,Landslide at Umakunda Rural Municipality-3,28-07-2018,86.30237358,27.51042297,86.36075205,27.58274088
38903,Landslide at Sitganga Municipality-2,27-07-2018,83.10497143,27.83354752,83.1638153,27.91305284
38881,Landslide at Gosaikunda Rural Municipality-2,26-07-2018,85.35805086,28.21724254,85.55786646,28.33702908
38890,Landslide at Patrasi Rural Municipality-5,26-07-2018,82.2371896,29.26603503,82.29152447,29.38951116
38860,Landslide at Shailyashikhar Municipality-9,25-07-2018,80.51731439,29.65293628,80.56982018,29.71384281
38869,Landslide at Mahankal Rural Municipality-3,25-07-2018,85.37688265,27.47166413,85.42257847,27.52103983
38872,Landslide at Konjyosom Rural Municipality-5,25-07-2018,85.36171649,27.53742433,85.40364554,27.5637285
38878,Landslide at Galchi Rural Municipality-2,25-07-2018,84.92767747,27.81041612,84.99483508,27.84763693
38867,Landslide at Alital Rural Municipality-3,24-07-2018,80.42978267,29.12482712,80.53868024,29.23661865
38877,Landslide at Likhupike Rural Municipality-2,24-07-2018,86.3556032,27.48469742,86.46618001,27.55111244
38838,Landslide at Sunil Smriti Rural Municipality-8,23-07-2018,82.72587155,28.17766261,82.7911441,28.22032565
38842,Landslide at Bhotkhola Rural Municipality-3,23-07-2018,87.29057924,27.71507891,87.3827142,27.83045603
38820,Landslide at Khaptadchhanna Rural Municipality-1,21-07-2018,81.08774065,29.44800272,81.13695343,29.49461494
38797,Landslide at Junichande Rural Municipality-6,20-07-2018,81.98136885,28.83936976,82.08416668,28.95607895
38776,Landslide at Suryagadhi Rural Municipality-3,19-07-2018,85.20114155,27.92172079,85.24157373,27.96202433
38780,Landslide at Bidur Municipality-2,19-07-2018,85.14203073,27.88833532,85.17940635,27.92422372
38781,Landslide at Siranchok Rural Municipality-8,19-07-2018,84.58866403,28.09456668,84.66644377,28.15068824
38782,Landslide at Tadi Rural Municipality-5,19-07-2018,85.28026132,27.91252927,85.30618931,27.95037817
38793,Landslide at Shivapuri Rural Municipality-3,19-07-2018,85.33588238,27.85878844,85.39982141,27.89182242
38760,Landslide at Sahid Lakhan Rural Municipality-6,18-07-2018,84.6394867,27.89158386,84.69019452,27.95364522
38761,Landslide at Sahid Lakhan Rural Municipality-7,18-07-2018,84.64849593,27.94895903,84.68989016,27.9980124
38762,Landslide at Aarughat Rural Municipality-2,18-07-2018,84.8541186,28.09997072,84.91530098,28.14948
38764,Landslide at Dharche Rural Municipality-3,18-07-2018,84.74876811,28.23077164,84.9086908,28.37644212
38766,Landslide at Dhorpatan Municipality-1,18-07-2018,83.15847688,28.3164858,83.1862113,28.33854047
38767,Landslide at Dhorpatan Municipality-1,18-07-2018,83.15847688,28.3164858,83.1862113,28.33854047
39050,Landslide at Mellekh Rural Municipality-4,18-07-2018,81.24826792,29.26452972,81.32496792,29.31499496
38748,Landslide at Salpasilichho Rural Municipality-3,17-07-2018,87.02187231,27.40050758,87.09726851,27.4479362
38753,Landslide at Kushma Municipality-10,17-07-2018,83.69072225,28.18684882,83.72463574,28.22469922
38754,Landslide at Kushma Municipality-10,17-07-2018,83.69072225,28.18684882,83.72463574,28.22469922
38755,Landslide at Shivapuri Rural Municipality-8,17-07-2018,85.27870597,27.81951592,85.31069399,27.86796404
38758,Landslide at Sundarbazar Municipality-9,17-07-2018,84.41962758,28.12918908,84.44361343,28.15101579
38736,Landslide at Sukidaha Rural Municipality-4,16-07-2018,82.40533028,28.47466952,82.44501277,28.52877568
38725,Landslide at Diktel Rupakot Majhuwagadhi Municipality-12,15-07-2018,86.75102391,27.2846293,86.79476463,27.32281222
38703,Landslide at Umakunda Rural Municipality-4,14-07-2018,86.25661261,27.48525612,86.31151429,27.57403244
38704,Landslide at Changunarayan Municipality-7,14-07-2018,85.44469648,27.67591621,85.52169338,27.70775697
38713,Landslide at Molung Rural Municipality-7,14-07-2018,86.39243565,27.37794251,86.4568274,27.43604303
38714,Landslide at Tadi Rural Municipality-1,14-07-2018,85.30668745,27.95381046,85.37272136,28.01881356
38720,Landslide at Bhimeshwor Municipality-3,14-07-2018,86.0373866,27.65327628,86.07141591,27.68425648
38721,Landslide at Bigu Rural Municipality-5,14-07-2018,86.09519648,27.78059869,86.16196655,27.88331999
38682,Landslide at Solududhakunda Municipality-7,13-07-2018,86.55134108,27.43009639,86.61501006,27.47762581
38686,Landslide at Panauti Municipality-2,13-07-2018,85.38692057,27.5570942,85.49056538,27.59227232
38688,Landslide at Changunarayan Municipality-5,13-07-2018,85.43337872,27.68247022,85.4771421,27.72081055
38699,Landslide at Sahid Lakhan Rural Municipality-9,13-07-2018,84.67967594,27.91680709,84.7397678,27.95496328
38700,Landslide at Naukunda Rural Municipality-4,13-07-2018,85.25837196,27.96515143,85.3076946,27.99557954
38641,Landslide at Panauti Municipality-2,12-07-2018,85.38692057,27.5570942,85.49056538,27.59227232
38642,Landslide at Banepa Municipality-7,12-07-2018,85.52053113,27.6176671,85.53159273,27.63361123
38643,Landslide at Banepa Municipality-2,12-07-2018,85.50094832,27.65703346,85.53985396,27.69431913
38644,Landslide at Roshi Rural Municipality-9,12-07-2018,85.68801981,27.43787783,85.7532052,27.49952876
38645,Landslide at Panauti Municipality-3,12-07-2018,85.4505051,27.58303876,85.49279726,27.61526786
38647,Landslide at Changunarayan Municipality-7,12-07-2018,85.44469648,27.67591621,85.52169338,27.70775697
38662,Landslide at Belkotgadhi Municipality-1,12-07-2018,85.14046186,27.79427799,85.19712827,27.82073344
38663,Landslide at Melamchi Municipality-4,12-07-2018,85.45125833,27.81738641,85.50875216,27.89001343
38664,Landslide at Mandandeupur Municipality-2,12-07-2018,85.51948374,27.68901742,85.56667281,27.74235901
38668,Landslide at Bidur Municipality-2,12-07-2018,85.14203073,27.88833532,85.17940635,27.92422372
38648,Landslide at Gangadev Rural Municipality-6,11-07-2018,84.64961558,28.05248085,84.7142387,28.09886251
38653,Landslide at Nisikhola Rural Municipality-2,11-07-2018,83.07632075,28.33620784,83.12272516,28.37436787
38659,Landslide at Nisikhola Rural Municipality-2,11-07-2018,83.07632075,28.33620784,83.12272516,28.37436787
38665,Landslide at Gokulganga Rural Municipality-3,11-07-2018,86.16996592,27.51787934,86.24690545,27.59086026
38666,Landslide at Doramba Rural Municipality-2,11-07-2018,85.90641601,27.49596759,85.96895907,27.55608478
38667,Landslide at Umakunda Rural Municipality-6,11-07-2018,86.21283493,27.49380262,86.281209,27.54937926
38628,Landslide at Jiri Municipality-1,10-07-2018,86.25246622,27.63525408,86.42756951,27.7735968
38631,Landslide at Doramba Rural Municipality-4,10-07-2018,85.85640835,27.55171599,85.97597573,27.61465641
38633,Landslide at Shivapuri Rural Municipality-1,10-07-2018,85.39542578,27.81623169,85.43649374,27.85671011
38649,Landslide at Naugad Rural Municipality-1,10-07-2018,80.64424719,29.78803776,80.74988102,29.87541236
38650,Landslide at Naugad Rural Municipality-4,10-07-2018,80.66295143,29.73507871,80.738588,29.81274223
38651,Landslide at Naugad Rural Municipality-5,10-07-2018,80.64047847,29.72388168,80.69510601,29.77111069
38652,Landslide at Byas Rural Municipality-5,10-07-2018,80.57935487,29.92554013,80.62663414,29.96424017
38618,Landslide at Ruru Rural Municipality-1,09-07-2018,83.39293682,27.93066775,83.44711729,27.96219147
38620,Landslide at Helambu Rural Municipality-5,09-07-2018,85.4762997,27.85543366,85.51864369,27.91599954
38629,Landslide at Falelung Rural Municipality-3,09-07-2018,87.88400528,27.18130086,88.01563673,27.24440005
38630,Landslide at Maijogmai Rural Municipality-3,09-07-2018,87.98217672,26.90586601,88.04030728,26.94830112
38607,Landslide at Maijogmai Rural Municipality-6,08-07-2018,87.9613078,26.96559097,88.02569685,27.01194158
38608,Landslide at Hupsekot Rural Municipality-6,08-07-2018,83.92426268,27.701515,84.03301468,27.77293227
38596,Landslide at Silichong Rural Municipality-3,06-07-2018,87.01473486,27.45723366,87.14025494,27.58578871
38597,Landslide at Chichila Rural Municipality-3,06-07-2018,87.19294599,27.47860213,87.24169988,27.52812301
38567,Landslide at Pokhara Lekhnath Metropolitan City-5,05-07-2018,83.96768802,28.21191648,83.98326377,28.22940795
38568,Landslide at Pokhara Lekhnath Metropolitan City-18,05-07-2018,83.91965585,28.21677441,83.98254054,28.2600801
38573,Landslide at Pokhara Lekhnath Metropolitan City-18,05-07-2018,83.91965585,28.21677441,83.98254054,28.2600801
38576,Landslide at Annapurna Rural Municipality-1,05-07-2018,83.85840284,28.25483801,83.88442302,28.2914855
38577,Landslide at Golanjor Rural Municipality-4,04-07-2018,85.98350605,27.18507259,86.1169914,27.25228742
38544,Landslide at Rolpa Municipality-10,03-07-2018,82.63861451,28.31188035,82.71498855,28.43185747
38545,Landslide at Dharche Rural Municipality-5,03-07-2018,84.77574082,28.16370382,84.87698767,28.34008661
38546,Landslide at Gorkha Municipality-11,03-07-2018,84.56184545,27.95682898,84.58743552,27.9875425
38554,Landslide at Khandbari Municipality-5,03-07-2018,87.19874075,27.40566151,87.23022235,27.44987077
38514,Landslide at Diktel Rupakot Majhuwagadhi Municipality-12,02-07-2018,86.75102391,27.2846293,86.79476463,27.32281222
38515,Landslide at Indrasarowar Rural Municipality-1,02-07-2018,85.13080862,27.57773393,85.18373949,27.6367773
38516,Landslide at Gurbhakot Municipality-1,02-07-2018,81.8901976,28.33730674,81.98162052,28.37762547
38528,Landslide at Thaha Municipality-7,02-07-2018,84.98297927,27.63338429,85.04766648,27.69608813
38529,Landslide at Biruwa Rural Municipality-2,02-07-2018,83.84731051,28.02258365,83.89550222,28.06125843
38539,Landslide at Chichila Rural Municipality-4,02-07-2018,87.22850451,27.45910228,87.27366596,27.5122599
38541,Landslide at Banfikot Rural Municipality-6,02-07-2018,82.42511763,28.69332702,82.46256074,28.74604354
38556,Landslide at Rolpa Municipality-10,02-07-2018,82.63861451,28.31188035,82.71498855,28.43185747
38477,Landslide at Aarughat Rural Municipality-2,28-06-2018,84.8541186,28.09997072,84.91530098,28.14948
38467,Landslide at Netrawati Dabjong Rural Municipality-1,27-06-2018,84.92008082,28.00038689,84.99090156,28.03111331
38468,Landslide at Khaniyabash Rural Municipality-5,27-06-2018,84.96555128,28.02499941,85.06224508,28.06724951
38474,Landslide at Netrawati Dabjong Rural Municipality-1,27-06-2018,84.92008082,28.00038689,84.99090156,28.03111331
38475,Landslide at Gangajamuna Rural Municipality-4,27-06-2018,84.91194929,28.01694183,84.96192836,28.06148907
38452,Landslide at Arjunchaupari Rural Municipality-5,26-06-2018,83.70530811,28.10737612,83.75247036,28.14908428
38435,Landslide at Dhorpatan Municipality-4,25-06-2018,83.17771771,28.31772508,83.30396167,28.39246398
38437,Landslide at Bhirkot Municipality-1,25-06-2018,83.77743383,28.01874888,83.82349115,28.06250985
38442,Landslide at Galkot Municipality-10,25-06-2018,83.28205608,28.22492314,83.38020756,28.3388978
38443,Landslide at Galkot Municipality-6,25-06-2018,83.41777201,28.21585545,83.44941649,28.26505285
38423,Landslide at Waling Municipality-10,24-06-2018,83.72421826,27.95303405,83.77386804,27.97914793
38383,Landslide at Menchayam Rural Municipality-1,21-06-2018,87.52536291,27.20182893,87.56500105,27.23380492
38390,Landslide at Gauriganga Municipality-3,21-06-2018,80.67541492,28.75499794,80.72871777,28.81070007
38376,Landslide at Gorkha Municipality-12,20-06-2018,84.54675219,27.93828829,84.57975746,27.97458849
38358,Landslide at Bhirkot Municipality-8,18-06-2018,83.70842626,28.02509685,83.76918943,28.08610574
38368,Landslide at Tokha Municipality-11,18-06-2018,85.31193585,27.73898223,85.3225831,27.74525619
38346,Landslide at Jaimini Municipality-10,17-06-2018,83.52930853,28.1256854,83.58728681,28.16227624
38348,Landslide at Ichchhyakamana Rural Municipality-6,17-06-2018,84.49429017,27.77624768,84.58991335,27.83920784
38349,Landslide at Galkot Municipality-2,17-06-2018,83.43484021,28.21449136,83.47948187,28.24882763
38350,Landslide at Mandandeupur Municipality-8,17-06-2018,85.59013727,27.68683725,85.62379212,27.71430725
38352,Landslide at Bagmati Rural Municipality-2,17-06-2018,85.23396836,27.47066359,85.28435887,27.53530666
38353,Landslide at Kakani Rural Municipality-4,17-06-2018,85.19209189,27.80622527,85.24732536,27.84350716
38354,Landslide at Gokulganga Rural Municipality-6,17-06-2018,86.12263944,27.44953935,86.1854825,27.49609999
38355,Landslide at Biruwa Rural Municipality-5,17-06-2018,83.89679554,27.99246592,83.93905682,28.04045846
38356,Landslide at Sirijangha Rural Municipality-1,17-06-2018,87.79869039,27.29233282,87.84782176,27.32698997
38328,Landslide at Sirijangha Rural Municipality-7,16-06-2018,87.86918665,27.3663403,87.98145293,27.44107046
38341,Landslide at Indrasarowar Rural Municipality-2,16-06-2018,85.13133756,27.55483781,85.20522155,27.61652729
38344,Landslide at Galkot Municipality-1,16-06-2018,83.45092952,28.17387426,83.51380371,28.23916936
38313,Landslide at Aandhikhola Rural Municipality-5,15-06-2018,83.80404604,28.13827806,83.85696306,28.17745175
38318,Landslide at Pathibhara Yangwarak Rural Municipality-3,15-06-2018,87.70959416,27.32063857,87.78187243,27.37779919
38330,Landslide at Khandbari Municipality-7,15-06-2018,87.20220932,27.36909377,87.23760611,27.40124225
38336,Landslide at Sidingba Rural Municipality-6,15-06-2018,87.85162593,27.32806967,87.91242816,27.37096224
38306,Landslide at Waling Municipality-8,14-06-2018,83.75490527,27.93278748,83.79975324,27.9851295
38223,Landslide at MadhyaNepal Municipality-7,07-06-2018,84.21333508,28.14900002,84.25723492,28.18861814
38229,"Landslide at Banphikot-7, Banfikot Rural Municipality-6",06-06-2018,82.42511763,28.69332702,82.46256074,28.74604354
38190,Landslide at Phaktanglung Rural Municipality-2,05-06-2018,87.65197062,27.43371812,87.72122095,27.49857595
38172,Landslide at Ichchhyakamana Rural Municipality-6,03-06-2018,84.49429017,27.77624768,84.58991335,27.83920784
38176,Landslide at Laligurans Municipality-7,03-06-2018,87.42522924,27.1204794,87.46476256,27.18022395
38145,Landslide at Shivaraj Municipality-1,01-06-2018,82.80351391,27.65611555,82.9183395,27.79578598
38146,Landslide at Subha Kalika Rural Municipality-1,01-06-2018,81.56181514,29.06285707,81.58446408,29.10803711
38147,Landslide at Apihimal Rural Municipality-6,01-06-2018,80.72150068,29.774431,80.83223736,29.92995108
38148,Landslide at Mathagadhi Rural Municipality-1,01-06-2018,83.59887623,27.8165172,83.66574946,27.87199622
38149,Landslide at Tinau Rural Municipality-3,01-06-2018,83.46107837,27.70502737,83.5877999,27.78384995
38133,Landslide at Thawang Rural Municipality-3,31-05-2018,82.61389033,28.42111135,82.71325054,28.49499299
38135,Landslide at Mahakulung Rural Municipality-1,31-05-2018,86.79472411,27.49051735,86.84193331,27.56815059
38124,Landslide at Godawari_Lalitpur Municipality-6,30-05-2018,85.28680951,27.53753917,85.33129607,27.58270532
38043,Landslide at Tinau Rural Municipality-3,24-05-2018,83.46107837,27.70502737,83.5877999,27.78384995
38053,Landslide at Makalu Rural Municipality-3,24-05-2018,87.27348777,27.55282914,87.35981243,27.66712943
38054,Landslide at Makalu Rural Municipality-3,24-05-2018,87.27348777,27.55282914,87.35981243,27.66712943
38048,Landslide at Bhimeshwor Municipality-3,23-05-2018,86.0373866,27.65327628,86.07141591,27.68425648
38008,Landslide at Bharatpur Metropolitan City-29,20-05-2018,84.42988955,27.71140817,84.52593657,27.82442208
38007,Landslide at Sisne Rural Municipality-7,19-05-2018,82.53752233,28.60962327,82.57834717,28.64705082
37903,Landslide at Annapurna Rural Municipality-2,14-05-2018,83.572727,28.47114196,83.65522375,28.51211401
37879,Landslide at Dharche Rural Municipality-3,12-05-2018,84.74876811,28.23077164,84.9086908,28.37644212
37814,Landslide at Tripurasundari Municipality-6,08-05-2018,82.62989621,28.99001252,82.77451219,29.05138528
37722,Landslide at Narayan Municipality-11,01-05-2018,81.73584331,28.80633854,81.82088176,28.85842237
37717,Landslide at Malika Rural Municipality-2,30-04-2018,83.13299372,28.22677388,83.17423267,28.27085004
37656,Landslide at Dharche Rural Municipality-3,24-04-2018,84.74876811,28.23077164,84.9086908,28.37644212
37370,Landslide at Katari Municipality-12,02-04-2018,86.34573551,27.03236435,86.40205606,27.09840872
37136,Landslide at Gokulganga Rural Municipality-1,14-03-2018,86.29125782,27.57327325,86.42043158,27.71904002
37032,Landslide at Badigad Rural Municipality-10,06-03-2018,83.09357093,28.25015715,83.14393114,28.29479524
36869,Landslide at Neelakantha Municipality-13,16-02-2018,84.87864237,27.92397963,84.95226365,27.96753247
